Started GET "/" for ::1 at 2025-11-29 10:24:45 +0100
  [1m[35m (0.2ms)[0m  [1m[35mCREATE TABLE "schema_migrations" ("version" varchar NOT NULL PRIMARY KEY) /*application='Demo'*/[0m
  [1m[35m (0.1ms)[0m  [1m[35mCREATE TABLE "ar_internal_metadata" ("key" varchar NOT NULL PRIMARY KEY, "value" varchar, "created_at" datetime(6) NOT NULL, "updated_at" datetime(6) NOT NULL) /*application='Demo'*/[0m
  [1m[36mActiveRecord::SchemaMigration Load (0.1ms)[0m  [1m[34mSELECT "schema_migrations"."version" FROM "schema_migrations" ORDER BY "schema_migrations"."version" ASC /*application='Demo'*/[0m
Processing by Rails::WelcomeController#index as HTML
  Rendering /Users/nicbet/.rbenv/versions/3.4.7/lib/ruby/gems/3.4.0/gems/railties-8.1.1/lib/rails/templates/rails/welcome/index.html.erb
  Rendered /Users/nicbet/.rbenv/versions/3.4.7/lib/ruby/gems/3.4.0/gems/railties-8.1.1/lib/rails/templates/rails/welcome/index.html.erb (Duration: 0.3ms | GC: 0.0ms)
Completed 200 OK in 14ms (Views: 4.2ms | ActiveRecord: 0.0ms (0 queries, 0 cached) | GC: 0.0ms)


Started GET "/" for ::1 at 2025-11-29 10:25:39 +0100
Processing by StaticPagesController#index as HTML
  Rendering layout layouts/application.html.erb
  Rendering static_pages/index.html.orb within layouts/application
  Rendered static_pages/index.html.orb within layouts/application (Duration: 22.6ms | GC: 11.3ms)
  Rendered layout layouts/application.html.erb (Duration: 28.6ms | GC: 13.0ms)
Completed 200 OK in 44ms (Views: 29.7ms | ActiveRecord: 0.0ms (0 queries, 0 cached) | GC: 13.0ms)


Started GET "/" for ::1 at 2025-11-29 10:26:16 +0100
Processing by StaticPagesController#index as HTML
  Rendering layout layouts/application.html.erb
  Rendering static_pages/index.html.orb within layouts/application
  Rendered static_pages/index.html.orb within layouts/application (Duration: 0.6ms | GC: 0.0ms)
  Rendered layout layouts/application.html.erb (Duration: 8.9ms | GC: 0.1ms)
Completed 500 Internal Server Error in 10ms (ActiveRecord: 0.0ms (0 queries, 0 cached) | GC: 0.1ms)


  
ActionView::Template::Error (The asset 'orbital/index.css' was not found in the load path.)
Caused by: Propshaft::MissingAssetError (The asset 'orbital/index.css' was not found in the load path.)

Information for: ActionView::Template::Error (The asset 'orbital/index.css' was not found in the load path.):
    20: 
    21:     <%# Include Orbital %>
    22:     <%= stylesheet_link_tag 'orbital/index', "data-turbo-track": "reload" %>
    23:     <%= javascript_include_tag 'orbital/index', "data-turbo-track": "reload", type: "module" %>
    24: 
    25:     <%# Includes all stylesheet files in app/assets/stylesheets %>
    26:     <%= stylesheet_link_tag :app, "data-turbo-track": "reload" %>
  
app/views/layouts/application.html.erb:23

Information for cause: Propshaft::MissingAssetError (The asset 'orbital/index.css' was not found in the load path.):
  
app/views/layouts/application.html.erb:23
Started GET "/favicon.ico" for ::1 at 2025-11-29 10:26:16 +0100
  
ActionController::RoutingError (No route matches [GET] "/favicon.ico"):
  
Started GET "/" for ::1 at 2025-11-29 10:27:02 +0100
Processing by StaticPagesController#index as HTML
  Rendering layout layouts/application.html.erb
  Rendering static_pages/index.html.orb within layouts/application
  Rendered static_pages/index.html.orb within layouts/application (Duration: 0.0ms | GC: 0.0ms)
  Rendered layout layouts/application.html.erb (Duration: 0.7ms | GC: 0.0ms)
Completed 500 Internal Server Error in 2ms (ActiveRecord: 0.0ms (0 queries, 0 cached) | GC: 0.0ms)


  
ActionView::Template::Error (The asset 'orbital/index.css' was not found in the load path.)
Caused by: Propshaft::MissingAssetError (The asset 'orbital/index.css' was not found in the load path.)

Information for: ActionView::Template::Error (The asset 'orbital/index.css' was not found in the load path.):
    20: 
    21:     <%# Include Orbital %>
    22:     <%= stylesheet_link_tag 'orbital/index', "data-turbo-track": "reload" %>
    23:     <%= javascript_include_tag 'orbital/index', "data-turbo-track": "reload", type: "module" %>
    24: 
    25:     <%# Includes all stylesheet files in app/assets/stylesheets %>
    26:     <%= stylesheet_link_tag :app, "data-turbo-track": "reload" %>
  
app/views/layouts/application.html.erb:23

Information for cause: Propshaft::MissingAssetError (The asset 'orbital/index.css' was not found in the load path.):
  
app/views/layouts/application.html.erb:23
Started GET "/" for ::1 at 2025-11-29 10:27:04 +0100
Processing by StaticPagesController#index as HTML
  Rendering layout layouts/application.html.erb
  Rendering static_pages/index.html.orb within layouts/application
  Rendered static_pages/index.html.orb within layouts/application (Duration: 0.0ms | GC: 0.0ms)
  Rendered layout layouts/application.html.erb (Duration: 1.0ms | GC: 0.4ms)
Completed 500 Internal Server Error in 2ms (ActiveRecord: 0.0ms (0 queries, 0 cached) | GC: 0.4ms)


  
ActionView::Template::Error (The asset 'orbital/index.css' was not found in the load path.)
Caused by: Propshaft::MissingAssetError (The asset 'orbital/index.css' was not found in the load path.)

Information for: ActionView::Template::Error (The asset 'orbital/index.css' was not found in the load path.):
    20: 
    21:     <%# Include Orbital %>
    22:     <%= stylesheet_link_tag 'orbital/index', "data-turbo-track": "reload" %>
    23:     <%= javascript_include_tag 'orbital/index', "data-turbo-track": "reload", type: "module" %>
    24: 
    25:     <%# Includes all stylesheet files in app/assets/stylesheets %>
    26:     <%= stylesheet_link_tag :app, "data-turbo-track": "reload" %>
  
app/views/layouts/application.html.erb:23

Information for cause: Propshaft::MissingAssetError (The asset 'orbital/index.css' was not found in the load path.):
  
app/views/layouts/application.html.erb:23
Started GET "/" for ::1 at 2025-11-29 10:31:38 +0100
  [1m[36mActiveRecord::SchemaMigration Load (0.1ms)[0m  [1m[34mSELECT "schema_migrations"."version" FROM "schema_migrations" ORDER BY "schema_migrations"."version" ASC /*application='Demo'*/[0m
Processing by StaticPagesController#index as HTML
  Rendering layout layouts/application.html.erb
  Rendering static_pages/index.html.orb within layouts/application
  Rendered static_pages/index.html.orb within layouts/application (Duration: 7.2ms | GC: 0.0ms)
  Rendered layout layouts/application.html.erb (Duration: 13.1ms | GC: 0.0ms)
Completed 500 Internal Server Error in 22ms (ActiveRecord: 0.0ms (0 queries, 0 cached) | GC: 0.0ms)


  
ActionView::Template::Error (The asset 'orbital/index.css' was not found in the load path.)
Caused by: Propshaft::MissingAssetError (The asset 'orbital/index.css' was not found in the load path.)

Information for: ActionView::Template::Error (The asset 'orbital/index.css' was not found in the load path.):
    20: 
    21:     <%# Include Orbital %>
    22:     <%= stylesheet_link_tag 'orbital/index', "data-turbo-track": "reload" %>
    23:     <%= javascript_include_tag 'orbital/index', "data-turbo-track": "reload", type: "module" %>
    24: 
    25:     <%# Includes all stylesheet files in app/assets/stylesheets %>
    26:     <%= stylesheet_link_tag :app, "data-turbo-track": "reload" %>
  
app/views/layouts/application.html.erb:23

Information for cause: Propshaft::MissingAssetError (The asset 'orbital/index.css' was not found in the load path.):
  
app/views/layouts/application.html.erb:23
Started GET "/" for ::1 at 2025-11-29 10:33:02 +0100
Processing by StaticPagesController#index as HTML
  Rendering layout layouts/application.html.erb
  Rendering static_pages/index.html.orb within layouts/application
  Rendered static_pages/index.html.orb within layouts/application (Duration: 0.0ms | GC: 0.0ms)
  Rendered layout layouts/application.html.erb (Duration: 0.6ms | GC: 0.0ms)
Completed 500 Internal Server Error in 2ms (ActiveRecord: 0.0ms (0 queries, 0 cached) | GC: 0.0ms)


  
ActionView::Template::Error (The asset 'orbital/index.css' was not found in the load path.)
Caused by: Propshaft::MissingAssetError (The asset 'orbital/index.css' was not found in the load path.)

Information for: ActionView::Template::Error (The asset 'orbital/index.css' was not found in the load path.):
    20: 
    21:     <%# Include Orbital %>
    22:     <%= stylesheet_link_tag 'orbital/index', "data-turbo-track": "reload" %>
    23:     <%= javascript_include_tag 'orbital/index', "data-turbo-track": "reload", type: "module" %>
    24: 
    25:     <%# Includes all stylesheet files in app/assets/stylesheets %>
    26:     <%= stylesheet_link_tag :app, "data-turbo-track": "reload" %>
  
app/views/layouts/application.html.erb:23

Information for cause: Propshaft::MissingAssetError (The asset 'orbital/index.css' was not found in the load path.):
  
app/views/layouts/application.html.erb:23
Started GET "/" for ::1 at 2025-11-29 10:33:10 +0100
  [1m[36mActiveRecord::SchemaMigration Load (0.2ms)[0m  [1m[34mSELECT "schema_migrations"."version" FROM "schema_migrations" ORDER BY "schema_migrations"."version" ASC /*application='Demo'*/[0m
Processing by StaticPagesController#index as HTML
  Rendering layout layouts/application.html.erb
  Rendering static_pages/index.html.orb within layouts/application
  Rendered static_pages/index.html.orb within layouts/application (Duration: 7.3ms | GC: 0.0ms)
  Rendered layout layouts/application.html.erb (Duration: 13.7ms | GC: 0.0ms)
Completed 500 Internal Server Error in 22ms (ActiveRecord: 0.0ms (0 queries, 0 cached) | GC: 0.0ms)


  
ActionView::Template::Error (The asset 'orbital/index.css' was not found in the load path.)
Caused by: Propshaft::MissingAssetError (The asset 'orbital/index.css' was not found in the load path.)

Information for: ActionView::Template::Error (The asset 'orbital/index.css' was not found in the load path.):
    20: 
    21:     <%# Include Orbital %>
    22:     <%= stylesheet_link_tag 'orbital/index', "data-turbo-track": "reload" %>
    23:     <%= javascript_include_tag 'orbital/index', "data-turbo-track": "reload", type: "module" %>
    24: 
    25:     <%# Includes all stylesheet files in app/assets/stylesheets %>
    26:     <%= stylesheet_link_tag :app, "data-turbo-track": "reload" %>
  
app/views/layouts/application.html.erb:23

Information for cause: Propshaft::MissingAssetError (The asset 'orbital/index.css' was not found in the load path.):
  
app/views/layouts/application.html.erb:23
Started GET "/" for ::1 at 2025-11-29 10:33:11 +0100
Processing by StaticPagesController#index as HTML
  Rendering layout layouts/application.html.erb
  Rendering static_pages/index.html.orb within layouts/application
  Rendered static_pages/index.html.orb within layouts/application (Duration: 0.0ms | GC: 0.0ms)
  Rendered layout layouts/application.html.erb (Duration: 1.0ms | GC: 0.0ms)
Completed 500 Internal Server Error in 2ms (ActiveRecord: 0.0ms (0 queries, 0 cached) | GC: 0.0ms)


  
ActionView::Template::Error (The asset 'orbital/index.css' was not found in the load path.)
Caused by: Propshaft::MissingAssetError (The asset 'orbital/index.css' was not found in the load path.)

Information for: ActionView::Template::Error (The asset 'orbital/index.css' was not found in the load path.):
    20: 
    21:     <%# Include Orbital %>
    22:     <%= stylesheet_link_tag 'orbital/index', "data-turbo-track": "reload" %>
    23:     <%= javascript_include_tag 'orbital/index', "data-turbo-track": "reload", type: "module" %>
    24: 
    25:     <%# Includes all stylesheet files in app/assets/stylesheets %>
    26:     <%= stylesheet_link_tag :app, "data-turbo-track": "reload" %>
  
app/views/layouts/application.html.erb:23

Information for cause: Propshaft::MissingAssetError (The asset 'orbital/index.css' was not found in the load path.):
  
app/views/layouts/application.html.erb:23
Started GET "/" for ::1 at 2025-11-29 10:34:48 +0100
  [1m[36mActiveRecord::SchemaMigration Load (0.1ms)[0m  [1m[34mSELECT "schema_migrations"."version" FROM "schema_migrations" ORDER BY "schema_migrations"."version" ASC /*application='Demo'*/[0m
Processing by StaticPagesController#index as HTML
  Rendering layout layouts/application.html.erb
  Rendering static_pages/index.html.orb within layouts/application
  Rendered static_pages/index.html.orb within layouts/application (Duration: 17.9ms | GC: 10.0ms)
  Rendered layout layouts/application.html.erb (Duration: 25.2ms | GC: 10.6ms)
Completed 200 OK in 33ms (Views: 26.7ms | ActiveRecord: 0.0ms (0 queries, 0 cached) | GC: 10.6ms)


Started GET "/" for ::1 at 2025-11-29 10:35:10 +0100
Processing by StaticPagesController#index as HTML
  Rendering layout layouts/application.html.erb
  Rendering static_pages/index.html.orb within layouts/application
  Rendered static_pages/index.html.orb within layouts/application (Duration: 0.8ms | GC: 0.0ms)
  Rendered layout layouts/application.html.erb (Duration: 1.5ms | GC: 0.0ms)
Completed 200 OK in 3ms (Views: 2.3ms | ActiveRecord: 0.0ms (0 queries, 0 cached) | GC: 0.0ms)


Started GET "/" for ::1 at 2025-11-29 10:35:55 +0100
Processing by StaticPagesController#index as HTML
  Rendering layout layouts/application.html.erb
  Rendering static_pages/index.html.orb within layouts/application
  Rendered static_pages/index.html.orb within layouts/application (Duration: 0.0ms | GC: 0.0ms)
  Rendered layout layouts/application.html.erb (Duration: 1.2ms | GC: 0.0ms)
Completed 200 OK in 2ms (Views: 1.4ms | ActiveRecord: 0.0ms (0 queries, 0 cached) | GC: 0.0ms)


Started GET "/components" for ::1 at 2025-11-29 10:49:46 +0100
  [1m[36mActiveRecord::SchemaMigration Load (0.1ms)[0m  [1m[34mSELECT "schema_migrations"."version" FROM "schema_migrations" ORDER BY "schema_migrations"."version" ASC /*application='Demo'*/[0m
Processing by StaticPagesController#components as HTML
  Rendering layout layouts/application.html.erb
  Rendering static_pages/components.html.erb within layouts/application
  Rendered static_pages/components.html.erb within layouts/application (Duration: 11.5ms | GC: 8.5ms)
  Rendered layout layouts/application.html.erb (Duration: 11.7ms | GC: 8.5ms)
Completed 500 Internal Server Error in 18ms (ActiveRecord: 0.0ms (0 queries, 0 cached) | GC: 8.5ms)


  
ActionView::Template::Error (uninitialized constant ViewComponent)
Caused by: NameError (uninitialized constant ViewComponent)

Information for: ActionView::Template::Error (uninitialized constant ViewComponent):
    1: <div class="container mx-auto py-10 space-y-10">
    2:   <section>
    3:     <%= render Orbital::Typography.new(variant: :h1) { "Components Demo" } %>
    4:     <%= render Orbital::Typography.new(variant: :lead) { "A demonstration of the ported shadcn-ui components." } %>
    5:   </section>
    6: 
    7:   <section class="space-y-4">
  
app/views/static_pages/components.html.erb:4

Information for cause: NameError (uninitialized constant ViewComponent):
  
app/views/static_pages/components.html.erb:4
Started GET "/favicon.ico" for ::1 at 2025-11-29 10:49:47 +0100
  
ActionController::RoutingError (No route matches [GET] "/favicon.ico"):
  
Started GET "/components" for ::1 at 2025-11-29 10:50:28 +0100
  [1m[36mActiveRecord::SchemaMigration Load (0.1ms)[0m  [1m[34mSELECT "schema_migrations"."version" FROM "schema_migrations" ORDER BY "schema_migrations"."version" ASC /*application='Demo'*/[0m
Processing by StaticPagesController#components as HTML
  Rendering layout layouts/application.html.erb
  Rendering static_pages/components.html.erb within layouts/application
  Rendered static_pages/components.html.erb within layouts/application (Duration: 19.5ms | GC: 1.8ms)
  Rendered layout layouts/application.html.erb (Duration: 19.6ms | GC: 1.8ms)
Completed 500 Internal Server Error in 26ms (ActiveRecord: 0.0ms (0 queries, 0 cached) | GC: 2.6ms)


  
ActionView::Template::Error (wrong number of arguments (given 1, expected 0))
Caused by: ArgumentError (wrong number of arguments (given 1, expected 0))

Information for: ActionView::Template::Error (wrong number of arguments (given 1, expected 0)):
    1: <div class="container mx-auto py-10 space-y-10">
    2:   <section>
    3:     <%= render Orbital::Typography.new(variant: :h1) { "Components Demo" } %>
    4:     <%= render Orbital::Typography.new(variant: :lead) { "A demonstration of the ported shadcn-ui components." } %>
    5:   </section>
    6: 
    7:   <section class="space-y-4">
  
app/views/static_pages/components.html.erb:4

Information for cause: ArgumentError (wrong number of arguments (given 1, expected 0)):
  
app/views/static_pages/components.html.erb:4
Started GET "/components" for ::1 at 2025-11-29 10:51:51 +0100
Processing by StaticPagesController#components as HTML
  Rendering layout layouts/application.html.erb
  Rendering static_pages/components.html.erb within layouts/application
  Rendered static_pages/components.html.erb within layouts/application (Duration: 8.9ms | GC: 1.0ms)
  Rendered layout layouts/application.html.erb (Duration: 9.0ms | GC: 1.0ms)
Completed 500 Internal Server Error in 11ms (ActiveRecord: 0.0ms (0 queries, 0 cached) | GC: 1.3ms)


  
ActionView::Template::Error (Orbital::Card declares a slot named content, which is a reserved word in ViewComponent.

Content passed to a ViewComponent as a block is captured and assigned to the `content` accessor without having to create an explicit slot.

To fix this issue, either use the `content` accessor directly or choose a different slot name.)
Caused by: ViewComponent::ContentSlotNameError (Orbital::Card declares a slot named content, which is a reserved word in ViewComponent.

Content passed to a ViewComponent as a block is captured and assigned to the `content` accessor without having to create an explicit slot.

To fix this issue, either use the `content` accessor directly or choose a different slot name.)

Information for: ActionView::Template::Error (Orbital::Card declares a slot named content, which is a reserved word in ViewComponent.

Content passed to a ViewComponent as a block is captured and assigned to the `content` accessor without having to create an explicit slot.

To fix this issue, either use the `content` accessor directly or choose a different slot name.):
    45:     <%= render Orbital::Typography.new(variant: :h2) { "Card" } %>
    46:     <div class="w-[350px]">
    47:       <%= render Orbital::Card.new do |card| %>
    48:         <% card.header do |header| %>
    49:           <% header.title { "Create project" } %>
    50:           <% header.description { "Deploy your new project in one-click." } %>
    51:         <% end %>
  
app/views/static_pages/components.html.erb:48

Information for cause: ViewComponent::ContentSlotNameError (Orbital::Card declares a slot named content, which is a reserved word in ViewComponent.

Content passed to a ViewComponent as a block is captured and assigned to the `content` accessor without having to create an explicit slot.

To fix this issue, either use the `content` accessor directly or choose a different slot name.):
  
app/views/static_pages/components.html.erb:48
Started GET "/components" for ::1 at 2025-11-29 10:52:24 +0100
Processing by StaticPagesController#components as HTML
  Rendering layout layouts/application.html.erb
  Rendering static_pages/components.html.erb within layouts/application
  Rendered static_pages/components.html.erb within layouts/application (Duration: 7.3ms | GC: 0.0ms)
  Rendered layout layouts/application.html.erb (Duration: 12.2ms | GC: 0.0ms)
Completed 200 OK in 14ms (Views: 13.5ms | ActiveRecord: 0.0ms (0 queries, 0 cached) | GC: 0.0ms)


Started GET "/components" for ::1 at 2025-11-29 11:11:54 +0100
  [1m[36mActiveRecord::SchemaMigration Load (0.1ms)[0m  [1m[34mSELECT "schema_migrations"."version" FROM "schema_migrations" ORDER BY "schema_migrations"."version" ASC /*application='Demo'*/[0m
Processing by StaticPagesController#components as HTML
  Rendering layout layouts/application.html.erb
  Rendering static_pages/components.html.erb within layouts/application
  Rendered static_pages/components.html.erb within layouts/application (Duration: 21.1ms | GC: 2.2ms)
  Rendered layout layouts/application.html.erb (Duration: 28.0ms | GC: 2.2ms)
Completed 200 OK in 47ms (Views: 30.9ms | ActiveRecord: 0.0ms (0 queries, 0 cached) | GC: 11.8ms)


Started GET "/.well-known/appspecific/com.chrome.devtools.json" for ::1 at 2025-11-29 11:13:13 +0100
  
ActionController::RoutingError (No route matches [GET] "/.well-known/appspecific/com.chrome.devtools.json"):
  
Started GET "/" for ::1 at 2025-11-29 11:14:59 +0100
  [1m[36mActiveRecord::SchemaMigration Load (0.1ms)[0m  [1m[34mSELECT "schema_migrations"."version" FROM "schema_migrations" ORDER BY "schema_migrations"."version" ASC /*application='Demo'*/[0m
Processing by StaticPagesController#index as HTML
  Rendering layout layouts/application.html.erb
  Rendering static_pages/index.html.orb within layouts/application
  Rendered static_pages/index.html.orb within layouts/application (Duration: 9.5ms | GC: 1.3ms)
  Rendered layout layouts/application.html.erb (Duration: 17.2ms | GC: 2.1ms)
Completed 200 OK in 36ms (Views: 19.3ms | ActiveRecord: 0.0ms (0 queries, 0 cached) | GC: 11.3ms)


Started GET "/components" for ::1 at 2025-11-29 11:15:05 +0100
Processing by StaticPagesController#components as HTML
  Rendering layout layouts/application.html.erb
  Rendering static_pages/components.html.erb within layouts/application
  Rendered static_pages/components.html.erb within layouts/application (Duration: 20.6ms | GC: 0.0ms)
  Rendered layout layouts/application.html.erb (Duration: 21.2ms | GC: 0.0ms)
Completed 200 OK in 22ms (Views: 21.5ms | ActiveRecord: 0.0ms (0 queries, 0 cached) | GC: 0.0ms)


Started GET "/.well-known/appspecific/com.chrome.devtools.json" for ::1 at 2025-11-29 11:15:09 +0100
  
ActionController::RoutingError (No route matches [GET] "/.well-known/appspecific/com.chrome.devtools.json"):
  
Started GET "/components" for ::1 at 2025-11-29 11:16:54 +0100
Processing by StaticPagesController#components as HTML
  Rendering layout layouts/application.html.erb
  Rendering static_pages/components.html.erb within layouts/application
  Rendered static_pages/components.html.erb within layouts/application (Duration: 0.2ms | GC: 0.0ms)
  Rendered layout layouts/application.html.erb (Duration: 1.4ms | GC: 0.2ms)
Completed 200 OK in 3ms (Views: 2.4ms | ActiveRecord: 0.0ms (0 queries, 0 cached) | GC: 0.2ms)


Started GET "/.well-known/appspecific/com.chrome.devtools.json" for ::1 at 2025-11-29 11:16:54 +0100
  
ActionController::RoutingError (No route matches [GET] "/.well-known/appspecific/com.chrome.devtools.json"):
  
Started GET "/components" for ::1 at 2025-11-29 11:17:09 +0100
Processing by StaticPagesController#components as HTML
  Rendering layout layouts/application.html.erb
  Rendering static_pages/components.html.orb within layouts/application
  Rendered static_pages/components.html.orb within layouts/application (Duration: 3.1ms | GC: 0.0ms)
  Rendered layout layouts/application.html.erb (Duration: 3.2ms | GC: 0.0ms)
Completed 500 Internal Server Error in 4ms (ActiveRecord: 0.0ms (0 queries, 0 cached) | GC: 0.0ms)


  
ArgumentError (Reported error must be an Exception, got: #<SyntaxError:"/Volumes/Work/Scratch/orbital/orbital/app/components/orbital/button.rb:20: syntax error found\n  \e[2m18 | \e[m\n  \e[2m19 | \e[m    def html_attributes\n\e[1;31m> \e[m\e[2m20 | \e[m      **@system_arguments.merge(class: ...\n  \e[2m   | \e[m      \e[1;31m^~\e[m unexpected **, ignoring it\n  \e[2m21 | \e[m    end\n  \e[2m22 | \e[m\n">)
Caused by: SyntaxError (/Volumes/Work/Scratch/orbital/orbital/app/components/orbital/button.rb:20: syntax error found
  [2m18 | [m
  [2m19 | [m    def html_attributes
[1;31m> [m[2m20 | [m      **@system_arguments.merge(class: ...
  [2m   | [m      [1;31m^~[m unexpected **, ignoring it
  [2m21 | [m    end
  [2m22 | [m
)

Information for: ArgumentError (Reported error must be an Exception, got: #<SyntaxError:"/Volumes/Work/Scratch/orbital/orbital/app/components/orbital/button.rb:20: syntax error found\n  \e[2m18 | \e[m\n  \e[2m19 | \e[m    def html_attributes\n\e[1;31m> \e[m\e[2m20 | \e[m      **@system_arguments.merge(class: ...\n  \e[2m   | \e[m      \e[1;31m^~\e[m unexpected **, ignoring it\n  \e[2m21 | \e[m    end\n  \e[2m22 | \e[m\n">):
  
activesupport (8.1.1) lib/active_support/error_reporter.rb:235:in 'ActiveSupport::ErrorReporter#report'
actionpack (8.1.1) lib/action_dispatch/middleware/executor.rb:36:in 'ActionDispatch::Executor#call'
actionpack (8.1.1) lib/action_dispatch/middleware/actionable_exceptions.rb:18:in 'ActionDispatch::ActionableExceptions#call'
actionpack (8.1.1) lib/action_dispatch/middleware/debug_exceptions.rb:31:in 'ActionDispatch::DebugExceptions#call'
web-console (4.2.1) lib/web_console/middleware.rb:132:in 'WebConsole::Middleware#call_app'
web-console (4.2.1) lib/web_console/middleware.rb:28:in 'block in WebConsole::Middleware#call'
web-console (4.2.1) lib/web_console/middleware.rb:17:in 'Kernel#catch'
web-console (4.2.1) lib/web_console/middleware.rb:17:in 'WebConsole::Middleware#call'
actionpack (8.1.1) lib/action_dispatch/middleware/show_exceptions.rb:32:in 'ActionDispatch::ShowExceptions#call'
railties (8.1.1) lib/rails/rack/logger.rb:41:in 'Rails::Rack::Logger#call_app'
railties (8.1.1) lib/rails/rack/logger.rb:29:in 'Rails::Rack::Logger#call'
propshaft (1.3.1) lib/propshaft/quiet_assets.rb:11:in 'Propshaft::QuietAssets#call'
actionpack (8.1.1) lib/action_dispatch/middleware/remote_ip.rb:98:in 'ActionDispatch::RemoteIp#call'
actionpack (8.1.1) lib/action_dispatch/middleware/request_id.rb:34:in 'ActionDispatch::RequestId#call'
rack (3.2.4) lib/rack/method_override.rb:28:in 'Rack::MethodOverride#call'
rack (3.2.4) lib/rack/runtime.rb:24:in 'Rack::Runtime#call'
actionpack (8.1.1) lib/action_dispatch/middleware/server_timing.rb:61:in 'block in ActionDispatch::ServerTiming#call'
actionpack (8.1.1) lib/action_dispatch/middleware/server_timing.rb:26:in 'ActionDispatch::ServerTiming::Subscriber#collect_events'
actionpack (8.1.1) lib/action_dispatch/middleware/server_timing.rb:60:in 'ActionDispatch::ServerTiming#call'
actionpack (8.1.1) lib/action_dispatch/middleware/executor.rb:20:in 'ActionDispatch::Executor#call'
propshaft (1.3.1) lib/propshaft/server.rb:37:in 'Propshaft::Server#call'
actionpack (8.1.1) lib/action_dispatch/middleware/static.rb:27:in 'ActionDispatch::Static#call'
rack (3.2.4) lib/rack/sendfile.rb:131:in 'Rack::Sendfile#call'
actionpack (8.1.1) lib/action_dispatch/middleware/host_authorization.rb:143:in 'ActionDispatch::HostAuthorization#call'
railties (8.1.1) lib/rails/engine.rb:534:in 'Rails::Engine#call'
puma (7.1.0) lib/puma/configuration.rb:300:in 'Puma::Configuration::ConfigMiddleware#call'
puma (7.1.0) lib/puma/request.rb:101:in 'block in Puma::Request#handle_request'
puma (7.1.0) lib/puma/thread_pool.rb:355:in 'Puma::ThreadPool#with_force_shutdown'
puma (7.1.0) lib/puma/request.rb:100:in 'Puma::Request#handle_request'
puma (7.1.0) lib/puma/server.rb:503:in 'Puma::Server#process_client'
puma (7.1.0) lib/puma/server.rb:262:in 'block in Puma::Server#run'
puma (7.1.0) lib/puma/thread_pool.rb:182:in 'block in Puma::ThreadPool#spawn_thread'

Information for cause: SyntaxError (/Volumes/Work/Scratch/orbital/orbital/app/components/orbital/button.rb:20: syntax error found
  [2m18 | [m
  [2m19 | [m    def html_attributes
[1;31m> [m[2m20 | [m      **@system_arguments.merge(class: ...
  [2m   | [m      [1;31m^~[m unexpected **, ignoring it
  [2m21 | [m    end
  [2m22 | [m
):
  
app/views/static_pages/components.html.orb:1
Started GET "/.well-known/appspecific/com.chrome.devtools.json" for ::1 at 2025-11-29 11:17:10 +0100
  
ActionController::RoutingError (No route matches [GET] "/.well-known/appspecific/com.chrome.devtools.json"):
  
Started GET "/components" for ::1 at 2025-11-29 11:17:47 +0100
Processing by StaticPagesController#components as HTML
  Rendering layout layouts/application.html.erb
  Rendering static_pages/components.html.orb within layouts/application
  Rendered static_pages/components.html.orb within layouts/application (Duration: 1.4ms | GC: 0.0ms)
  Rendered layout layouts/application.html.erb (Duration: 1.5ms | GC: 0.0ms)
Completed 500 Internal Server Error in 3ms (ActiveRecord: 0.0ms (0 queries, 0 cached) | GC: 0.0ms)


  
ArgumentError (Reported error must be an Exception, got: #<SyntaxError:"/Volumes/Work/Scratch/orbital/orbital/app/components/orbital/button.rb:20: syntax error found\n  \e[2m18 | \e[m\n  \e[2m19 | \e[m    def html_attributes\n\e[1;31m> \e[m\e[2m20 | \e[m      **@system_arguments.merge(class: ...\n  \e[2m   | \e[m      \e[1;31m^~\e[m unexpected **, ignoring it\n  \e[2m21 | \e[m    end\n  \e[2m22 | \e[m\n">)
Caused by: SyntaxError (/Volumes/Work/Scratch/orbital/orbital/app/components/orbital/button.rb:20: syntax error found
  [2m18 | [m
  [2m19 | [m    def html_attributes
[1;31m> [m[2m20 | [m      **@system_arguments.merge(class: ...
  [2m   | [m      [1;31m^~[m unexpected **, ignoring it
  [2m21 | [m    end
  [2m22 | [m
)

Information for: ArgumentError (Reported error must be an Exception, got: #<SyntaxError:"/Volumes/Work/Scratch/orbital/orbital/app/components/orbital/button.rb:20: syntax error found\n  \e[2m18 | \e[m\n  \e[2m19 | \e[m    def html_attributes\n\e[1;31m> \e[m\e[2m20 | \e[m      **@system_arguments.merge(class: ...\n  \e[2m   | \e[m      \e[1;31m^~\e[m unexpected **, ignoring it\n  \e[2m21 | \e[m    end\n  \e[2m22 | \e[m\n">):
  
activesupport (8.1.1) lib/active_support/error_reporter.rb:235:in 'ActiveSupport::ErrorReporter#report'
actionpack (8.1.1) lib/action_dispatch/middleware/executor.rb:36:in 'ActionDispatch::Executor#call'
actionpack (8.1.1) lib/action_dispatch/middleware/actionable_exceptions.rb:18:in 'ActionDispatch::ActionableExceptions#call'
actionpack (8.1.1) lib/action_dispatch/middleware/debug_exceptions.rb:31:in 'ActionDispatch::DebugExceptions#call'
web-console (4.2.1) lib/web_console/middleware.rb:132:in 'WebConsole::Middleware#call_app'
web-console (4.2.1) lib/web_console/middleware.rb:28:in 'block in WebConsole::Middleware#call'
web-console (4.2.1) lib/web_console/middleware.rb:17:in 'Kernel#catch'
web-console (4.2.1) lib/web_console/middleware.rb:17:in 'WebConsole::Middleware#call'
actionpack (8.1.1) lib/action_dispatch/middleware/show_exceptions.rb:32:in 'ActionDispatch::ShowExceptions#call'
railties (8.1.1) lib/rails/rack/logger.rb:41:in 'Rails::Rack::Logger#call_app'
railties (8.1.1) lib/rails/rack/logger.rb:29:in 'Rails::Rack::Logger#call'
propshaft (1.3.1) lib/propshaft/quiet_assets.rb:11:in 'Propshaft::QuietAssets#call'
actionpack (8.1.1) lib/action_dispatch/middleware/remote_ip.rb:98:in 'ActionDispatch::RemoteIp#call'
actionpack (8.1.1) lib/action_dispatch/middleware/request_id.rb:34:in 'ActionDispatch::RequestId#call'
rack (3.2.4) lib/rack/method_override.rb:28:in 'Rack::MethodOverride#call'
rack (3.2.4) lib/rack/runtime.rb:24:in 'Rack::Runtime#call'
actionpack (8.1.1) lib/action_dispatch/middleware/server_timing.rb:61:in 'block in ActionDispatch::ServerTiming#call'
actionpack (8.1.1) lib/action_dispatch/middleware/server_timing.rb:26:in 'ActionDispatch::ServerTiming::Subscriber#collect_events'
actionpack (8.1.1) lib/action_dispatch/middleware/server_timing.rb:60:in 'ActionDispatch::ServerTiming#call'
actionpack (8.1.1) lib/action_dispatch/middleware/executor.rb:20:in 'ActionDispatch::Executor#call'
propshaft (1.3.1) lib/propshaft/server.rb:37:in 'Propshaft::Server#call'
actionpack (8.1.1) lib/action_dispatch/middleware/static.rb:27:in 'ActionDispatch::Static#call'
rack (3.2.4) lib/rack/sendfile.rb:131:in 'Rack::Sendfile#call'
actionpack (8.1.1) lib/action_dispatch/middleware/host_authorization.rb:143:in 'ActionDispatch::HostAuthorization#call'
railties (8.1.1) lib/rails/engine.rb:534:in 'Rails::Engine#call'
puma (7.1.0) lib/puma/configuration.rb:300:in 'Puma::Configuration::ConfigMiddleware#call'
puma (7.1.0) lib/puma/request.rb:101:in 'block in Puma::Request#handle_request'
puma (7.1.0) lib/puma/thread_pool.rb:355:in 'Puma::ThreadPool#with_force_shutdown'
puma (7.1.0) lib/puma/request.rb:100:in 'Puma::Request#handle_request'
puma (7.1.0) lib/puma/server.rb:503:in 'Puma::Server#process_client'
puma (7.1.0) lib/puma/server.rb:262:in 'block in Puma::Server#run'
puma (7.1.0) lib/puma/thread_pool.rb:182:in 'block in Puma::ThreadPool#spawn_thread'

Information for cause: SyntaxError (/Volumes/Work/Scratch/orbital/orbital/app/components/orbital/button.rb:20: syntax error found
  [2m18 | [m
  [2m19 | [m    def html_attributes
[1;31m> [m[2m20 | [m      **@system_arguments.merge(class: ...
  [2m   | [m      [1;31m^~[m unexpected **, ignoring it
  [2m21 | [m    end
  [2m22 | [m
):
  
app/views/static_pages/components.html.orb:1
Started GET "/.well-known/appspecific/com.chrome.devtools.json" for ::1 at 2025-11-29 11:17:47 +0100
  
ActionController::RoutingError (No route matches [GET] "/.well-known/appspecific/com.chrome.devtools.json"):
  
Started GET "/components" for ::1 at 2025-11-29 11:17:48 +0100
Processing by StaticPagesController#components as HTML
  Rendering layout layouts/application.html.erb
  Rendering static_pages/components.html.orb within layouts/application
  Rendered static_pages/components.html.orb within layouts/application (Duration: 0.5ms | GC: 0.0ms)
  Rendered layout layouts/application.html.erb (Duration: 0.5ms | GC: 0.0ms)
Completed 500 Internal Server Error in 1ms (ActiveRecord: 0.0ms (0 queries, 0 cached) | GC: 0.0ms)


  
ArgumentError (Reported error must be an Exception, got: #<SyntaxError:"/Volumes/Work/Scratch/orbital/orbital/app/components/orbital/button.rb:20: syntax error found\n  \e[2m18 | \e[m\n  \e[2m19 | \e[m    def html_attributes\n\e[1;31m> \e[m\e[2m20 | \e[m      **@system_arguments.merge(class: ...\n  \e[2m   | \e[m      \e[1;31m^~\e[m unexpected **, ignoring it\n  \e[2m21 | \e[m    end\n  \e[2m22 | \e[m\n">)
Caused by: SyntaxError (/Volumes/Work/Scratch/orbital/orbital/app/components/orbital/button.rb:20: syntax error found
  [2m18 | [m
  [2m19 | [m    def html_attributes
[1;31m> [m[2m20 | [m      **@system_arguments.merge(class: ...
  [2m   | [m      [1;31m^~[m unexpected **, ignoring it
  [2m21 | [m    end
  [2m22 | [m
)

Information for: ArgumentError (Reported error must be an Exception, got: #<SyntaxError:"/Volumes/Work/Scratch/orbital/orbital/app/components/orbital/button.rb:20: syntax error found\n  \e[2m18 | \e[m\n  \e[2m19 | \e[m    def html_attributes\n\e[1;31m> \e[m\e[2m20 | \e[m      **@system_arguments.merge(class: ...\n  \e[2m   | \e[m      \e[1;31m^~\e[m unexpected **, ignoring it\n  \e[2m21 | \e[m    end\n  \e[2m22 | \e[m\n">):
  
activesupport (8.1.1) lib/active_support/error_reporter.rb:235:in 'ActiveSupport::ErrorReporter#report'
actionpack (8.1.1) lib/action_dispatch/middleware/executor.rb:36:in 'ActionDispatch::Executor#call'
actionpack (8.1.1) lib/action_dispatch/middleware/actionable_exceptions.rb:18:in 'ActionDispatch::ActionableExceptions#call'
actionpack (8.1.1) lib/action_dispatch/middleware/debug_exceptions.rb:31:in 'ActionDispatch::DebugExceptions#call'
web-console (4.2.1) lib/web_console/middleware.rb:132:in 'WebConsole::Middleware#call_app'
web-console (4.2.1) lib/web_console/middleware.rb:28:in 'block in WebConsole::Middleware#call'
web-console (4.2.1) lib/web_console/middleware.rb:17:in 'Kernel#catch'
web-console (4.2.1) lib/web_console/middleware.rb:17:in 'WebConsole::Middleware#call'
actionpack (8.1.1) lib/action_dispatch/middleware/show_exceptions.rb:32:in 'ActionDispatch::ShowExceptions#call'
railties (8.1.1) lib/rails/rack/logger.rb:41:in 'Rails::Rack::Logger#call_app'
railties (8.1.1) lib/rails/rack/logger.rb:29:in 'Rails::Rack::Logger#call'
propshaft (1.3.1) lib/propshaft/quiet_assets.rb:11:in 'Propshaft::QuietAssets#call'
actionpack (8.1.1) lib/action_dispatch/middleware/remote_ip.rb:98:in 'ActionDispatch::RemoteIp#call'
actionpack (8.1.1) lib/action_dispatch/middleware/request_id.rb:34:in 'ActionDispatch::RequestId#call'
rack (3.2.4) lib/rack/method_override.rb:28:in 'Rack::MethodOverride#call'
rack (3.2.4) lib/rack/runtime.rb:24:in 'Rack::Runtime#call'
actionpack (8.1.1) lib/action_dispatch/middleware/server_timing.rb:61:in 'block in ActionDispatch::ServerTiming#call'
actionpack (8.1.1) lib/action_dispatch/middleware/server_timing.rb:26:in 'ActionDispatch::ServerTiming::Subscriber#collect_events'
actionpack (8.1.1) lib/action_dispatch/middleware/server_timing.rb:60:in 'ActionDispatch::ServerTiming#call'
actionpack (8.1.1) lib/action_dispatch/middleware/executor.rb:20:in 'ActionDispatch::Executor#call'
propshaft (1.3.1) lib/propshaft/server.rb:37:in 'Propshaft::Server#call'
actionpack (8.1.1) lib/action_dispatch/middleware/static.rb:27:in 'ActionDispatch::Static#call'
rack (3.2.4) lib/rack/sendfile.rb:131:in 'Rack::Sendfile#call'
actionpack (8.1.1) lib/action_dispatch/middleware/host_authorization.rb:143:in 'ActionDispatch::HostAuthorization#call'
railties (8.1.1) lib/rails/engine.rb:534:in 'Rails::Engine#call'
puma (7.1.0) lib/puma/configuration.rb:300:in 'Puma::Configuration::ConfigMiddleware#call'
puma (7.1.0) lib/puma/request.rb:101:in 'block in Puma::Request#handle_request'
puma (7.1.0) lib/puma/thread_pool.rb:355:in 'Puma::ThreadPool#with_force_shutdown'
puma (7.1.0) lib/puma/request.rb:100:in 'Puma::Request#handle_request'
puma (7.1.0) lib/puma/server.rb:503:in 'Puma::Server#process_client'
puma (7.1.0) lib/puma/server.rb:262:in 'block in Puma::Server#run'
puma (7.1.0) lib/puma/thread_pool.rb:182:in 'block in Puma::ThreadPool#spawn_thread'

Information for cause: SyntaxError (/Volumes/Work/Scratch/orbital/orbital/app/components/orbital/button.rb:20: syntax error found
  [2m18 | [m
  [2m19 | [m    def html_attributes
[1;31m> [m[2m20 | [m      **@system_arguments.merge(class: ...
  [2m   | [m      [1;31m^~[m unexpected **, ignoring it
  [2m21 | [m    end
  [2m22 | [m
):
  
app/views/static_pages/components.html.orb:1
Started GET "/.well-known/appspecific/com.chrome.devtools.json" for ::1 at 2025-11-29 11:17:48 +0100
  
ActionController::RoutingError (No route matches [GET] "/.well-known/appspecific/com.chrome.devtools.json"):
  
Started GET "/components" for ::1 at 2025-11-29 11:17:54 +0100
Processing by StaticPagesController#components as HTML
  Rendering layout layouts/application.html.erb
  Rendering static_pages/components.html.orb within layouts/application
  Rendered static_pages/components.html.orb within layouts/application (Duration: 1.6ms | GC: 0.2ms)
  Rendered layout layouts/application.html.erb (Duration: 1.7ms | GC: 0.2ms)
Completed 500 Internal Server Error in 3ms (ActiveRecord: 0.0ms (0 queries, 0 cached) | GC: 0.2ms)


  
ArgumentError (Reported error must be an Exception, got: #<SyntaxError:"/Volumes/Work/Scratch/orbital/orbital/app/components/orbital/button.rb:20: syntax error found\n  \e[2m18 | \e[m\n  \e[2m19 | \e[m    def html_attributes\n\e[1;31m> \e[m\e[2m20 | \e[m      **@system_arguments.merge(class: ...\n  \e[2m   | \e[m      \e[1;31m^~\e[m unexpected **, ignoring it\n  \e[2m21 | \e[m    end\n  \e[2m22 | \e[m\n">)
Caused by: SyntaxError (/Volumes/Work/Scratch/orbital/orbital/app/components/orbital/button.rb:20: syntax error found
  [2m18 | [m
  [2m19 | [m    def html_attributes
[1;31m> [m[2m20 | [m      **@system_arguments.merge(class: ...
  [2m   | [m      [1;31m^~[m unexpected **, ignoring it
  [2m21 | [m    end
  [2m22 | [m
)

Information for: ArgumentError (Reported error must be an Exception, got: #<SyntaxError:"/Volumes/Work/Scratch/orbital/orbital/app/components/orbital/button.rb:20: syntax error found\n  \e[2m18 | \e[m\n  \e[2m19 | \e[m    def html_attributes\n\e[1;31m> \e[m\e[2m20 | \e[m      **@system_arguments.merge(class: ...\n  \e[2m   | \e[m      \e[1;31m^~\e[m unexpected **, ignoring it\n  \e[2m21 | \e[m    end\n  \e[2m22 | \e[m\n">):
  
activesupport (8.1.1) lib/active_support/error_reporter.rb:235:in 'ActiveSupport::ErrorReporter#report'
actionpack (8.1.1) lib/action_dispatch/middleware/executor.rb:36:in 'ActionDispatch::Executor#call'
actionpack (8.1.1) lib/action_dispatch/middleware/actionable_exceptions.rb:18:in 'ActionDispatch::ActionableExceptions#call'
actionpack (8.1.1) lib/action_dispatch/middleware/debug_exceptions.rb:31:in 'ActionDispatch::DebugExceptions#call'
web-console (4.2.1) lib/web_console/middleware.rb:132:in 'WebConsole::Middleware#call_app'
web-console (4.2.1) lib/web_console/middleware.rb:28:in 'block in WebConsole::Middleware#call'
web-console (4.2.1) lib/web_console/middleware.rb:17:in 'Kernel#catch'
web-console (4.2.1) lib/web_console/middleware.rb:17:in 'WebConsole::Middleware#call'
actionpack (8.1.1) lib/action_dispatch/middleware/show_exceptions.rb:32:in 'ActionDispatch::ShowExceptions#call'
railties (8.1.1) lib/rails/rack/logger.rb:41:in 'Rails::Rack::Logger#call_app'
railties (8.1.1) lib/rails/rack/logger.rb:29:in 'Rails::Rack::Logger#call'
propshaft (1.3.1) lib/propshaft/quiet_assets.rb:11:in 'Propshaft::QuietAssets#call'
actionpack (8.1.1) lib/action_dispatch/middleware/remote_ip.rb:98:in 'ActionDispatch::RemoteIp#call'
actionpack (8.1.1) lib/action_dispatch/middleware/request_id.rb:34:in 'ActionDispatch::RequestId#call'
rack (3.2.4) lib/rack/method_override.rb:28:in 'Rack::MethodOverride#call'
rack (3.2.4) lib/rack/runtime.rb:24:in 'Rack::Runtime#call'
actionpack (8.1.1) lib/action_dispatch/middleware/server_timing.rb:61:in 'block in ActionDispatch::ServerTiming#call'
actionpack (8.1.1) lib/action_dispatch/middleware/server_timing.rb:26:in 'ActionDispatch::ServerTiming::Subscriber#collect_events'
actionpack (8.1.1) lib/action_dispatch/middleware/server_timing.rb:60:in 'ActionDispatch::ServerTiming#call'
actionpack (8.1.1) lib/action_dispatch/middleware/executor.rb:20:in 'ActionDispatch::Executor#call'
propshaft (1.3.1) lib/propshaft/server.rb:37:in 'Propshaft::Server#call'
actionpack (8.1.1) lib/action_dispatch/middleware/static.rb:27:in 'ActionDispatch::Static#call'
rack (3.2.4) lib/rack/sendfile.rb:131:in 'Rack::Sendfile#call'
actionpack (8.1.1) lib/action_dispatch/middleware/host_authorization.rb:143:in 'ActionDispatch::HostAuthorization#call'
railties (8.1.1) lib/rails/engine.rb:534:in 'Rails::Engine#call'
puma (7.1.0) lib/puma/configuration.rb:300:in 'Puma::Configuration::ConfigMiddleware#call'
puma (7.1.0) lib/puma/request.rb:101:in 'block in Puma::Request#handle_request'
puma (7.1.0) lib/puma/thread_pool.rb:355:in 'Puma::ThreadPool#with_force_shutdown'
puma (7.1.0) lib/puma/request.rb:100:in 'Puma::Request#handle_request'
puma (7.1.0) lib/puma/server.rb:503:in 'Puma::Server#process_client'
puma (7.1.0) lib/puma/server.rb:262:in 'block in Puma::Server#run'
puma (7.1.0) lib/puma/thread_pool.rb:182:in 'block in Puma::ThreadPool#spawn_thread'

Information for cause: SyntaxError (/Volumes/Work/Scratch/orbital/orbital/app/components/orbital/button.rb:20: syntax error found
  [2m18 | [m
  [2m19 | [m    def html_attributes
[1;31m> [m[2m20 | [m      **@system_arguments.merge(class: ...
  [2m   | [m      [1;31m^~[m unexpected **, ignoring it
  [2m21 | [m    end
  [2m22 | [m
):
  
app/views/static_pages/components.html.orb:1
Started GET "/.well-known/appspecific/com.chrome.devtools.json" for ::1 at 2025-11-29 11:17:54 +0100
  
ActionController::RoutingError (No route matches [GET] "/.well-known/appspecific/com.chrome.devtools.json"):
  
Started GET "/components" for ::1 at 2025-11-29 11:18:24 +0100
Processing by StaticPagesController#components as HTML
  Rendering layout layouts/application.html.erb
  Rendering static_pages/components.html.orb within layouts/application
  Rendered static_pages/components.html.orb within layouts/application (Duration: 3.4ms | GC: 0.0ms)
  Rendered layout layouts/application.html.erb (Duration: 4.3ms | GC: 0.0ms)
Completed 200 OK in 6ms (Views: 5.1ms | ActiveRecord: 0.0ms (0 queries, 0 cached) | GC: 0.0ms)


Started GET "/.well-known/appspecific/com.chrome.devtools.json" for ::1 at 2025-11-29 11:18:24 +0100
  
ActionController::RoutingError (No route matches [GET] "/.well-known/appspecific/com.chrome.devtools.json"):
  
Started GET "/components" for ::1 at 2025-11-29 11:18:32 +0100
Processing by StaticPagesController#components as HTML
  Rendering layout layouts/application.html.erb
  Rendering static_pages/components.html.orb within layouts/application
  Rendered static_pages/components.html.orb within layouts/application (Duration: 3.5ms | GC: 0.5ms)
  Rendered layout layouts/application.html.erb (Duration: 4.2ms | GC: 0.5ms)
Completed 200 OK in 6ms (Views: 5.2ms | ActiveRecord: 0.0ms (0 queries, 0 cached) | GC: 1.0ms)


Started GET "/.well-known/appspecific/com.chrome.devtools.json" for ::1 at 2025-11-29 11:18:32 +0100
  
ActionController::RoutingError (No route matches [GET] "/.well-known/appspecific/com.chrome.devtools.json"):
  
Started GET "/components" for ::1 at 2025-11-29 11:18:38 +0100
Processing by StaticPagesController#components as HTML
  Rendering layout layouts/application.html.erb
  Rendering static_pages/components.html.orb within layouts/application
  Rendered static_pages/components.html.orb within layouts/application (Duration: 2.8ms | GC: 0.0ms)
  Rendered layout layouts/application.html.erb (Duration: 3.5ms | GC: 0.0ms)
Completed 200 OK in 5ms (Views: 4.2ms | ActiveRecord: 0.0ms (0 queries, 0 cached) | GC: 0.0ms)


Started GET "/.well-known/appspecific/com.chrome.devtools.json" for ::1 at 2025-11-29 11:18:38 +0100
  
ActionController::RoutingError (No route matches [GET] "/.well-known/appspecific/com.chrome.devtools.json"):
  
Started GET "/components" for ::1 at 2025-11-29 11:18:46 +0100
Processing by StaticPagesController#components as HTML
  Rendering layout layouts/application.html.erb
  Rendering static_pages/components.html.orb within layouts/application
  Rendered static_pages/components.html.orb within layouts/application (Duration: 4.3ms | GC: 0.4ms)
  Rendered layout layouts/application.html.erb (Duration: 5.1ms | GC: 0.4ms)
Completed 200 OK in 7ms (Views: 6.4ms | ActiveRecord: 0.0ms (0 queries, 0 cached) | GC: 0.6ms)


Started GET "/.well-known/appspecific/com.chrome.devtools.json" for ::1 at 2025-11-29 11:18:46 +0100
  
ActionController::RoutingError (No route matches [GET] "/.well-known/appspecific/com.chrome.devtools.json"):
  
Started GET "/components" for ::1 at 2025-11-29 11:21:17 +0100
Processing by StaticPagesController#components as HTML
  Rendering layout layouts/application.html.erb
  Rendering static_pages/components.html.orb within layouts/application
  Rendered static_pages/components.html.orb within layouts/application (Duration: 5.3ms | GC: 0.5ms)
  Rendered layout layouts/application.html.erb (Duration: 6.2ms | GC: 0.5ms)
Completed 200 OK in 8ms (Views: 7.0ms | ActiveRecord: 0.0ms (0 queries, 0 cached) | GC: 0.7ms)


Started GET "/.well-known/appspecific/com.chrome.devtools.json" for ::1 at 2025-11-29 11:21:17 +0100
  
ActionController::RoutingError (No route matches [GET] "/.well-known/appspecific/com.chrome.devtools.json"):
  
Started GET "/components" for ::1 at 2025-11-29 11:21:47 +0100
Processing by StaticPagesController#components as HTML
  Rendering layout layouts/application.html.erb
  Rendering static_pages/components.html.orb within layouts/application
  Rendered static_pages/components.html.orb within layouts/application (Duration: 7.3ms | GC: 2.5ms)
  Rendered layout layouts/application.html.erb (Duration: 8.0ms | GC: 2.5ms)
Completed 200 OK in 9ms (Views: 8.7ms | ActiveRecord: 0.0ms (0 queries, 0 cached) | GC: 2.5ms)


Started GET "/.well-known/appspecific/com.chrome.devtools.json" for ::1 at 2025-11-29 11:21:47 +0100
  
ActionController::RoutingError (No route matches [GET] "/.well-known/appspecific/com.chrome.devtools.json"):
  
Started GET "/components" for ::1 at 2025-11-29 11:21:52 +0100
Processing by StaticPagesController#components as HTML
  Rendering layout layouts/application.html.erb
  Rendering static_pages/components.html.orb within layouts/application
  Rendered static_pages/components.html.orb within layouts/application (Duration: 4.6ms | GC: 0.0ms)
  Rendered layout layouts/application.html.erb (Duration: 5.4ms | GC: 0.0ms)
Completed 200 OK in 7ms (Views: 6.5ms | ActiveRecord: 0.0ms (0 queries, 0 cached) | GC: 0.0ms)


Started GET "/.well-known/appspecific/com.chrome.devtools.json" for ::1 at 2025-11-29 11:21:52 +0100
  
ActionController::RoutingError (No route matches [GET] "/.well-known/appspecific/com.chrome.devtools.json"):
  
Started GET "/components" for ::1 at 2025-11-29 11:23:39 +0100
Processing by StaticPagesController#components as HTML
  Rendering layout layouts/application.html.erb
  Rendering static_pages/components.html.orb within layouts/application
  Rendered static_pages/components.html.orb within layouts/application (Duration: 4.4ms | GC: 0.0ms)
  Rendered layout layouts/application.html.erb (Duration: 4.5ms | GC: 0.0ms)
Completed 500 Internal Server Error in 6ms (ActiveRecord: 0.0ms (0 queries, 0 cached) | GC: 0.0ms)


  
ActionView::Template::Error (uninitialized constant Orbital::Card::Card)
Caused by: NameError (uninitialized constant Orbital::Card::Card)

Information for: ActionView::Template::Error (uninitialized constant Orbital::Card::Card):
    1: <Card>
    2:   <Card:Header>Hello</Card:Header>
    3: </Card>
  
app/views/static_pages/components.html.orb:2
app/views/static_pages/components.html.orb:1

Information for cause: NameError (uninitialized constant Orbital::Card::Card):
  
app/views/static_pages/components.html.orb:2
app/views/static_pages/components.html.orb:1
Started GET "/.well-known/appspecific/com.chrome.devtools.json" for ::1 at 2025-11-29 11:23:39 +0100
  
ActionController::RoutingError (No route matches [GET] "/.well-known/appspecific/com.chrome.devtools.json"):
  
Started GET "/components" for ::1 at 2025-11-29 11:24:08 +0100
Processing by StaticPagesController#components as HTML
  Rendering layout layouts/application.html.erb
  Rendering static_pages/components.html.orb within layouts/application
  Rendered static_pages/components.html.orb within layouts/application (Duration: 9.1ms | GC: 1.1ms)
  Rendered layout layouts/application.html.erb (Duration: 9.8ms | GC: 1.1ms)
Completed 200 OK in 11ms (Views: 10.5ms | ActiveRecord: 0.0ms (0 queries, 0 cached) | GC: 1.1ms)


Started GET "/.well-known/appspecific/com.chrome.devtools.json" for ::1 at 2025-11-29 11:24:08 +0100
  
ActionController::RoutingError (No route matches [GET] "/.well-known/appspecific/com.chrome.devtools.json"):
  
Started GET "/components" for ::1 at 2025-11-29 11:24:48 +0100
Processing by StaticPagesController#components as HTML
  Rendering layout layouts/application.html.erb
  Rendering static_pages/components.html.orb within layouts/application
  Rendered static_pages/components.html.orb within layouts/application (Duration: 4.5ms | GC: 0.4ms)
  Rendered layout layouts/application.html.erb (Duration: 4.6ms | GC: 0.4ms)
Completed 500 Internal Server Error in 6ms (ActiveRecord: 0.0ms (0 queries, 0 cached) | GC: 0.4ms)


  
ActionView::Template::Error (wrong number of arguments (given 0, expected 1))
Caused by: ArgumentError (wrong number of arguments (given 0, expected 1))

Information for: ActionView::Template::Error (wrong number of arguments (given 0, expected 1)):
    1: <Card>
    2:   <Card:Header>Hello</Card:Header>
    3:   <Card:Content>
    4:     This is a test
    5:   </Card:Content>
    6: </Card>
  
app/views/static_pages/components.html.orb:3
app/views/static_pages/components.html.orb:1

Information for cause: ArgumentError (wrong number of arguments (given 0, expected 1)):
  
app/views/static_pages/components.html.orb:3
app/views/static_pages/components.html.orb:1
Started GET "/.well-known/appspecific/com.chrome.devtools.json" for ::1 at 2025-11-29 11:24:49 +0100
  
ActionController::RoutingError (No route matches [GET] "/.well-known/appspecific/com.chrome.devtools.json"):
  
Started GET "/components" for ::1 at 2025-11-29 11:25:24 +0100
Processing by StaticPagesController#components as HTML
  Rendering layout layouts/application.html.erb
  Rendering static_pages/components.html.orb within layouts/application
  Rendered static_pages/components.html.orb within layouts/application (Duration: 5.4ms | GC: 0.6ms)
  Rendered layout layouts/application.html.erb (Duration: 5.5ms | GC: 0.6ms)
Completed 500 Internal Server Error in 7ms (ActiveRecord: 0.0ms (0 queries, 0 cached) | GC: 0.6ms)


  
ActionView::Template::Error (wrong number of arguments (given 0, expected 1))
Caused by: ArgumentError (wrong number of arguments (given 0, expected 1))

Information for: ActionView::Template::Error (wrong number of arguments (given 0, expected 1)):
    1: <Card>
    2:   <Card:Content>
    3:     This is a test
    4:   </Card:Content>
    5: </Card>
  
app/views/static_pages/components.html.orb:2
app/views/static_pages/components.html.orb:1

Information for cause: ArgumentError (wrong number of arguments (given 0, expected 1)):
  
app/views/static_pages/components.html.orb:2
app/views/static_pages/components.html.orb:1
Started GET "/.well-known/appspecific/com.chrome.devtools.json" for ::1 at 2025-11-29 11:25:24 +0100
  
ActionController::RoutingError (No route matches [GET] "/.well-known/appspecific/com.chrome.devtools.json"):
  
Started GET "/components" for ::1 at 2025-11-29 11:25:43 +0100
Processing by StaticPagesController#components as HTML
  Rendering layout layouts/application.html.erb
  Rendering static_pages/components.html.orb within layouts/application
  Rendered static_pages/components.html.orb within layouts/application (Duration: 4.6ms | GC: 0.2ms)
  Rendered layout layouts/application.html.erb (Duration: 4.7ms | GC: 0.2ms)
Completed 500 Internal Server Error in 6ms (ActiveRecord: 0.0ms (0 queries, 0 cached) | GC: 0.2ms)


  
ActionView::Template::Error (wrong number of arguments (given 0, expected 1))
Caused by: ArgumentError (wrong number of arguments (given 0, expected 1))

Information for: ActionView::Template::Error (wrong number of arguments (given 0, expected 1)):
    2:   <Card:Header test=foo>
    3:     Hello
    4:   </Card:Header>
    5:   <Card:Content>
    6:     This is a test
    7:   </Card:Content>
    8: </Card>
  
app/views/static_pages/components.html.orb:5
app/views/static_pages/components.html.orb:1

Information for cause: ArgumentError (wrong number of arguments (given 0, expected 1)):
  
app/views/static_pages/components.html.orb:5
app/views/static_pages/components.html.orb:1
Started GET "/.well-known/appspecific/com.chrome.devtools.json" for ::1 at 2025-11-29 11:25:43 +0100
  
ActionController::RoutingError (No route matches [GET] "/.well-known/appspecific/com.chrome.devtools.json"):
  
Started GET "/components" for ::1 at 2025-11-29 11:25:50 +0100
Processing by StaticPagesController#components as HTML
  Rendering layout layouts/application.html.erb
  Rendering static_pages/components.html.orb within layouts/application
  Rendered static_pages/components.html.orb within layouts/application (Duration: 4.9ms | GC: 0.0ms)
  Rendered layout layouts/application.html.erb (Duration: 5.7ms | GC: 0.0ms)
Completed 200 OK in 7ms (Views: 6.5ms | ActiveRecord: 0.0ms (0 queries, 0 cached) | GC: 0.0ms)


Started GET "/.well-known/appspecific/com.chrome.devtools.json" for ::1 at 2025-11-29 11:25:50 +0100
  
ActionController::RoutingError (No route matches [GET] "/.well-known/appspecific/com.chrome.devtools.json"):
  
Started GET "/components" for ::1 at 2025-11-29 11:27:23 +0100
Processing by StaticPagesController#components as HTML
  Rendering layout layouts/application.html.erb
  Rendering static_pages/components.html.orb within layouts/application
  Rendered static_pages/components.html.orb within layouts/application (Duration: 7.6ms | GC: 1.2ms)
  Rendered layout layouts/application.html.erb (Duration: 8.3ms | GC: 1.2ms)
Completed 200 OK in 10ms (Views: 9.1ms | ActiveRecord: 0.0ms (0 queries, 0 cached) | GC: 1.2ms)


Started GET "/.well-known/appspecific/com.chrome.devtools.json" for ::1 at 2025-11-29 11:27:24 +0100
  
ActionController::RoutingError (No route matches [GET] "/.well-known/appspecific/com.chrome.devtools.json"):
  
Started GET "/components" for ::1 at 2025-11-29 11:31:13 +0100
Processing by StaticPagesController#components as HTML
  Rendering layout layouts/application.html.erb
  Rendering static_pages/components.html.orb within layouts/application
  Rendered static_pages/components.html.orb within layouts/application (Duration: 3.1ms | GC: 0.3ms)
  Rendered layout layouts/application.html.erb (Duration: 3.2ms | GC: 0.3ms)
Completed 500 Internal Server Error in 5ms (ActiveRecord: 0.0ms (0 queries, 0 cached) | GC: 0.3ms)


  
ActionView::Template::Error (uninitialized constant Orbital::Components)
Caused by: NameError (uninitialized constant Orbital::Components)

Information for: ActionView::Template::Error (uninitialized constant Orbital::Components):
    1: <Button>Test</Button>
  
app/views/static_pages/components.html.orb:1

Information for cause: NameError (uninitialized constant Orbital::Components):
  
app/views/static_pages/components.html.orb:1
Started GET "/.well-known/appspecific/com.chrome.devtools.json" for ::1 at 2025-11-29 11:31:13 +0100
  
ActionController::RoutingError (No route matches [GET] "/.well-known/appspecific/com.chrome.devtools.json"):
  
Started GET "/components" for ::1 at 2025-11-29 11:31:33 +0100
  [1m[36mActiveRecord::SchemaMigration Load (0.1ms)[0m  [1m[34mSELECT "schema_migrations"."version" FROM "schema_migrations" ORDER BY "schema_migrations"."version" ASC /*application='Demo'*/[0m
Processing by StaticPagesController#components as HTML
  Rendering layout layouts/application.html.erb
  Rendering static_pages/components.html.orb within layouts/application
  Rendered static_pages/components.html.orb within layouts/application (Duration: 18.2ms | GC: 2.1ms)
  Rendered layout layouts/application.html.erb (Duration: 18.4ms | GC: 2.1ms)
Completed 500 Internal Server Error in 38ms (ActiveRecord: 0.0ms (0 queries, 0 cached) | GC: 11.5ms)


  
ActionView::Template::Error (uninitialized constant Orbital::Components)
Caused by: NameError (uninitialized constant Orbital::Components)

Information for: ActionView::Template::Error (uninitialized constant Orbital::Components):
    1: <Button>Test</Button>
  
app/views/static_pages/components.html.orb:1

Information for cause: NameError (uninitialized constant Orbital::Components):
  
app/views/static_pages/components.html.orb:1
Started GET "/.well-known/appspecific/com.chrome.devtools.json" for ::1 at 2025-11-29 11:31:33 +0100
  
ActionController::RoutingError (No route matches [GET] "/.well-known/appspecific/com.chrome.devtools.json"):
  
Started GET "/components" for ::1 at 2025-11-29 11:31:58 +0100
Processing by StaticPagesController#components as HTML
  Rendering layout layouts/application.html.erb
  Rendering static_pages/components.html.orb within layouts/application
  Rendered static_pages/components.html.orb within layouts/application (Duration: 0.4ms | GC: 0.0ms)
  Rendered layout layouts/application.html.erb (Duration: 0.5ms | GC: 0.0ms)
Completed 500 Internal Server Error in 1ms (ActiveRecord: 0.0ms (0 queries, 0 cached) | GC: 0.0ms)


  
ActionView::Template::Error (uninitialized constant Orbital::Components)
Caused by: NameError (uninitialized constant Orbital::Components)

Information for: ActionView::Template::Error (uninitialized constant Orbital::Components):
    1: <Button>Test</Button>
  
app/views/static_pages/components.html.orb:1

Information for cause: NameError (uninitialized constant Orbital::Components):
  
app/views/static_pages/components.html.orb:1
Started GET "/.well-known/appspecific/com.chrome.devtools.json" for ::1 at 2025-11-29 11:31:58 +0100
  
ActionController::RoutingError (No route matches [GET] "/.well-known/appspecific/com.chrome.devtools.json"):
  
Started GET "/components" for ::1 at 2025-11-29 11:32:50 +0100
  [1m[36mActiveRecord::SchemaMigration Load (0.1ms)[0m  [1m[34mSELECT "schema_migrations"."version" FROM "schema_migrations" ORDER BY "schema_migrations"."version" ASC /*application='Demo'*/[0m
Processing by StaticPagesController#components as HTML
  Rendering layout layouts/application.html.erb
  Rendering static_pages/components.html.orb within layouts/application
  Rendered static_pages/components.html.orb within layouts/application (Duration: 18.5ms | GC: 1.7ms)
  Rendered layout layouts/application.html.erb (Duration: 18.7ms | GC: 1.7ms)
Completed 500 Internal Server Error in 27ms (ActiveRecord: 0.0ms (0 queries, 0 cached) | GC: 2.4ms)


  
ActionView::Template::Error (uninitialized constant Orbital::Type)
Caused by: NameError (uninitialized constant Orbital::Type)

Information for: ActionView::Template::Error (uninitialized constant Orbital::Type):
    1: <Button>Test</Button>
  
app/views/static_pages/components.html.orb:1

Information for cause: NameError (uninitialized constant Orbital::Type):
  
app/views/static_pages/components.html.orb:1
Started GET "/.well-known/appspecific/com.chrome.devtools.json" for ::1 at 2025-11-29 11:32:51 +0100
  
ActionController::RoutingError (No route matches [GET] "/.well-known/appspecific/com.chrome.devtools.json"):
  
Started GET "/components" for ::1 at 2025-11-29 11:33:34 +0100
Processing by StaticPagesController#components as HTML
  Rendering layout layouts/application.html.erb
  Rendering static_pages/components.html.orb within layouts/application
  Rendered static_pages/components.html.orb within layouts/application (Duration: 9.7ms | GC: 0.0ms)
  Rendered layout layouts/application.html.erb (Duration: 9.9ms | GC: 0.0ms)
Completed 500 Internal Server Error in 12ms (ActiveRecord: 0.0ms (0 queries, 0 cached) | GC: 0.0ms)


  
ActionView::Template::Error (Unknown type :symbol)
Caused by: ArgumentError (Unknown type :symbol)

Information for: ActionView::Template::Error (Unknown type :symbol):
    1: <Button>Test</Button>
  
app/views/static_pages/components.html.orb:1:in 'Class#new'
app/views/static_pages/components.html.orb:1

Information for cause: ArgumentError (Unknown type :symbol):
  
app/views/static_pages/components.html.orb:1:in 'Class#new'
app/views/static_pages/components.html.orb:1
Started GET "/.well-known/appspecific/com.chrome.devtools.json" for ::1 at 2025-11-29 11:33:34 +0100
  
ActionController::RoutingError (No route matches [GET] "/.well-known/appspecific/com.chrome.devtools.json"):
  
Started GET "/components" for ::1 at 2025-11-29 11:33:42 +0100
  [1m[36mActiveRecord::SchemaMigration Load (0.1ms)[0m  [1m[34mSELECT "schema_migrations"."version" FROM "schema_migrations" ORDER BY "schema_migrations"."version" ASC /*application='Demo'*/[0m
Processing by StaticPagesController#components as HTML
  Rendering layout layouts/application.html.erb
  Rendering static_pages/components.html.orb within layouts/application
  Rendered static_pages/components.html.orb within layouts/application (Duration: 14.7ms | GC: 1.8ms)
  Rendered layout layouts/application.html.erb (Duration: 14.9ms | GC: 1.8ms)
Completed 500 Internal Server Error in 30ms (ActiveRecord: 0.0ms (0 queries, 0 cached) | GC: 11.6ms)


  
ActionView::Template::Error (uninitialized constant Orbital::Type)
Caused by: NameError (uninitialized constant Orbital::Type)

Information for: ActionView::Template::Error (uninitialized constant Orbital::Type):
    1: <Button>Test</Button>
  
app/views/static_pages/components.html.orb:1

Information for cause: NameError (uninitialized constant Orbital::Type):
  
app/views/static_pages/components.html.orb:1
Started GET "/.well-known/appspecific/com.chrome.devtools.json" for ::1 at 2025-11-29 11:33:42 +0100
  
ActionController::RoutingError (No route matches [GET] "/.well-known/appspecific/com.chrome.devtools.json"):
  
Started GET "/components" for ::1 at 2025-11-29 11:34:16 +0100
Processing by StaticPagesController#components as HTML
  Rendering layout layouts/application.html.erb
  Rendering static_pages/components.html.orb within layouts/application
  Rendered static_pages/components.html.orb within layouts/application (Duration: 11.4ms | GC: 5.2ms)
  Rendered layout layouts/application.html.erb (Duration: 11.6ms | GC: 5.2ms)
Completed 500 Internal Server Error in 12ms (ActiveRecord: 0.0ms (0 queries, 0 cached) | GC: 5.2ms)


  
ActionView::Template::Error (Unknown type :symbol)
Caused by: ArgumentError (Unknown type :symbol)

Information for: ActionView::Template::Error (Unknown type :symbol):
    1: <Button>Test</Button>
  
app/views/static_pages/components.html.orb:1:in 'Class#new'
app/views/static_pages/components.html.orb:1

Information for cause: ArgumentError (Unknown type :symbol):
  
app/views/static_pages/components.html.orb:1:in 'Class#new'
app/views/static_pages/components.html.orb:1
Started GET "/.well-known/appspecific/com.chrome.devtools.json" for ::1 at 2025-11-29 11:34:16 +0100
  
ActionController::RoutingError (No route matches [GET] "/.well-known/appspecific/com.chrome.devtools.json"):
  
Started GET "/components" for ::1 at 2025-11-29 11:34:23 +0100
  [1m[36mActiveRecord::SchemaMigration Load (0.1ms)[0m  [1m[34mSELECT "schema_migrations"."version" FROM "schema_migrations" ORDER BY "schema_migrations"."version" ASC /*application='Demo'*/[0m
Processing by StaticPagesController#components as HTML
  Rendering layout layouts/application.html.erb
  Rendering static_pages/components.html.orb within layouts/application
  Rendered static_pages/components.html.orb within layouts/application (Duration: 15.8ms | GC: 1.5ms)
  Rendered layout layouts/application.html.erb (Duration: 21.9ms | GC: 1.5ms)
Completed 200 OK in 28ms (Views: 24.1ms | ActiveRecord: 0.0ms (0 queries, 0 cached) | GC: 2.2ms)


Started GET "/.well-known/appspecific/com.chrome.devtools.json" for ::1 at 2025-11-29 11:34:23 +0100
  
ActionController::RoutingError (No route matches [GET] "/.well-known/appspecific/com.chrome.devtools.json"):
  
Started GET "/components" for ::1 at 2025-11-29 11:34:51 +0100
Processing by StaticPagesController#components as HTML
  Rendering layout layouts/application.html.erb
  Rendering static_pages/components.html.orb within layouts/application
  Rendered static_pages/components.html.orb within layouts/application (Duration: 3.3ms | GC: 0.4ms)
  Rendered layout layouts/application.html.erb (Duration: 4.0ms | GC: 0.4ms)
Completed 200 OK in 5ms (Views: 4.7ms | ActiveRecord: 0.0ms (0 queries, 0 cached) | GC: 0.4ms)


Started GET "/.well-known/appspecific/com.chrome.devtools.json" for ::1 at 2025-11-29 11:34:51 +0100
  
ActionController::RoutingError (No route matches [GET] "/.well-known/appspecific/com.chrome.devtools.json"):
  
Started GET "/components" for ::1 at 2025-11-29 11:35:19 +0100
Processing by StaticPagesController#components as HTML
  Rendering layout layouts/application.html.erb
  Rendering static_pages/components.html.orb within layouts/application
  Rendered static_pages/components.html.orb within layouts/application (Duration: 3.5ms | GC: 0.3ms)
  Rendered layout layouts/application.html.erb (Duration: 4.4ms | GC: 0.3ms)
Completed 200 OK in 6ms (Views: 5.7ms | ActiveRecord: 0.0ms (0 queries, 0 cached) | GC: 0.9ms)


Started GET "/.well-known/appspecific/com.chrome.devtools.json" for ::1 at 2025-11-29 11:35:19 +0100
  
ActionController::RoutingError (No route matches [GET] "/.well-known/appspecific/com.chrome.devtools.json"):
  
Started GET "/components" for ::1 at 2025-11-29 11:38:29 +0100
Processing by StaticPagesController#components as HTML
  Rendering layout layouts/application.html.erb
  Rendering static_pages/components.html.orb within layouts/application
  Rendered static_pages/components.html.orb within layouts/application (Duration: 13.6ms | GC: 1.7ms)
  Rendered layout layouts/application.html.erb (Duration: 13.7ms | GC: 1.7ms)
Completed 500 Internal Server Error in 15ms (ActiveRecord: 0.0ms (0 queries, 0 cached) | GC: 1.7ms)


  
ActionView::Template::Error (undefined local variable or method 'system_attributes' for an instance of Orbital::Card)
Caused by: NameError (undefined local variable or method 'system_attributes' for an instance of Orbital::Card)

Information for: ActionView::Template::Error (undefined local variable or method 'system_attributes' for an instance of Orbital::Card):
    4: <Button variant="outline">Test</Button>
    5: <Button variant="link">Test</Button>
    6: 
    7: <Card>
    8:   test
    9: </Card>
  
app/views/static_pages/components.html.orb:7

Information for cause: NameError (undefined local variable or method 'system_attributes' for an instance of Orbital::Card):
  
app/views/static_pages/components.html.orb:7
Started GET "/.well-known/appspecific/com.chrome.devtools.json" for ::1 at 2025-11-29 11:38:29 +0100
  
ActionController::RoutingError (No route matches [GET] "/.well-known/appspecific/com.chrome.devtools.json"):
  
Started GET "/components" for ::1 at 2025-11-29 11:38:56 +0100
Processing by StaticPagesController#components as HTML
  Rendering layout layouts/application.html.erb
  Rendering static_pages/components.html.orb within layouts/application
  Rendered static_pages/components.html.orb within layouts/application (Duration: 8.2ms | GC: 1.4ms)
  Rendered layout layouts/application.html.erb (Duration: 9.1ms | GC: 1.4ms)
Completed 200 OK in 11ms (Views: 10.2ms | ActiveRecord: 0.0ms (0 queries, 0 cached) | GC: 1.4ms)


Started GET "/.well-known/appspecific/com.chrome.devtools.json" for ::1 at 2025-11-29 11:38:56 +0100
  
ActionController::RoutingError (No route matches [GET] "/.well-known/appspecific/com.chrome.devtools.json"):
  
Started GET "/components" for ::1 at 2025-11-29 11:39:14 +0100
Processing by StaticPagesController#components as HTML
  Rendering layout layouts/application.html.erb
  Rendering static_pages/components.html.orb within layouts/application
  Rendered static_pages/components.html.orb within layouts/application (Duration: 8.0ms | GC: 0.7ms)
  Rendered layout layouts/application.html.erb (Duration: 8.1ms | GC: 0.7ms)
Completed 500 Internal Server Error in 10ms (ActiveRecord: 0.0ms (0 queries, 0 cached) | GC: 0.7ms)


  
ActionView::Template::Error (undefined local variable or method 'variant' for #<Orbital::Badge:0x0000000138976448>)
Caused by: NameError (undefined local variable or method 'variant' for #<Orbital::Badge:0x0000000138976448>)

Information for: ActionView::Template::Error (undefined local variable or method 'variant' for #<Orbital::Badge:0x0000000138976448>):
    4: <Button variant="outline">Test</Button>
    5: <Button variant="link">Test</Button>
    6: 
    7: <Badge>simple</Badge>
  
app/views/static_pages/components.html.orb:7

Information for cause: NameError (undefined local variable or method 'variant' for #<Orbital::Badge:0x0000000138976448>):
  
app/views/static_pages/components.html.orb:7
Started GET "/.well-known/appspecific/com.chrome.devtools.json" for ::1 at 2025-11-29 11:39:14 +0100
  
ActionController::RoutingError (No route matches [GET] "/.well-known/appspecific/com.chrome.devtools.json"):
  
Started GET "/components" for ::1 at 2025-11-29 11:39:29 +0100
Processing by StaticPagesController#components as HTML
  Rendering layout layouts/application.html.erb
  Rendering static_pages/components.html.orb within layouts/application
  Rendered static_pages/components.html.orb within layouts/application (Duration: 5.8ms | GC: 0.9ms)
  Rendered layout layouts/application.html.erb (Duration: 6.6ms | GC: 0.9ms)
Completed 200 OK in 8ms (Views: 7.4ms | ActiveRecord: 0.0ms (0 queries, 0 cached) | GC: 0.9ms)


Started GET "/.well-known/appspecific/com.chrome.devtools.json" for ::1 at 2025-11-29 11:39:29 +0100
  
ActionController::RoutingError (No route matches [GET] "/.well-known/appspecific/com.chrome.devtools.json"):
  
Started GET "/components" for ::1 at 2025-11-29 11:41:13 +0100
Processing by StaticPagesController#components as HTML
  Rendering layout layouts/application.html.erb
  Rendering static_pages/components.html.orb within layouts/application
  Rendered static_pages/components.html.orb within layouts/application (Duration: 2.6ms | GC: 0.0ms)
  Rendered layout layouts/application.html.erb (Duration: 4.4ms | GC: 0.0ms)
Completed 200 OK in 5ms (Views: 4.7ms | ActiveRecord: 0.0ms (0 queries, 0 cached) | GC: 0.0ms)


Started GET "/.well-known/appspecific/com.chrome.devtools.json" for ::1 at 2025-11-29 11:41:13 +0100
  
ActionController::RoutingError (No route matches [GET] "/.well-known/appspecific/com.chrome.devtools.json"):
  
Started GET "/components" for ::1 at 2025-11-29 11:41:22 +0100
Processing by StaticPagesController#components as HTML
  Rendering layout layouts/application.html.erb
  Rendering static_pages/components.html.orb within layouts/application
  Rendered static_pages/components.html.orb within layouts/application (Duration: 2.4ms | GC: 0.0ms)
  Rendered layout layouts/application.html.erb (Duration: 5.4ms | GC: 1.8ms)
Completed 200 OK in 6ms (Views: 5.7ms | ActiveRecord: 0.0ms (0 queries, 0 cached) | GC: 1.8ms)


Started GET "/.well-known/appspecific/com.chrome.devtools.json" for ::1 at 2025-11-29 11:41:22 +0100
  
ActionController::RoutingError (No route matches [GET] "/.well-known/appspecific/com.chrome.devtools.json"):
  
Started GET "/components" for ::1 at 2025-11-29 11:43:06 +0100
Processing by StaticPagesController#components as HTML
  Rendering layout layouts/application.html.erb
  Rendering static_pages/components.html.orb within layouts/application
  Rendered static_pages/components.html.orb within layouts/application (Duration: 11.3ms | GC: 4.8ms)
  Rendered layout layouts/application.html.erb (Duration: 14.7ms | GC: 5.9ms)
Completed 200 OK in 17ms (Views: 16.1ms | ActiveRecord: 0.0ms (0 queries, 0 cached) | GC: 6.4ms)


Started GET "/.well-known/appspecific/com.chrome.devtools.json" for ::1 at 2025-11-29 11:43:06 +0100
  
ActionController::RoutingError (No route matches [GET] "/.well-known/appspecific/com.chrome.devtools.json"):
  
Started GET "/components" for ::1 at 2025-11-29 11:43:17 +0100
Processing by StaticPagesController#components as HTML
  Rendering layout layouts/application.html.erb
  Rendering static_pages/components.html.orb within layouts/application
  Rendered static_pages/components.html.orb within layouts/application (Duration: 3.9ms | GC: 0.4ms)
  Rendered layout layouts/application.html.erb (Duration: 4.6ms | GC: 0.4ms)
Completed 200 OK in 6ms (Views: 4.9ms | ActiveRecord: 0.0ms (0 queries, 0 cached) | GC: 0.4ms)


Started GET "/.well-known/appspecific/com.chrome.devtools.json" for ::1 at 2025-11-29 11:43:17 +0100
  
ActionController::RoutingError (No route matches [GET] "/.well-known/appspecific/com.chrome.devtools.json"):
  
Started GET "/components" for ::1 at 2025-11-29 11:45:08 +0100
Processing by StaticPagesController#components as HTML
  Rendering layout layouts/application.html.erb
  Rendering static_pages/components.html.orb within layouts/application
  Rendered static_pages/components.html.orb within layouts/application (Duration: 7.6ms | GC: 2.2ms)
  Rendered layout layouts/application.html.erb (Duration: 8.6ms | GC: 2.2ms)
Completed 200 OK in 11ms (Views: 9.9ms | ActiveRecord: 0.0ms (0 queries, 0 cached) | GC: 2.7ms)


Started GET "/.well-known/appspecific/com.chrome.devtools.json" for ::1 at 2025-11-29 11:45:09 +0100
  
ActionController::RoutingError (No route matches [GET] "/.well-known/appspecific/com.chrome.devtools.json"):
  
Started GET "/components" for ::1 at 2025-11-29 11:49:50 +0100
Processing by StaticPagesController#components as HTML
  Rendering layout layouts/application.html.erb
  Rendering static_pages/components.html.orb within layouts/application
  Rendered static_pages/components.html.orb within layouts/application (Duration: 7.0ms | GC: 0.0ms)
  Rendered layout layouts/application.html.erb (Duration: 8.4ms | GC: 0.0ms)
Completed 200 OK in 10ms (Views: 9.2ms | ActiveRecord: 0.0ms (0 queries, 0 cached) | GC: 0.0ms)


Started GET "/.well-known/appspecific/com.chrome.devtools.json" for ::1 at 2025-11-29 11:49:50 +0100
  
ActionController::RoutingError (No route matches [GET] "/.well-known/appspecific/com.chrome.devtools.json"):
  
Started GET "/components" for ::1 at 2025-11-29 11:50:27 +0100
Processing by StaticPagesController#components as HTML
  Rendering layout layouts/application.html.erb
  Rendering static_pages/components.html.orb within layouts/application
  Rendered static_pages/components.html.orb within layouts/application (Duration: 5.6ms | GC: 0.2ms)
  Rendered layout layouts/application.html.erb (Duration: 6.5ms | GC: 0.3ms)
Completed 200 OK in 8ms (Views: 7.6ms | ActiveRecord: 0.0ms (0 queries, 0 cached) | GC: 0.3ms)


Started GET "/.well-known/appspecific/com.chrome.devtools.json" for ::1 at 2025-11-29 11:50:27 +0100
  
ActionController::RoutingError (No route matches [GET] "/.well-known/appspecific/com.chrome.devtools.json"):
  
Started GET "/components" for ::1 at 2025-11-29 11:53:31 +0100
Processing by StaticPagesController#components as HTML
  Rendering layout layouts/application.html.erb
  Rendering static_pages/components.html.orb within layouts/application
  Rendered static_pages/components.html.orb within layouts/application (Duration: 5.0ms | GC: 0.9ms)
  Rendered layout layouts/application.html.erb (Duration: 8.0ms | GC: 1.5ms)
Completed 200 OK in 9ms (Views: 8.4ms | ActiveRecord: 0.0ms (0 queries, 0 cached) | GC: 1.5ms)


Started GET "/.well-known/appspecific/com.chrome.devtools.json" for ::1 at 2025-11-29 11:53:31 +0100
  
ActionController::RoutingError (No route matches [GET] "/.well-known/appspecific/com.chrome.devtools.json"):
  
Started GET "/components" for ::1 at 2025-11-29 11:55:02 +0100
Processing by StaticPagesController#components as HTML
  Rendering layout layouts/application.html.erb
  Rendering static_pages/components.html.orb within layouts/application
  Rendered static_pages/components.html.orb within layouts/application (Duration: 2.1ms | GC: 0.0ms)
  Rendered layout layouts/application.html.erb (Duration: 3.6ms | GC: 0.0ms)
Completed 200 OK in 4ms (Views: 3.8ms | ActiveRecord: 0.0ms (0 queries, 0 cached) | GC: 0.0ms)


Started GET "/.well-known/appspecific/com.chrome.devtools.json" for ::1 at 2025-11-29 11:55:02 +0100
  
ActionController::RoutingError (No route matches [GET] "/.well-known/appspecific/com.chrome.devtools.json"):
  
Started GET "/components" for ::1 at 2025-11-29 11:55:03 +0100
Processing by StaticPagesController#components as HTML
  Rendering layout layouts/application.html.erb
  Rendering static_pages/components.html.orb within layouts/application
  Rendered static_pages/components.html.orb within layouts/application (Duration: 2.8ms | GC: 0.6ms)
  Rendered layout layouts/application.html.erb (Duration: 3.3ms | GC: 0.6ms)
Completed 200 OK in 4ms (Views: 3.7ms | ActiveRecord: 0.0ms (0 queries, 0 cached) | GC: 0.6ms)


Started GET "/.well-known/appspecific/com.chrome.devtools.json" for ::1 at 2025-11-29 11:55:03 +0100
  
ActionController::RoutingError (No route matches [GET] "/.well-known/appspecific/com.chrome.devtools.json"):
  
Started GET "/components" for ::1 at 2025-11-29 11:55:09 +0100
Processing by StaticPagesController#components as HTML
  Rendering layout layouts/application.html.erb
  Rendering static_pages/components.html.orb within layouts/application
  Rendered static_pages/components.html.orb within layouts/application (Duration: 2.1ms | GC: 0.0ms)
  Rendered layout layouts/application.html.erb (Duration: 3.1ms | GC: 0.0ms)
Completed 200 OK in 4ms (Views: 3.3ms | ActiveRecord: 0.0ms (0 queries, 0 cached) | GC: 0.0ms)


Started GET "/.well-known/appspecific/com.chrome.devtools.json" for ::1 at 2025-11-29 11:55:09 +0100
  
ActionController::RoutingError (No route matches [GET] "/.well-known/appspecific/com.chrome.devtools.json"):
  
Started GET "/components" for ::1 at 2025-11-29 11:56:02 +0100
Processing by StaticPagesController#components as HTML
  Rendering layout layouts/application.html.erb
  Rendering static_pages/components.html.orb within layouts/application
  Rendered static_pages/components.html.orb within layouts/application (Duration: 5.9ms | GC: 0.0ms)
  Rendered layout layouts/application.html.erb (Duration: 7.3ms | GC: 0.0ms)
Completed 200 OK in 9ms (Views: 8.2ms | ActiveRecord: 0.0ms (0 queries, 0 cached) | GC: 0.0ms)


Started GET "/.well-known/appspecific/com.chrome.devtools.json" for ::1 at 2025-11-29 11:56:02 +0100
  
ActionController::RoutingError (No route matches [GET] "/.well-known/appspecific/com.chrome.devtools.json"):
  
Started GET "/components" for ::1 at 2025-11-29 11:56:10 +0100
Processing by StaticPagesController#components as HTML
  Rendering layout layouts/application.html.erb
  Rendering static_pages/components.html.orb within layouts/application
  Rendered static_pages/components.html.orb within layouts/application (Duration: 5.0ms | GC: 0.5ms)
  Rendered layout layouts/application.html.erb (Duration: 5.7ms | GC: 0.5ms)
Completed 200 OK in 7ms (Views: 6.5ms | ActiveRecord: 0.0ms (0 queries, 0 cached) | GC: 0.5ms)


Started GET "/.well-known/appspecific/com.chrome.devtools.json" for ::1 at 2025-11-29 11:56:10 +0100
  
ActionController::RoutingError (No route matches [GET] "/.well-known/appspecific/com.chrome.devtools.json"):
  
Started GET "/components" for ::1 at 2025-11-29 11:57:04 +0100
Processing by StaticPagesController#components as HTML
  Rendering layout layouts/application.html.erb
  Rendering static_pages/components.html.orb within layouts/application
  Rendered static_pages/components.html.orb within layouts/application (Duration: 2.5ms | GC: 0.3ms)
  Rendered layout layouts/application.html.erb (Duration: 4.2ms | GC: 0.8ms)
Completed 200 OK in 5ms (Views: 4.4ms | ActiveRecord: 0.0ms (0 queries, 0 cached) | GC: 0.8ms)


Started GET "/.well-known/appspecific/com.chrome.devtools.json" for ::1 at 2025-11-29 11:57:04 +0100
  
ActionController::RoutingError (No route matches [GET] "/.well-known/appspecific/com.chrome.devtools.json"):
  
Started GET "/components" for ::1 at 2025-11-29 11:57:57 +0100
Processing by StaticPagesController#components as HTML
  Rendering layout layouts/application.html.erb
  Rendering static_pages/components.html.orb within layouts/application
  Rendered static_pages/components.html.orb within layouts/application (Duration: 2.5ms | GC: 0.0ms)
  Rendered layout layouts/application.html.erb (Duration: 3.8ms | GC: 0.0ms)
Completed 200 OK in 5ms (Views: 4.0ms | ActiveRecord: 0.0ms (0 queries, 0 cached) | GC: 0.0ms)


Started GET "/.well-known/appspecific/com.chrome.devtools.json" for ::1 at 2025-11-29 11:57:58 +0100
  
ActionController::RoutingError (No route matches [GET] "/.well-known/appspecific/com.chrome.devtools.json"):
  
Started GET "/components" for ::1 at 2025-11-29 12:05:37 +0100
Processing by StaticPagesController#components as HTML
  Rendering layout layouts/application.html.erb
  Rendering static_pages/components.html.orb within layouts/application
  Rendered static_pages/components.html.orb within layouts/application (Duration: 3.3ms | GC: 0.3ms)
  Rendered layout layouts/application.html.erb (Duration: 6.0ms | GC: 0.3ms)
Completed 200 OK in 7ms (Views: 6.3ms | ActiveRecord: 0.0ms (0 queries, 0 cached) | GC: 0.3ms)


Started GET "/.well-known/appspecific/com.chrome.devtools.json" for ::1 at 2025-11-29 12:05:37 +0100
  
ActionController::RoutingError (No route matches [GET] "/.well-known/appspecific/com.chrome.devtools.json"):
  
Started GET "/components" for ::1 at 2025-11-29 12:06:14 +0100
Processing by StaticPagesController#components as HTML
  Rendering layout layouts/application.html.erb
  Rendering static_pages/components.html.orb within layouts/application
  Rendered static_pages/components.html.orb within layouts/application (Duration: 3.2ms | GC: 0.7ms)
  Rendered layout layouts/application.html.erb (Duration: 4.5ms | GC: 0.7ms)
Completed 200 OK in 5ms (Views: 4.7ms | ActiveRecord: 0.0ms (0 queries, 0 cached) | GC: 0.7ms)


Started GET "/.well-known/appspecific/com.chrome.devtools.json" for ::1 at 2025-11-29 12:06:14 +0100
  
ActionController::RoutingError (No route matches [GET] "/.well-known/appspecific/com.chrome.devtools.json"):
  
Started GET "/components" for ::1 at 2025-11-29 12:09:58 +0100
Processing by StaticPagesController#components as HTML
  Rendering layout layouts/application.html.erb
  Rendering static_pages/components.html.orb within layouts/application
  Rendered static_pages/components.html.orb within layouts/application (Duration: 2.1ms | GC: 0.0ms)
  Rendered layout layouts/application.html.erb (Duration: 2.6ms | GC: 0.0ms)
Completed 200 OK in 3ms (Views: 2.8ms | ActiveRecord: 0.0ms (0 queries, 0 cached) | GC: 0.0ms)


Started GET "/.well-known/appspecific/com.chrome.devtools.json" for ::1 at 2025-11-29 12:09:58 +0100
  
ActionController::RoutingError (No route matches [GET] "/.well-known/appspecific/com.chrome.devtools.json"):
  
Started GET "/components" for ::1 at 2025-11-29 12:15:23 +0100
Processing by StaticPagesController#components as HTML
  Rendering layout layouts/application.html.erb
  Rendering static_pages/components.html.orb within layouts/application
  Rendered static_pages/components.html.orb within layouts/application (Duration: 2.6ms | GC: 0.5ms)
  Rendered layout layouts/application.html.erb (Duration: 5.1ms | GC: 0.5ms)
Completed 200 OK in 6ms (Views: 5.3ms | ActiveRecord: 0.0ms (0 queries, 0 cached) | GC: 0.5ms)


Started GET "/.well-known/appspecific/com.chrome.devtools.json" for ::1 at 2025-11-29 12:15:23 +0100
  
ActionController::RoutingError (No route matches [GET] "/.well-known/appspecific/com.chrome.devtools.json"):
  
Started GET "/components" for ::1 at 2025-11-29 12:15:24 +0100
Processing by StaticPagesController#components as HTML
  Rendering layout layouts/application.html.erb
  Rendering static_pages/components.html.orb within layouts/application
  Rendered static_pages/components.html.orb within layouts/application (Duration: 2.8ms | GC: 0.6ms)
  Rendered layout layouts/application.html.erb (Duration: 3.3ms | GC: 0.6ms)
Completed 200 OK in 6ms (Views: 5.0ms | ActiveRecord: 0.0ms (0 queries, 0 cached) | GC: 2.0ms)


Started GET "/.well-known/appspecific/com.chrome.devtools.json" for ::1 at 2025-11-29 12:15:24 +0100
  
ActionController::RoutingError (No route matches [GET] "/.well-known/appspecific/com.chrome.devtools.json"):
  
Started GET "/components" for ::1 at 2025-11-29 12:15:34 +0100
Processing by StaticPagesController#components as HTML
  Rendering layout layouts/application.html.erb
  Rendering static_pages/components.html.orb within layouts/application
  Rendered static_pages/components.html.orb within layouts/application (Duration: 2.5ms | GC: 0.0ms)
  Rendered layout layouts/application.html.erb (Duration: 3.8ms | GC: 0.0ms)
Completed 200 OK in 4ms (Views: 4.0ms | ActiveRecord: 0.0ms (0 queries, 0 cached) | GC: 0.0ms)


Started GET "/.well-known/appspecific/com.chrome.devtools.json" for ::1 at 2025-11-29 12:15:34 +0100
  
ActionController::RoutingError (No route matches [GET] "/.well-known/appspecific/com.chrome.devtools.json"):
  
Started GET "/components" for ::1 at 2025-11-29 12:17:59 +0100
  [1m[36mActiveRecord::SchemaMigration Load (0.1ms)[0m  [1m[34mSELECT "schema_migrations"."version" FROM "schema_migrations" ORDER BY "schema_migrations"."version" ASC /*application='Demo'*/[0m
Processing by StaticPagesController#components as HTML
  Rendering layout layouts/application.html.erb
  Rendering static_pages/components.html.orb within layouts/application
  Rendered static_pages/components.html.orb within layouts/application (Duration: 21.0ms | GC: 2.0ms)
  Rendered layout layouts/application.html.erb (Duration: 27.2ms | GC: 2.0ms)
Completed 200 OK in 46ms (Views: 30.4ms | ActiveRecord: 0.0ms (0 queries, 0 cached) | GC: 11.8ms)


Started GET "/.well-known/appspecific/com.chrome.devtools.json" for ::1 at 2025-11-29 12:17:59 +0100
  
ActionController::RoutingError (No route matches [GET] "/.well-known/appspecific/com.chrome.devtools.json"):
  
Started GET "/components" for ::1 at 2025-11-29 12:20:30 +0100
Processing by StaticPagesController#components as HTML
  Rendering layout layouts/application.html.erb
  Rendering static_pages/components.html.orb within layouts/application
  Rendered static_pages/components.html.orb within layouts/application (Duration: 3.4ms | GC: 0.8ms)
  Rendered layout layouts/application.html.erb (Duration: 5.0ms | GC: 0.8ms)
Completed 200 OK in 6ms (Views: 5.4ms | ActiveRecord: 0.0ms (0 queries, 0 cached) | GC: 0.8ms)


Started GET "/.well-known/appspecific/com.chrome.devtools.json" for ::1 at 2025-11-29 12:20:30 +0100
  
ActionController::RoutingError (No route matches [GET] "/.well-known/appspecific/com.chrome.devtools.json"):
  
Started GET "/components" for ::1 at 2025-11-29 12:24:26 +0100
Processing by StaticPagesController#components as HTML
  Rendering layout layouts/application.html.erb
  Rendering static_pages/components.html.orb within layouts/application
  Rendered static_pages/components.html.orb within layouts/application (Duration: 7.2ms | GC: 0.0ms)
  Rendered layout layouts/application.html.erb (Duration: 26.2ms | GC: 0.0ms)
Completed 200 OK in 27ms (Views: 26.8ms | ActiveRecord: 0.0ms (0 queries, 0 cached) | GC: 0.0ms)


Started GET "/.well-known/appspecific/com.chrome.devtools.json" for ::1 at 2025-11-29 12:24:26 +0100
  
ActionController::RoutingError (No route matches [GET] "/.well-known/appspecific/com.chrome.devtools.json"):
  
Started GET "/components" for ::1 at 2025-11-29 12:24:57 +0100
Processing by StaticPagesController#components as HTML
  Rendering layout layouts/application.html.erb
  Rendering static_pages/components.html.orb within layouts/application
  Rendered static_pages/components.html.orb within layouts/application (Duration: 4.4ms | GC: 0.0ms)
  Rendered layout layouts/application.html.erb (Duration: 5.2ms | GC: 0.0ms)
Completed 200 OK in 6ms (Views: 5.5ms | ActiveRecord: 0.0ms (0 queries, 0 cached) | GC: 0.0ms)


Started GET "/.well-known/appspecific/com.chrome.devtools.json" for ::1 at 2025-11-29 12:24:57 +0100
  
ActionController::RoutingError (No route matches [GET] "/.well-known/appspecific/com.chrome.devtools.json"):
  
Started GET "/components" for ::1 at 2025-11-29 12:27:25 +0100
Processing by StaticPagesController#components as HTML
  Rendering layout layouts/application.html.erb
  Rendering static_pages/components.html.orb within layouts/application
  Rendered static_pages/components.html.orb within layouts/application (Duration: 6.9ms | GC: 0.6ms)
  Rendered layout layouts/application.html.erb (Duration: 7.9ms | GC: 0.9ms)
Completed 200 OK in 10ms (Views: 8.9ms | ActiveRecord: 0.0ms (0 queries, 0 cached) | GC: 0.9ms)


Started GET "/.well-known/appspecific/com.chrome.devtools.json" for ::1 at 2025-11-29 12:27:25 +0100
  
ActionController::RoutingError (No route matches [GET] "/.well-known/appspecific/com.chrome.devtools.json"):
  
Started GET "/components" for ::1 at 2025-11-29 12:27:30 +0100
Processing by StaticPagesController#components as HTML
  Rendering layout layouts/application.html.erb
  Rendering static_pages/components.html.orb within layouts/application
  Rendered static_pages/components.html.orb within layouts/application (Duration: 7.6ms | GC: 2.0ms)
  Rendered layout layouts/application.html.erb (Duration: 9.8ms | GC: 3.3ms)
Completed 200 OK in 11ms (Views: 10.5ms | ActiveRecord: 0.0ms (0 queries, 0 cached) | GC: 3.3ms)


Started GET "/.well-known/appspecific/com.chrome.devtools.json" for ::1 at 2025-11-29 12:27:30 +0100
  
ActionController::RoutingError (No route matches [GET] "/.well-known/appspecific/com.chrome.devtools.json"):
  
Started GET "/components" for ::1 at 2025-11-29 12:27:59 +0100
Processing by StaticPagesController#components as HTML
  Rendering layout layouts/application.html.erb
  Rendering static_pages/components.html.orb within layouts/application
  Rendered static_pages/components.html.orb within layouts/application (Duration: 6.7ms | GC: 0.0ms)
  Rendered layout layouts/application.html.erb (Duration: 7.7ms | GC: 0.0ms)
Completed 200 OK in 9ms (Views: 8.5ms | ActiveRecord: 0.0ms (0 queries, 0 cached) | GC: 0.0ms)


Started GET "/.well-known/appspecific/com.chrome.devtools.json" for ::1 at 2025-11-29 12:27:59 +0100
  
ActionController::RoutingError (No route matches [GET] "/.well-known/appspecific/com.chrome.devtools.json"):
  
Started GET "/components" for ::1 at 2025-11-29 12:30:41 +0100
Processing by StaticPagesController#components as HTML
  Rendering layout layouts/application.html.erb
  Rendering static_pages/components.html.orb within layouts/application
  Rendered static_pages/components.html.orb within layouts/application (Duration: 4.9ms | GC: 0.0ms)
  Rendered layout layouts/application.html.erb (Duration: 5.7ms | GC: 0.0ms)
Completed 200 OK in 7ms (Views: 6.7ms | ActiveRecord: 0.0ms (0 queries, 0 cached) | GC: 0.0ms)


Started GET "/.well-known/appspecific/com.chrome.devtools.json" for ::1 at 2025-11-29 12:30:41 +0100
  
ActionController::RoutingError (No route matches [GET] "/.well-known/appspecific/com.chrome.devtools.json"):
  
Started GET "/components" for ::1 at 2025-11-29 12:31:08 +0100
Processing by StaticPagesController#components as HTML
  Rendering layout layouts/application.html.erb
  Rendering static_pages/components.html.orb within layouts/application
  Rendered static_pages/components.html.orb within layouts/application (Duration: 4.7ms | GC: 0.0ms)
  Rendered layout layouts/application.html.erb (Duration: 5.5ms | GC: 0.0ms)
Completed 200 OK in 7ms (Views: 6.3ms | ActiveRecord: 0.0ms (0 queries, 0 cached) | GC: 0.0ms)


Started GET "/.well-known/appspecific/com.chrome.devtools.json" for ::1 at 2025-11-29 12:31:09 +0100
  
ActionController::RoutingError (No route matches [GET] "/.well-known/appspecific/com.chrome.devtools.json"):
  
Started GET "/components" for ::1 at 2025-11-29 12:31:41 +0100
Processing by StaticPagesController#components as HTML
  Rendering layout layouts/application.html.erb
  Rendering static_pages/components.html.orb within layouts/application
  Rendered static_pages/components.html.orb within layouts/application (Duration: 12.2ms | GC: 6.3ms)
  Rendered layout layouts/application.html.erb (Duration: 14.4ms | GC: 7.3ms)
Completed 200 OK in 16ms (Views: 15.8ms | ActiveRecord: 0.0ms (0 queries, 0 cached) | GC: 7.8ms)


Started GET "/.well-known/appspecific/com.chrome.devtools.json" for ::1 at 2025-11-29 12:31:41 +0100
  
ActionController::RoutingError (No route matches [GET] "/.well-known/appspecific/com.chrome.devtools.json"):
  
Started GET "/components" for ::1 at 2025-11-29 12:32:06 +0100
Processing by StaticPagesController#components as HTML
  Rendering layout layouts/application.html.erb
  Rendering static_pages/components.html.orb within layouts/application
  Rendered static_pages/components.html.orb within layouts/application (Duration: 6.7ms | GC: 2.0ms)
  Rendered layout layouts/application.html.erb (Duration: 7.6ms | GC: 2.0ms)
Completed 200 OK in 9ms (Views: 8.5ms | ActiveRecord: 0.0ms (0 queries, 0 cached) | GC: 2.0ms)


Started GET "/.well-known/appspecific/com.chrome.devtools.json" for ::1 at 2025-11-29 12:32:06 +0100
  
ActionController::RoutingError (No route matches [GET] "/.well-known/appspecific/com.chrome.devtools.json"):
  
Started GET "/components" for ::1 at 2025-11-29 12:32:30 +0100
Processing by StaticPagesController#components as HTML
  Rendering layout layouts/application.html.erb
  Rendering static_pages/components.html.orb within layouts/application
  Rendered static_pages/components.html.orb within layouts/application (Duration: 2.4ms | GC: 0.0ms)
  Rendered layout layouts/application.html.erb (Duration: 4.4ms | GC: 0.0ms)
Completed 200 OK in 5ms (Views: 4.7ms | ActiveRecord: 0.0ms (0 queries, 0 cached) | GC: 0.0ms)


Started GET "/.well-known/appspecific/com.chrome.devtools.json" for ::1 at 2025-11-29 12:32:30 +0100
  
ActionController::RoutingError (No route matches [GET] "/.well-known/appspecific/com.chrome.devtools.json"):
  
Started GET "/components" for ::1 at 2025-11-29 16:18:37 +0100
  [1m[36mActiveRecord::SchemaMigration Load (0.1ms)[0m  [1m[34mSELECT "schema_migrations"."version" FROM "schema_migrations" ORDER BY "schema_migrations"."version" ASC /*application='Demo'*/[0m
Processing by StaticPagesController#components as HTML
  Rendering layout layouts/application.html.erb
  Rendering static_pages/components.html.orb within layouts/application
  Rendered static_pages/components.html.orb within layouts/application (Duration: 21.0ms | GC: 0.0ms)
  Rendered layout layouts/application.html.erb (Duration: 28.1ms | GC: 0.0ms)
Completed 200 OK in 37ms (Views: 30.5ms | ActiveRecord: 0.0ms (0 queries, 0 cached) | GC: 0.0ms)


Started GET "/.well-known/appspecific/com.chrome.devtools.json" for ::1 at 2025-11-29 16:18:37 +0100
  
ActionController::RoutingError (No route matches [GET] "/.well-known/appspecific/com.chrome.devtools.json"):
  
Started GET "/components" for ::1 at 2025-11-29 16:22:30 +0100
Processing by StaticPagesController#components as HTML
  Rendering layout layouts/application.html.erb
  Rendering static_pages/components.html.orb within layouts/application
  Rendered static_pages/components.html.orb within layouts/application (Duration: 8.6ms | GC: 6.0ms)
  Rendered layout layouts/application.html.erb (Duration: 8.7ms | GC: 6.0ms)
Completed 500 Internal Server Error in 10ms (ActiveRecord: 0.0ms (0 queries, 0 cached) | GC: 6.0ms)


  
ActionView::Template::Error (uninitialized constant #<Class:0x00000001626de620>::Page)
Caused by: NameError (uninitialized constant #<Class:0x00000001626de620>::Page)

Information for: ActionView::Template::Error (uninitialized constant #<Class:0x00000001626de620>::Page):
    1: <Page>
    2:   <div class="bg-background relative z-10 flex min-h-svh flex-col">
    3:     <main class="flex flex-1 flex-col">
    4:       <div class="container-wrapper section-soft flex-1 pb-6">
  
app/views/static_pages/components.html.orb:1

Information for cause: NameError (uninitialized constant #<Class:0x00000001626de620>::Page):
  
app/views/static_pages/components.html.orb:1
Started GET "/.well-known/appspecific/com.chrome.devtools.json" for ::1 at 2025-11-29 16:22:31 +0100
  
ActionController::RoutingError (No route matches [GET] "/.well-known/appspecific/com.chrome.devtools.json"):
  
Started GET "/components" for ::1 at 2025-11-29 16:22:51 +0100
Processing by StaticPagesController#components as HTML
  Rendering layout layouts/application.html.erb
  Rendering static_pages/components.html.orb within layouts/application
  Rendered static_pages/components.html.orb within layouts/application (Duration: 0.5ms | GC: 0.3ms)
  Rendered layout layouts/application.html.erb (Duration: 0.6ms | GC: 0.3ms)
Completed 500 Internal Server Error in 1ms (ActiveRecord: 0.0ms (0 queries, 0 cached) | GC: 0.3ms)


  
ActionView::Template::Error (uninitialized constant #<Class:0x00000001626de620>::Page)
Caused by: NameError (uninitialized constant #<Class:0x00000001626de620>::Page)

Information for: ActionView::Template::Error (uninitialized constant #<Class:0x00000001626de620>::Page):
    1: <Page>
    2:   <div class="bg-background relative z-10 flex min-h-svh flex-col">
    3:     <main class="flex flex-1 flex-col">
    4:       <div class="container-wrapper section-soft flex-1 pb-6">
  
app/views/static_pages/components.html.orb:1

Information for cause: NameError (uninitialized constant #<Class:0x00000001626de620>::Page):
  
app/views/static_pages/components.html.orb:1
Started GET "/.well-known/appspecific/com.chrome.devtools.json" for ::1 at 2025-11-29 16:22:51 +0100
  
ActionController::RoutingError (No route matches [GET] "/.well-known/appspecific/com.chrome.devtools.json"):
  
Started GET "/components" for ::1 at 2025-11-29 16:22:59 +0100
  [1m[36mActiveRecord::SchemaMigration Load (0.1ms)[0m  [1m[34mSELECT "schema_migrations"."version" FROM "schema_migrations" ORDER BY "schema_migrations"."version" ASC /*application='Demo'*/[0m
Processing by StaticPagesController#components as HTML
  Rendering layout layouts/application.html.erb
  Rendering static_pages/components.html.orb within layouts/application
  Rendered static_pages/components.html.orb within layouts/application (Duration: 21.0ms | GC: 0.0ms)
  Rendered layout layouts/application.html.erb (Duration: 28.0ms | GC: 0.0ms)
Completed 200 OK in 36ms (Views: 31.1ms | ActiveRecord: 0.0ms (0 queries, 0 cached) | GC: 0.0ms)


Started GET "/.well-known/appspecific/com.chrome.devtools.json" for ::1 at 2025-11-29 16:22:59 +0100
  
ActionController::RoutingError (No route matches [GET] "/.well-known/appspecific/com.chrome.devtools.json"):
  
Started GET "/components" for ::1 at 2025-11-29 16:25:18 +0100
Processing by StaticPagesController#components as HTML
  Rendering layout layouts/application.html.erb
  Rendering static_pages/components.html.orb within layouts/application
  Rendered static_pages/components.html.orb within layouts/application (Duration: 21.3ms | GC: 12.1ms)
  Rendered layout layouts/application.html.erb (Duration: 24.9ms | GC: 13.3ms)
Completed 200 OK in 27ms (Views: 26.1ms | ActiveRecord: 0.0ms (0 queries, 0 cached) | GC: 13.3ms)


Started GET "/.well-known/appspecific/com.chrome.devtools.json" for ::1 at 2025-11-29 16:25:18 +0100
  
ActionController::RoutingError (No route matches [GET] "/.well-known/appspecific/com.chrome.devtools.json"):
  
Started GET "/components" for ::1 at 2025-11-29 16:25:58 +0100
Processing by StaticPagesController#components as HTML
  Rendering layout layouts/application.html.erb
  Rendering static_pages/components.html.orb within layouts/application
  Rendered static_pages/components.html.orb within layouts/application (Duration: 8.5ms | GC: 0.0ms)
  Rendered layout layouts/application.html.erb (Duration: 10.3ms | GC: 0.0ms)
Completed 200 OK in 12ms (Views: 11.4ms | ActiveRecord: 0.0ms (0 queries, 0 cached) | GC: 0.0ms)


Started GET "/.well-known/appspecific/com.chrome.devtools.json" for ::1 at 2025-11-29 16:25:58 +0100
  
ActionController::RoutingError (No route matches [GET] "/.well-known/appspecific/com.chrome.devtools.json"):
  
Started GET "/components" for ::1 at 2025-11-29 16:26:38 +0100
Processing by StaticPagesController#components as HTML
  Rendering layout layouts/application.html.erb
  Rendering static_pages/components.html.orb within layouts/application
  Rendered static_pages/components.html.orb within layouts/application (Duration: 14.2ms | GC: 4.7ms)
  Rendered layout layouts/application.html.erb (Duration: 15.2ms | GC: 4.7ms)
Completed 200 OK in 17ms (Views: 16.2ms | ActiveRecord: 0.0ms (0 queries, 0 cached) | GC: 4.7ms)


Started GET "/.well-known/appspecific/com.chrome.devtools.json" for ::1 at 2025-11-29 16:26:38 +0100
  
ActionController::RoutingError (No route matches [GET] "/.well-known/appspecific/com.chrome.devtools.json"):
  
Started GET "/components" for ::1 at 2025-11-29 16:26:43 +0100
Processing by StaticPagesController#components as HTML
  Rendering layout layouts/application.html.erb
  Rendering static_pages/components.html.orb within layouts/application
  Rendered static_pages/components.html.orb within layouts/application (Duration: 9.2ms | GC: 2.2ms)
  Rendered layout layouts/application.html.erb (Duration: 11.5ms | GC: 2.2ms)
Completed 200 OK in 13ms (Views: 12.3ms | ActiveRecord: 0.0ms (0 queries, 0 cached) | GC: 2.2ms)


Started GET "/.well-known/appspecific/com.chrome.devtools.json" for ::1 at 2025-11-29 16:26:43 +0100
  
ActionController::RoutingError (No route matches [GET] "/.well-known/appspecific/com.chrome.devtools.json"):
  
Started GET "/components" for ::1 at 2025-11-29 16:27:01 +0100
Processing by StaticPagesController#components as HTML
  Rendering layout layouts/application.html.erb
  Rendering static_pages/components.html.orb within layouts/application
  Rendered static_pages/components.html.orb within layouts/application (Duration: 9.8ms | GC: 2.0ms)
  Rendered layout layouts/application.html.erb (Duration: 11.1ms | GC: 2.0ms)
Completed 200 OK in 13ms (Views: 12.0ms | ActiveRecord: 0.0ms (0 queries, 0 cached) | GC: 2.0ms)


Started GET "/.well-known/appspecific/com.chrome.devtools.json" for ::1 at 2025-11-29 16:27:01 +0100
  
ActionController::RoutingError (No route matches [GET] "/.well-known/appspecific/com.chrome.devtools.json"):
  
Started GET "/components" for ::1 at 2025-11-29 16:28:01 +0100
Processing by StaticPagesController#components as HTML
  Rendering layout layouts/application.html.erb
  Rendering static_pages/components.html.orb within layouts/application
  Rendered static_pages/components.html.orb within layouts/application (Duration: 9.4ms | GC: 1.8ms)
  Rendered layout layouts/application.html.erb (Duration: 10.2ms | GC: 1.8ms)
Completed 200 OK in 12ms (Views: 10.9ms | ActiveRecord: 0.0ms (0 queries, 0 cached) | GC: 1.8ms)


Started GET "/.well-known/appspecific/com.chrome.devtools.json" for ::1 at 2025-11-29 16:28:01 +0100
  
ActionController::RoutingError (No route matches [GET] "/.well-known/appspecific/com.chrome.devtools.json"):
  
Started GET "/components" for ::1 at 2025-11-29 16:28:10 +0100
Processing by StaticPagesController#components as HTML
  Rendering layout layouts/application.html.erb
  Rendering static_pages/components.html.orb within layouts/application
  Rendered static_pages/components.html.orb within layouts/application (Duration: 8.9ms | GC: 0.9ms)
  Rendered layout layouts/application.html.erb (Duration: 9.7ms | GC: 0.9ms)
Completed 200 OK in 11ms (Views: 10.5ms | ActiveRecord: 0.0ms (0 queries, 0 cached) | GC: 0.9ms)


Started GET "/.well-known/appspecific/com.chrome.devtools.json" for ::1 at 2025-11-29 16:28:10 +0100
  
ActionController::RoutingError (No route matches [GET] "/.well-known/appspecific/com.chrome.devtools.json"):
  
Started GET "/components" for ::1 at 2025-11-29 16:28:18 +0100
Processing by StaticPagesController#components as HTML
  Rendering layout layouts/application.html.erb
  Rendering static_pages/components.html.orb within layouts/application
  Rendered static_pages/components.html.orb within layouts/application (Duration: 21.5ms | GC: 11.0ms)
  Rendered layout layouts/application.html.erb (Duration: 23.5ms | GC: 12.1ms)
Completed 200 OK in 25ms (Views: 24.3ms | ActiveRecord: 0.0ms (0 queries, 0 cached) | GC: 12.1ms)


Started GET "/.well-known/appspecific/com.chrome.devtools.json" for ::1 at 2025-11-29 16:28:18 +0100
  
ActionController::RoutingError (No route matches [GET] "/.well-known/appspecific/com.chrome.devtools.json"):
  
Started GET "/components" for ::1 at 2025-11-29 16:28:25 +0100
Processing by StaticPagesController#components as HTML
  Rendering layout layouts/application.html.erb
  Rendering static_pages/components.html.orb within layouts/application
  Rendered static_pages/components.html.orb within layouts/application (Duration: 7.8ms | GC: 0.0ms)
  Rendered layout layouts/application.html.erb (Duration: 8.6ms | GC: 0.0ms)
Completed 200 OK in 11ms (Views: 10.1ms | ActiveRecord: 0.0ms (0 queries, 0 cached) | GC: 0.0ms)


Started GET "/.well-known/appspecific/com.chrome.devtools.json" for ::1 at 2025-11-29 16:28:25 +0100
  
ActionController::RoutingError (No route matches [GET] "/.well-known/appspecific/com.chrome.devtools.json"):
  
Started GET "/components" for ::1 at 2025-11-29 16:28:41 +0100
Processing by StaticPagesController#components as HTML
  Rendering layout layouts/application.html.erb
  Rendering static_pages/components.html.orb within layouts/application
  Rendered static_pages/components.html.orb within layouts/application (Duration: 10.6ms | GC: 2.9ms)
  Rendered layout layouts/application.html.erb (Duration: 11.4ms | GC: 2.9ms)
Completed 200 OK in 13ms (Views: 12.0ms | ActiveRecord: 0.0ms (0 queries, 0 cached) | GC: 2.9ms)


Started GET "/.well-known/appspecific/com.chrome.devtools.json" for ::1 at 2025-11-29 16:28:41 +0100
  
ActionController::RoutingError (No route matches [GET] "/.well-known/appspecific/com.chrome.devtools.json"):
  
Started GET "/components" for ::1 at 2025-11-29 16:29:01 +0100
Processing by StaticPagesController#components as HTML
  Rendering layout layouts/application.html.erb
  Rendering static_pages/components.html.orb within layouts/application
  Rendered static_pages/components.html.orb within layouts/application (Duration: 10.0ms | GC: 2.3ms)
  Rendered layout layouts/application.html.erb (Duration: 10.8ms | GC: 2.3ms)
Completed 200 OK in 12ms (Views: 11.6ms | ActiveRecord: 0.0ms (0 queries, 0 cached) | GC: 2.3ms)


Started GET "/.well-known/appspecific/com.chrome.devtools.json" for ::1 at 2025-11-29 16:29:01 +0100
  
ActionController::RoutingError (No route matches [GET] "/.well-known/appspecific/com.chrome.devtools.json"):
  
Started GET "/components" for ::1 at 2025-11-29 16:29:16 +0100
Processing by StaticPagesController#components as HTML
  Rendering layout layouts/application.html.erb
  Rendering static_pages/components.html.orb within layouts/application
  Rendered static_pages/components.html.orb within layouts/application (Duration: 10.0ms | GC: 2.1ms)
  Rendered layout layouts/application.html.erb (Duration: 10.8ms | GC: 2.1ms)
Completed 200 OK in 12ms (Views: 11.5ms | ActiveRecord: 0.0ms (0 queries, 0 cached) | GC: 2.1ms)


Started GET "/.well-known/appspecific/com.chrome.devtools.json" for ::1 at 2025-11-29 16:29:16 +0100
  
ActionController::RoutingError (No route matches [GET] "/.well-known/appspecific/com.chrome.devtools.json"):
  
Started GET "/components" for ::1 at 2025-11-29 16:30:01 +0100
Processing by StaticPagesController#components as HTML
  Rendering layout layouts/application.html.erb
  Rendering static_pages/components.html.orb within layouts/application
  Rendered static_pages/components.html.orb within layouts/application (Duration: 9.9ms | GC: 2.0ms)
  Rendered layout layouts/application.html.erb (Duration: 11.0ms | GC: 2.3ms)
Completed 200 OK in 12ms (Views: 11.8ms | ActiveRecord: 0.0ms (0 queries, 0 cached) | GC: 2.3ms)


Started GET "/.well-known/appspecific/com.chrome.devtools.json" for ::1 at 2025-11-29 16:30:01 +0100
  
ActionController::RoutingError (No route matches [GET] "/.well-known/appspecific/com.chrome.devtools.json"):
  
Started GET "/components" for ::1 at 2025-11-29 16:30:19 +0100
Processing by StaticPagesController#components as HTML
  Rendering layout layouts/application.html.erb
  Rendering static_pages/components.html.orb within layouts/application
  Rendered static_pages/components.html.orb within layouts/application (Duration: 8.7ms | GC: 0.6ms)
  Rendered layout layouts/application.html.erb (Duration: 9.4ms | GC: 0.6ms)
Completed 200 OK in 11ms (Views: 10.3ms | ActiveRecord: 0.0ms (0 queries, 0 cached) | GC: 0.6ms)


Started GET "/.well-known/appspecific/com.chrome.devtools.json" for ::1 at 2025-11-29 16:30:19 +0100
  
ActionController::RoutingError (No route matches [GET] "/.well-known/appspecific/com.chrome.devtools.json"):
  
Started GET "/components" for ::1 at 2025-11-29 16:30:57 +0100
Processing by StaticPagesController#components as HTML
  Rendering layout layouts/application.html.erb
  Rendering static_pages/components.html.orb within layouts/application
  Rendered static_pages/components.html.orb within layouts/application (Duration: 4.8ms | GC: 0.3ms)
  Rendered layout layouts/application.html.erb (Duration: 6.6ms | GC: 0.3ms)
Completed 200 OK in 7ms (Views: 6.9ms | ActiveRecord: 0.0ms (0 queries, 0 cached) | GC: 0.3ms)


Started GET "/.well-known/appspecific/com.chrome.devtools.json" for ::1 at 2025-11-29 16:30:57 +0100
  
ActionController::RoutingError (No route matches [GET] "/.well-known/appspecific/com.chrome.devtools.json"):
  
Started GET "/components" for ::1 at 2025-11-29 16:31:12 +0100
Processing by StaticPagesController#components as HTML
  Rendering layout layouts/application.html.erb
  Rendering static_pages/components.html.orb within layouts/application
  Rendered static_pages/components.html.orb within layouts/application (Duration: 5.9ms | GC: 0.0ms)
  Rendered layout layouts/application.html.erb (Duration: 7.0ms | GC: 0.0ms)
Completed 200 OK in 9ms (Views: 8.1ms | ActiveRecord: 0.0ms (0 queries, 0 cached) | GC: 0.0ms)


Started GET "/.well-known/appspecific/com.chrome.devtools.json" for ::1 at 2025-11-29 16:31:12 +0100
  
ActionController::RoutingError (No route matches [GET] "/.well-known/appspecific/com.chrome.devtools.json"):
  
Started GET "/components" for ::1 at 2025-11-29 16:32:42 +0100
Processing by StaticPagesController#components as HTML
  Rendering layout layouts/application.html.erb
  Rendering static_pages/components.html.orb within layouts/application
  Rendered static_pages/components.html.orb within layouts/application (Duration: 7.3ms | GC: 0.0ms)
  Rendered layout layouts/application.html.erb (Duration: 8.2ms | GC: 0.0ms)
Completed 200 OK in 10ms (Views: 9.3ms | ActiveRecord: 0.0ms (0 queries, 0 cached) | GC: 0.0ms)


Started GET "/.well-known/appspecific/com.chrome.devtools.json" for ::1 at 2025-11-29 16:32:42 +0100
  
ActionController::RoutingError (No route matches [GET] "/.well-known/appspecific/com.chrome.devtools.json"):
  
Started GET "/components" for ::1 at 2025-11-29 16:32:56 +0100
Processing by StaticPagesController#components as HTML
  Rendering layout layouts/application.html.erb
  Rendering static_pages/components.html.orb within layouts/application
  Rendered static_pages/components.html.orb within layouts/application (Duration: 4.3ms | GC: 0.0ms)
  Rendered layout layouts/application.html.erb (Duration: 5.0ms | GC: 0.0ms)
Completed 200 OK in 6ms (Views: 5.7ms | ActiveRecord: 0.0ms (0 queries, 0 cached) | GC: 0.0ms)


Started GET "/.well-known/appspecific/com.chrome.devtools.json" for ::1 at 2025-11-29 16:32:56 +0100
  
ActionController::RoutingError (No route matches [GET] "/.well-known/appspecific/com.chrome.devtools.json"):
  
Started GET "/components" for ::1 at 2025-11-29 16:34:01 +0100
Processing by StaticPagesController#components as HTML
  Rendering layout layouts/application.html.erb
  Rendering static_pages/components.html.orb within layouts/application
  Rendered static_pages/components.html.orb within layouts/application (Duration: 8.0ms | GC: 1.4ms)
  Rendered layout layouts/application.html.erb (Duration: 10.3ms | GC: 1.7ms)
Completed 200 OK in 12ms (Views: 11.4ms | ActiveRecord: 0.0ms (0 queries, 0 cached) | GC: 1.7ms)


Started GET "/.well-known/appspecific/com.chrome.devtools.json" for ::1 at 2025-11-29 16:34:01 +0100
  
ActionController::RoutingError (No route matches [GET] "/.well-known/appspecific/com.chrome.devtools.json"):
  
Started GET "/components" for ::1 at 2025-11-29 16:34:42 +0100
Processing by StaticPagesController#components as HTML
  Rendering layout layouts/application.html.erb
  Rendering static_pages/components.html.orb within layouts/application
  Rendered static_pages/components.html.orb within layouts/application (Duration: 7.9ms | GC: 1.2ms)
  Rendered layout layouts/application.html.erb (Duration: 10.7ms | GC: 1.9ms)
Completed 200 OK in 12ms (Views: 11.7ms | ActiveRecord: 0.0ms (0 queries, 0 cached) | GC: 1.9ms)


Started GET "/.well-known/appspecific/com.chrome.devtools.json" for ::1 at 2025-11-29 16:34:42 +0100
  
ActionController::RoutingError (No route matches [GET] "/.well-known/appspecific/com.chrome.devtools.json"):
  
Started GET "/components" for ::1 at 2025-11-29 16:35:55 +0100
Processing by StaticPagesController#components as HTML
  Rendering layout layouts/application.html.erb
  Rendering static_pages/components.html.orb within layouts/application
  Rendered static_pages/components.html.orb within layouts/application (Duration: 3.3ms | GC: 0.7ms)
  Rendered layout layouts/application.html.erb (Duration: 4.8ms | GC: 0.7ms)
Completed 200 OK in 6ms (Views: 5.0ms | ActiveRecord: 0.0ms (0 queries, 0 cached) | GC: 0.7ms)


Started GET "/.well-known/appspecific/com.chrome.devtools.json" for ::1 at 2025-11-29 16:35:55 +0100
  
ActionController::RoutingError (No route matches [GET] "/.well-known/appspecific/com.chrome.devtools.json"):
  
Started GET "/components" for ::1 at 2025-11-29 16:36:51 +0100
Processing by StaticPagesController#components as HTML
  Rendering layout layouts/application.html.erb
  Rendering static_pages/components.html.orb within layouts/application
  Rendered static_pages/components.html.orb within layouts/application (Duration: 9.5ms | GC: 2.2ms)
  Rendered layout layouts/application.html.erb (Duration: 10.2ms | GC: 2.2ms)
Completed 200 OK in 12ms (Views: 10.9ms | ActiveRecord: 0.0ms (0 queries, 0 cached) | GC: 2.2ms)


Started GET "/.well-known/appspecific/com.chrome.devtools.json" for ::1 at 2025-11-29 16:36:51 +0100
  
ActionController::RoutingError (No route matches [GET] "/.well-known/appspecific/com.chrome.devtools.json"):
  
Started GET "/components" for ::1 at 2025-11-29 16:40:08 +0100
Processing by StaticPagesController#components as HTML
  Rendering layout layouts/application.html.erb
  Rendering static_pages/components.html.orb within layouts/application
  Rendered static_pages/components.html.orb within layouts/application (Duration: 9.6ms | GC: 0.0ms)
  Rendered layout layouts/application.html.erb (Duration: 11.6ms | GC: 0.0ms)
Completed 200 OK in 13ms (Views: 12.5ms | ActiveRecord: 0.0ms (0 queries, 0 cached) | GC: 0.0ms)


Started GET "/.well-known/appspecific/com.chrome.devtools.json" for ::1 at 2025-11-29 16:40:09 +0100
  
ActionController::RoutingError (No route matches [GET] "/.well-known/appspecific/com.chrome.devtools.json"):
  
Started GET "/components" for ::1 at 2025-11-29 16:41:56 +0100
Processing by StaticPagesController#components as HTML
  Rendering layout layouts/application.html.erb
  Rendering static_pages/components.html.orb within layouts/application
  Rendered static_pages/components.html.orb within layouts/application (Duration: 27.3ms | GC: 5.8ms)
  Rendered layout layouts/application.html.erb (Duration: 29.4ms | GC: 5.8ms)
Completed 200 OK in 31ms (Views: 30.3ms | ActiveRecord: 0.0ms (0 queries, 0 cached) | GC: 5.8ms)


Started GET "/.well-known/appspecific/com.chrome.devtools.json" for ::1 at 2025-11-29 16:41:56 +0100
  
ActionController::RoutingError (No route matches [GET] "/.well-known/appspecific/com.chrome.devtools.json"):
  
Started GET "/components" for ::1 at 2025-11-29 16:44:50 +0100
Processing by StaticPagesController#components as HTML
  Rendering layout layouts/application.html.erb
  Rendering static_pages/components.html.orb within layouts/application
  Rendered static_pages/components.html.orb within layouts/application (Duration: 35.2ms | GC: 11.1ms)
  Rendered layout layouts/application.html.erb (Duration: 37.6ms | GC: 12.7ms)
Completed 200 OK in 40ms (Views: 39.4ms | ActiveRecord: 0.0ms (0 queries, 0 cached) | GC: 13.6ms)


Started GET "/.well-known/appspecific/com.chrome.devtools.json" for ::1 at 2025-11-29 16:44:50 +0100
  
ActionController::RoutingError (No route matches [GET] "/.well-known/appspecific/com.chrome.devtools.json"):
  
Started GET "/components" for ::1 at 2025-11-29 16:49:34 +0100
Processing by StaticPagesController#components as HTML
  Rendering layout layouts/application.html.erb
  Rendering static_pages/components.html.orb within layouts/application
  Rendered static_pages/components.html.orb within layouts/application (Duration: 14.3ms | GC: 3.2ms)
  Rendered layout layouts/application.html.erb (Duration: 16.2ms | GC: 3.2ms)
Completed 200 OK in 18ms (Views: 17.6ms | ActiveRecord: 0.0ms (0 queries, 0 cached) | GC: 3.2ms)


Started GET "/.well-known/appspecific/com.chrome.devtools.json" for ::1 at 2025-11-29 16:49:35 +0100
  
ActionController::RoutingError (No route matches [GET] "/.well-known/appspecific/com.chrome.devtools.json"):
  
Started GET "/components" for ::1 at 2025-11-29 16:49:41 +0100
Processing by StaticPagesController#components as HTML
  Rendering layout layouts/application.html.erb
  Rendering static_pages/components.html.orb within layouts/application
  Rendered static_pages/components.html.orb within layouts/application (Duration: 40.9ms | GC: 2.8ms)
  Rendered layout layouts/application.html.erb (Duration: 41.8ms | GC: 2.9ms)
Completed 200 OK in 43ms (Views: 42.6ms | ActiveRecord: 0.0ms (0 queries, 0 cached) | GC: 2.9ms)


Started GET "/.well-known/appspecific/com.chrome.devtools.json" for ::1 at 2025-11-29 16:49:41 +0100
  
ActionController::RoutingError (No route matches [GET] "/.well-known/appspecific/com.chrome.devtools.json"):
  
Started GET "/components" for ::1 at 2025-11-29 16:49:53 +0100
Processing by StaticPagesController#components as HTML
  Rendering layout layouts/application.html.erb
  Rendering static_pages/components.html.orb within layouts/application
  Rendered static_pages/components.html.orb within layouts/application (Duration: 10.6ms | GC: 0.0ms)
  Rendered layout layouts/application.html.erb (Duration: 12.3ms | GC: 0.0ms)
Completed 200 OK in 14ms (Views: 13.1ms | ActiveRecord: 0.0ms (0 queries, 0 cached) | GC: 0.0ms)


Started GET "/.well-known/appspecific/com.chrome.devtools.json" for ::1 at 2025-11-29 16:49:53 +0100
  
ActionController::RoutingError (No route matches [GET] "/.well-known/appspecific/com.chrome.devtools.json"):
  
Started GET "/components" for ::1 at 2025-11-29 16:49:57 +0100
Processing by StaticPagesController#components as HTML
  Rendering layout layouts/application.html.erb
  Rendering static_pages/components.html.orb within layouts/application
  Rendered static_pages/components.html.orb within layouts/application (Duration: 12.4ms | GC: 2.8ms)
  Rendered layout layouts/application.html.erb (Duration: 13.4ms | GC: 2.8ms)
Completed 200 OK in 16ms (Views: 15.1ms | ActiveRecord: 0.0ms (0 queries, 0 cached) | GC: 3.4ms)


Started GET "/.well-known/appspecific/com.chrome.devtools.json" for ::1 at 2025-11-29 16:49:57 +0100
  
ActionController::RoutingError (No route matches [GET] "/.well-known/appspecific/com.chrome.devtools.json"):
  
Started GET "/components" for ::1 at 2025-11-29 16:50:06 +0100
Processing by StaticPagesController#components as HTML
  Rendering layout layouts/application.html.erb
  Rendering static_pages/components.html.orb within layouts/application
  Rendered static_pages/components.html.orb within layouts/application (Duration: 12.7ms | GC: 2.5ms)
  Rendered layout layouts/application.html.erb (Duration: 13.6ms | GC: 2.5ms)
Completed 200 OK in 15ms (Views: 14.3ms | ActiveRecord: 0.0ms (0 queries, 0 cached) | GC: 2.5ms)


Started GET "/.well-known/appspecific/com.chrome.devtools.json" for ::1 at 2025-11-29 16:50:06 +0100
  
ActionController::RoutingError (No route matches [GET] "/.well-known/appspecific/com.chrome.devtools.json"):
  
Started GET "/components" for ::1 at 2025-11-29 16:50:13 +0100
Processing by StaticPagesController#components as HTML
  Rendering layout layouts/application.html.erb
  Rendering static_pages/components.html.orb within layouts/application
  Rendered static_pages/components.html.orb within layouts/application (Duration: 10.5ms | GC: 0.0ms)
  Rendered layout layouts/application.html.erb (Duration: 11.2ms | GC: 0.0ms)
Completed 200 OK in 12ms (Views: 11.9ms | ActiveRecord: 0.0ms (0 queries, 0 cached) | GC: 0.0ms)


Started GET "/.well-known/appspecific/com.chrome.devtools.json" for ::1 at 2025-11-29 16:50:13 +0100
  
ActionController::RoutingError (No route matches [GET] "/.well-known/appspecific/com.chrome.devtools.json"):
  
Started GET "/components" for ::1 at 2025-11-29 16:51:28 +0100
Processing by StaticPagesController#components as HTML
  Rendering layout layouts/application.html.erb
  Rendering static_pages/components.html.orb within layouts/application
  Rendered static_pages/components.html.orb within layouts/application (Duration: 12.6ms | GC: 1.7ms)
  Rendered layout layouts/application.html.erb (Duration: 14.7ms | GC: 1.8ms)
Completed 200 OK in 16ms (Views: 15.6ms | ActiveRecord: 0.0ms (0 queries, 0 cached) | GC: 1.8ms)


Started GET "/.well-known/appspecific/com.chrome.devtools.json" for ::1 at 2025-11-29 16:51:29 +0100
  
ActionController::RoutingError (No route matches [GET] "/.well-known/appspecific/com.chrome.devtools.json"):
  
Started GET "/components" for ::1 at 2025-11-29 16:52:53 +0100
Processing by StaticPagesController#components as HTML
  Rendering layout layouts/application.html.erb
  Rendering static_pages/components.html.orb within layouts/application
  Rendered static_pages/components.html.orb within layouts/application (Duration: 5.3ms | GC: 0.7ms)
  Rendered layout layouts/application.html.erb (Duration: 7.4ms | GC: 0.7ms)
Completed 200 OK in 8ms (Views: 7.6ms | ActiveRecord: 0.0ms (0 queries, 0 cached) | GC: 0.7ms)


Started GET "/.well-known/appspecific/com.chrome.devtools.json" for ::1 at 2025-11-29 16:52:53 +0100
  
ActionController::RoutingError (No route matches [GET] "/.well-known/appspecific/com.chrome.devtools.json"):
  
Started GET "/components" for ::1 at 2025-11-29 16:54:21 +0100
Processing by StaticPagesController#components as HTML
  Rendering layout layouts/application.html.erb
  Rendering static_pages/components.html.orb within layouts/application
  Rendered static_pages/components.html.orb within layouts/application (Duration: 14.4ms | GC: 1.9ms)
  Rendered layout layouts/application.html.erb (Duration: 15.3ms | GC: 1.9ms)
Completed 200 OK in 17ms (Views: 16.2ms | ActiveRecord: 0.0ms (0 queries, 0 cached) | GC: 1.9ms)


Started GET "/.well-known/appspecific/com.chrome.devtools.json" for ::1 at 2025-11-29 16:54:21 +0100
  
ActionController::RoutingError (No route matches [GET] "/.well-known/appspecific/com.chrome.devtools.json"):
  
Started GET "/components" for ::1 at 2025-11-29 16:55:02 +0100
Processing by StaticPagesController#components as HTML
  Rendering layout layouts/application.html.erb
  Rendering static_pages/components.html.orb within layouts/application
  Rendered static_pages/components.html.orb within layouts/application (Duration: 12.1ms | GC: 2.1ms)
  Rendered layout layouts/application.html.erb (Duration: 12.9ms | GC: 2.1ms)
Completed 200 OK in 15ms (Views: 13.6ms | ActiveRecord: 0.0ms (0 queries, 0 cached) | GC: 2.4ms)


Started GET "/.well-known/appspecific/com.chrome.devtools.json" for ::1 at 2025-11-29 16:55:03 +0100
  
ActionController::RoutingError (No route matches [GET] "/.well-known/appspecific/com.chrome.devtools.json"):
  
Started GET "/components" for ::1 at 2025-11-29 16:56:24 +0100
Processing by StaticPagesController#components as HTML
  Rendering layout layouts/application.html.erb
  Rendering static_pages/components.html.orb within layouts/application
  Rendered static_pages/components.html.orb within layouts/application (Duration: 9.8ms | GC: 0.0ms)
  Rendered layout layouts/application.html.erb (Duration: 11.3ms | GC: 0.0ms)
Completed 200 OK in 13ms (Views: 12.0ms | ActiveRecord: 0.0ms (0 queries, 0 cached) | GC: 0.0ms)


Started GET "/.well-known/appspecific/com.chrome.devtools.json" for ::1 at 2025-11-29 16:56:24 +0100
  
ActionController::RoutingError (No route matches [GET] "/.well-known/appspecific/com.chrome.devtools.json"):
  
Started GET "/components" for ::1 at 2025-11-29 16:57:13 +0100
Processing by StaticPagesController#components as HTML
  Rendering layout layouts/application.html.erb
  Rendering static_pages/components.html.orb within layouts/application
  Rendered static_pages/components.html.orb within layouts/application (Duration: 10.6ms | GC: 1.1ms)
  Rendered layout layouts/application.html.erb (Duration: 12.4ms | GC: 1.1ms)
Completed 200 OK in 14ms (Views: 13.2ms | ActiveRecord: 0.0ms (0 queries, 0 cached) | GC: 1.1ms)


Started GET "/.well-known/appspecific/com.chrome.devtools.json" for ::1 at 2025-11-29 16:57:13 +0100
  
ActionController::RoutingError (No route matches [GET] "/.well-known/appspecific/com.chrome.devtools.json"):
  
Started GET "/components" for ::1 at 2025-11-29 16:58:40 +0100
Processing by StaticPagesController#components as HTML
  Rendering layout layouts/application.html.erb
  Rendering static_pages/components.html.orb within layouts/application
  Rendered static_pages/components.html.orb within layouts/application (Duration: 14.8ms | GC: 2.3ms)
  Rendered layout layouts/application.html.erb (Duration: 16.7ms | GC: 2.3ms)
Completed 200 OK in 18ms (Views: 17.6ms | ActiveRecord: 0.0ms (0 queries, 0 cached) | GC: 2.3ms)


Started GET "/.well-known/appspecific/com.chrome.devtools.json" for ::1 at 2025-11-29 16:58:40 +0100
  
ActionController::RoutingError (No route matches [GET] "/.well-known/appspecific/com.chrome.devtools.json"):
  
Started GET "/components" for ::1 at 2025-11-29 16:59:31 +0100
Processing by StaticPagesController#components as HTML
  Rendering layout layouts/application.html.erb
  Rendering static_pages/components.html.orb within layouts/application
  Rendered static_pages/components.html.orb within layouts/application (Duration: 5.8ms | GC: 1.1ms)
  Rendered layout layouts/application.html.erb (Duration: 6.4ms | GC: 1.1ms)
Completed 200 OK in 8ms (Views: 6.6ms | ActiveRecord: 0.0ms (0 queries, 0 cached) | GC: 1.1ms)


Started GET "/.well-known/appspecific/com.chrome.devtools.json" for ::1 at 2025-11-29 16:59:31 +0100
  
ActionController::RoutingError (No route matches [GET] "/.well-known/appspecific/com.chrome.devtools.json"):
  
Started GET "/components" for ::1 at 2025-11-29 17:01:33 +0100
Processing by StaticPagesController#components as HTML
  Rendering layout layouts/application.html.erb
  Rendering static_pages/components.html.orb within layouts/application
  Rendered static_pages/components.html.orb within layouts/application (Duration: 15.2ms | GC: 1.9ms)
  Rendered layout layouts/application.html.erb (Duration: 16.0ms | GC: 1.9ms)
Completed 200 OK in 18ms (Views: 17.0ms | ActiveRecord: 0.0ms (0 queries, 0 cached) | GC: 1.9ms)


Started GET "/.well-known/appspecific/com.chrome.devtools.json" for ::1 at 2025-11-29 17:01:34 +0100
  
ActionController::RoutingError (No route matches [GET] "/.well-known/appspecific/com.chrome.devtools.json"):
  
Started GET "/components" for ::1 at 2025-11-29 17:04:53 +0100
Processing by StaticPagesController#components as HTML
  Rendering layout layouts/application.html.erb
  Rendering static_pages/components.html.orb within layouts/application
  Rendered static_pages/components.html.orb within layouts/application (Duration: 16.2ms | GC: 1.0ms)
  Rendered layout layouts/application.html.erb (Duration: 16.9ms | GC: 1.0ms)
Completed 200 OK in 19ms (Views: 17.9ms | ActiveRecord: 0.0ms (0 queries, 0 cached) | GC: 1.2ms)


Started GET "/.well-known/appspecific/com.chrome.devtools.json" for ::1 at 2025-11-29 17:04:53 +0100
  
ActionController::RoutingError (No route matches [GET] "/.well-known/appspecific/com.chrome.devtools.json"):
  
Started GET "/components" for ::1 at 2025-11-29 17:06:24 +0100
Processing by StaticPagesController#components as HTML
  Rendering layout layouts/application.html.erb
  Rendering static_pages/components.html.orb within layouts/application
  Rendered static_pages/components.html.orb within layouts/application (Duration: 16.5ms | GC: 1.9ms)
  Rendered layout layouts/application.html.erb (Duration: 18.5ms | GC: 1.9ms)
Completed 200 OK in 20ms (Views: 19.2ms | ActiveRecord: 0.0ms (0 queries, 0 cached) | GC: 1.9ms)


Started GET "/.well-known/appspecific/com.chrome.devtools.json" for ::1 at 2025-11-29 17:06:24 +0100
  
ActionController::RoutingError (No route matches [GET] "/.well-known/appspecific/com.chrome.devtools.json"):
  
Started GET "/components" for ::1 at 2025-11-29 17:07:15 +0100
Processing by StaticPagesController#components as HTML
  Rendering layout layouts/application.html.erb
  Rendering static_pages/components.html.orb within layouts/application
  Rendered static_pages/components.html.orb within layouts/application (Duration: 23.1ms | GC: 7.1ms)
  Rendered layout layouts/application.html.erb (Duration: 24.3ms | GC: 7.5ms)
Completed 200 OK in 26ms (Views: 25.3ms | ActiveRecord: 0.0ms (0 queries, 0 cached) | GC: 8.0ms)


Started GET "/.well-known/appspecific/com.chrome.devtools.json" for ::1 at 2025-11-29 17:07:15 +0100
  
ActionController::RoutingError (No route matches [GET] "/.well-known/appspecific/com.chrome.devtools.json"):
  
Started GET "/components" for ::1 at 2025-11-29 17:08:23 +0100
Processing by StaticPagesController#components as HTML
  Rendering layout layouts/application.html.erb
  Rendering static_pages/components.html.orb within layouts/application
  Rendered static_pages/components.html.orb within layouts/application (Duration: 13.9ms | GC: 0.0ms)
  Rendered layout layouts/application.html.erb (Duration: 14.6ms | GC: 0.0ms)
Completed 200 OK in 17ms (Views: 16.9ms | ActiveRecord: 0.0ms (0 queries, 0 cached) | GC: 1.5ms)


Started GET "/.well-known/appspecific/com.chrome.devtools.json" for ::1 at 2025-11-29 17:08:23 +0100
  
ActionController::RoutingError (No route matches [GET] "/.well-known/appspecific/com.chrome.devtools.json"):
  
Started GET "/components" for ::1 at 2025-11-29 17:09:21 +0100
Processing by StaticPagesController#components as HTML
  Rendering layout layouts/application.html.erb
  Rendering static_pages/components.html.orb within layouts/application
  Rendered static_pages/components.html.orb within layouts/application (Duration: 15.6ms | GC: 1.6ms)
  Rendered layout layouts/application.html.erb (Duration: 16.5ms | GC: 1.6ms)
Completed 200 OK in 18ms (Views: 17.1ms | ActiveRecord: 0.0ms (0 queries, 0 cached) | GC: 1.6ms)


Started GET "/.well-known/appspecific/com.chrome.devtools.json" for ::1 at 2025-11-29 17:09:22 +0100
  
ActionController::RoutingError (No route matches [GET] "/.well-known/appspecific/com.chrome.devtools.json"):
  
Started GET "/components" for ::1 at 2025-11-29 17:13:03 +0100
Processing by StaticPagesController#components as HTML
  Rendering layout layouts/application.html.erb
  Rendering static_pages/components.html.orb within layouts/application
  Rendered static_pages/components.html.orb within layouts/application (Duration: 26.3ms | GC: 16.8ms)
  Rendered layout layouts/application.html.erb (Duration: 28.8ms | GC: 18.6ms)
Completed 200 OK in 30ms (Views: 29.1ms | ActiveRecord: 0.0ms (0 queries, 0 cached) | GC: 18.6ms)


Started GET "/.well-known/appspecific/com.chrome.devtools.json" for ::1 at 2025-11-29 17:13:03 +0100
  
ActionController::RoutingError (No route matches [GET] "/.well-known/appspecific/com.chrome.devtools.json"):
  
Started GET "/components" for ::1 at 2025-11-29 17:13:05 +0100
Processing by StaticPagesController#components as HTML
  Rendering layout layouts/application.html.erb
  Rendering static_pages/components.html.orb within layouts/application
  Rendered static_pages/components.html.orb within layouts/application (Duration: 12.7ms | GC: 4.5ms)
  Rendered layout layouts/application.html.erb (Duration: 13.4ms | GC: 4.5ms)
Completed 200 OK in 14ms (Views: 13.6ms | ActiveRecord: 0.0ms (0 queries, 0 cached) | GC: 4.5ms)


Started GET "/.well-known/appspecific/com.chrome.devtools.json" for ::1 at 2025-11-29 17:13:05 +0100
  
ActionController::RoutingError (No route matches [GET] "/.well-known/appspecific/com.chrome.devtools.json"):
  
Started GET "/components" for ::1 at 2025-11-29 17:18:14 +0100
Processing by StaticPagesController#components as HTML
  Rendering layout layouts/application.html.erb
  Rendering static_pages/components.html.orb within layouts/application
  Rendered static_pages/components.html.orb within layouts/application (Duration: 20.5ms | GC: 2.7ms)
  Rendered layout layouts/application.html.erb (Duration: 22.7ms | GC: 2.7ms)
Completed 200 OK in 25ms (Views: 24.2ms | ActiveRecord: 0.0ms (0 queries, 0 cached) | GC: 2.7ms)


Started GET "/.well-known/appspecific/com.chrome.devtools.json" for ::1 at 2025-11-29 17:18:15 +0100
  
ActionController::RoutingError (No route matches [GET] "/.well-known/appspecific/com.chrome.devtools.json"):
  
Started GET "/" for ::1 at 2025-11-29 17:18:33 +0100
Processing by StaticPagesController#index as HTML
  Rendering layout layouts/application.html.erb
  Rendering static_pages/index.html.orb within layouts/application
  Rendered static_pages/index.html.orb within layouts/application (Duration: 18.9ms | GC: 3.8ms)
  Rendered layout layouts/application.html.erb (Duration: 19.8ms | GC: 3.8ms)
Completed 200 OK in 21ms (Views: 20.5ms | ActiveRecord: 0.0ms (0 queries, 0 cached) | GC: 3.8ms)


Started GET "/.well-known/appspecific/com.chrome.devtools.json" for ::1 at 2025-11-29 17:18:33 +0100
  
ActionController::RoutingError (No route matches [GET] "/.well-known/appspecific/com.chrome.devtools.json"):
  
Started GET "/" for ::1 at 2025-11-29 17:18:59 +0100
Processing by StaticPagesController#index as HTML
  Rendering layout layouts/application.html.erb
  Rendering static_pages/index.html.orb within layouts/application
  Rendered static_pages/index.html.orb within layouts/application (Duration: 19.8ms | GC: 3.0ms)
  Rendered layout layouts/application.html.erb (Duration: 20.6ms | GC: 3.0ms)
Completed 200 OK in 22ms (Views: 21.4ms | ActiveRecord: 0.0ms (0 queries, 0 cached) | GC: 3.0ms)


Started GET "/.well-known/appspecific/com.chrome.devtools.json" for ::1 at 2025-11-29 17:18:59 +0100
  
ActionController::RoutingError (No route matches [GET] "/.well-known/appspecific/com.chrome.devtools.json"):
  
Started GET "/" for ::1 at 2025-11-29 17:19:09 +0100
Processing by StaticPagesController#index as HTML
  Rendering layout layouts/application.html.erb
  Rendering static_pages/index.html.orb within layouts/application
  Rendered static_pages/index.html.orb within layouts/application (Duration: 22.3ms | GC: 3.8ms)
  Rendered layout layouts/application.html.erb (Duration: 23.2ms | GC: 3.8ms)
Completed 200 OK in 25ms (Views: 24.2ms | ActiveRecord: 0.0ms (0 queries, 0 cached) | GC: 3.8ms)


Started GET "/.well-known/appspecific/com.chrome.devtools.json" for ::1 at 2025-11-29 17:19:09 +0100
  
ActionController::RoutingError (No route matches [GET] "/.well-known/appspecific/com.chrome.devtools.json"):
  
Started GET "/" for ::1 at 2025-11-29 17:19:23 +0100
Processing by StaticPagesController#index as HTML
  Rendering layout layouts/application.html.erb
  Rendering static_pages/index.html.orb within layouts/application
  Rendered static_pages/index.html.orb within layouts/application (Duration: 35.5ms | GC: 15.4ms)
  Rendered layout layouts/application.html.erb (Duration: 37.8ms | GC: 15.4ms)
Completed 200 OK in 40ms (Views: 38.7ms | ActiveRecord: 0.0ms (0 queries, 0 cached) | GC: 15.8ms)


Started GET "/.well-known/appspecific/com.chrome.devtools.json" for ::1 at 2025-11-29 17:19:23 +0100
  
ActionController::RoutingError (No route matches [GET] "/.well-known/appspecific/com.chrome.devtools.json"):
  
Started GET "/" for ::1 at 2025-11-29 17:19:29 +0100
Processing by StaticPagesController#index as HTML
  Rendering layout layouts/application.html.erb
  Rendering static_pages/index.html.orb within layouts/application
  Rendered static_pages/index.html.orb within layouts/application (Duration: 16.9ms | GC: 0.9ms)
  Rendered layout layouts/application.html.erb (Duration: 17.8ms | GC: 0.9ms)
Completed 200 OK in 20ms (Views: 18.6ms | ActiveRecord: 0.0ms (0 queries, 0 cached) | GC: 1.0ms)


Started GET "/.well-known/appspecific/com.chrome.devtools.json" for ::1 at 2025-11-29 17:19:30 +0100
  
ActionController::RoutingError (No route matches [GET] "/.well-known/appspecific/com.chrome.devtools.json"):
  
Started GET "/" for ::1 at 2025-11-29 17:19:34 +0100
Processing by StaticPagesController#index as HTML
  Rendering layout layouts/application.html.erb
  Rendering static_pages/index.html.orb within layouts/application
  Rendered static_pages/index.html.orb within layouts/application (Duration: 18.9ms | GC: 2.7ms)
  Rendered layout layouts/application.html.erb (Duration: 19.9ms | GC: 2.7ms)
Completed 200 OK in 22ms (Views: 20.8ms | ActiveRecord: 0.0ms (0 queries, 0 cached) | GC: 2.9ms)


Started GET "/.well-known/appspecific/com.chrome.devtools.json" for ::1 at 2025-11-29 17:19:34 +0100
  
ActionController::RoutingError (No route matches [GET] "/.well-known/appspecific/com.chrome.devtools.json"):
  
Started GET "/" for ::1 at 2025-11-29 17:19:41 +0100
Processing by StaticPagesController#index as HTML
  Rendering layout layouts/application.html.erb
  Rendering static_pages/index.html.orb within layouts/application
  Rendered static_pages/index.html.orb within layouts/application (Duration: 17.1ms | GC: 1.5ms)
  Rendered layout layouts/application.html.erb (Duration: 18.1ms | GC: 1.7ms)
Completed 200 OK in 20ms (Views: 18.9ms | ActiveRecord: 0.0ms (0 queries, 0 cached) | GC: 2.1ms)


Started GET "/.well-known/appspecific/com.chrome.devtools.json" for ::1 at 2025-11-29 17:19:41 +0100
  
ActionController::RoutingError (No route matches [GET] "/.well-known/appspecific/com.chrome.devtools.json"):
  
Started GET "/" for ::1 at 2025-11-29 17:19:50 +0100
Processing by StaticPagesController#index as HTML
  Rendering layout layouts/application.html.erb
  Rendering static_pages/index.html.orb within layouts/application
  Rendered static_pages/index.html.orb within layouts/application (Duration: 20.0ms | GC: 3.1ms)
  Rendered layout layouts/application.html.erb (Duration: 20.8ms | GC: 3.1ms)
Completed 200 OK in 23ms (Views: 21.9ms | ActiveRecord: 0.0ms (0 queries, 0 cached) | GC: 3.1ms)


Started GET "/.well-known/appspecific/com.chrome.devtools.json" for ::1 at 2025-11-29 17:19:50 +0100
  
ActionController::RoutingError (No route matches [GET] "/.well-known/appspecific/com.chrome.devtools.json"):
  
Started GET "/" for ::1 at 2025-11-29 17:21:41 +0100
Processing by StaticPagesController#index as HTML
  Rendering layout layouts/application.html.erb
  Rendering static_pages/index.html.orb within layouts/application
  Rendered static_pages/index.html.orb within layouts/application (Duration: 19.6ms | GC: 0.0ms)
  Rendered layout layouts/application.html.erb (Duration: 22.3ms | GC: 0.0ms)
Completed 200 OK in 24ms (Views: 23.2ms | ActiveRecord: 0.0ms (0 queries, 0 cached) | GC: 0.0ms)


Started GET "/.well-known/appspecific/com.chrome.devtools.json" for ::1 at 2025-11-29 17:21:41 +0100
  
ActionController::RoutingError (No route matches [GET] "/.well-known/appspecific/com.chrome.devtools.json"):
  
Started GET "/" for ::1 at 2025-11-29 17:22:07 +0100
Processing by StaticPagesController#index as HTML
  Rendering layout layouts/application.html.erb
  Rendering static_pages/index.html.orb within layouts/application
  Rendered static_pages/index.html.orb within layouts/application (Duration: 20.2ms | GC: 1.4ms)
  Rendered layout layouts/application.html.erb (Duration: 20.3ms | GC: 1.4ms)
Completed 500 Internal Server Error in 22ms (ActiveRecord: 0.0ms (0 queries, 0 cached) | GC: 1.4ms)


  
ActionView::Template::Error (undefined local variable or method 'orientation' for #<Orbital::Separator:0x000000012c4985b8>)
Caused by: NameError (undefined local variable or method 'orientation' for #<Orbital::Separator:0x000000012c4985b8>)

Information for: ActionView::Template::Error (undefined local variable or method 'orientation' for #<Orbital::Separator:0x000000012c4985b8>):
    14:     </NavigationMenu>
    15:     <div class="ml-auto flex items-center gap-2">
    16:       <Button variant="ghost">Search documentation...</Button>
    17:       <Separator orientation="vertical"/>
    18:       <Button>Github</Button>
    19:     </div>
    20:   </Page:Header>
  
app/views/static_pages/index.html.orb:17
app/components/demo/page.rb:13:in 'Demo::Page#call'
app/views/static_pages/index.html.orb:1

Information for cause: NameError (undefined local variable or method 'orientation' for #<Orbital::Separator:0x000000012c4985b8>):
  
app/views/static_pages/index.html.orb:17
app/components/demo/page.rb:13:in 'Demo::Page#call'
app/views/static_pages/index.html.orb:1
Started GET "/.well-known/appspecific/com.chrome.devtools.json" for ::1 at 2025-11-29 17:22:07 +0100
  
ActionController::RoutingError (No route matches [GET] "/.well-known/appspecific/com.chrome.devtools.json"):
  
Started GET "/favicon.ico" for ::1 at 2025-11-29 17:22:07 +0100
  
ActionController::RoutingError (No route matches [GET] "/favicon.ico"):
  
Started GET "/" for ::1 at 2025-11-29 17:22:53 +0100
Processing by StaticPagesController#index as HTML
  Rendering layout layouts/application.html.erb
  Rendering static_pages/index.html.orb within layouts/application
  Rendered static_pages/index.html.orb within layouts/application (Duration: 19.2ms | GC: 2.9ms)
  Rendered layout layouts/application.html.erb (Duration: 19.9ms | GC: 2.9ms)
Completed 200 OK in 22ms (Views: 21.0ms | ActiveRecord: 0.0ms (0 queries, 0 cached) | GC: 3.3ms)


Started GET "/.well-known/appspecific/com.chrome.devtools.json" for ::1 at 2025-11-29 17:22:53 +0100
  
ActionController::RoutingError (No route matches [GET] "/.well-known/appspecific/com.chrome.devtools.json"):
  
Started GET "/" for ::1 at 2025-11-29 17:23:56 +0100
Processing by StaticPagesController#index as HTML
  Rendering layout layouts/application.html.erb
  Rendering static_pages/index.html.orb within layouts/application
  Rendered static_pages/index.html.orb within layouts/application (Duration: 18.7ms | GC: 1.8ms)
  Rendered layout layouts/application.html.erb (Duration: 20.7ms | GC: 2.1ms)
Completed 200 OK in 23ms (Views: 21.7ms | ActiveRecord: 0.0ms (0 queries, 0 cached) | GC: 2.1ms)


Started GET "/.well-known/appspecific/com.chrome.devtools.json" for ::1 at 2025-11-29 17:23:56 +0100
  
ActionController::RoutingError (No route matches [GET] "/.well-known/appspecific/com.chrome.devtools.json"):
  
Started GET "/" for ::1 at 2025-11-29 17:24:00 +0100
Processing by StaticPagesController#index as HTML
  Rendering layout layouts/application.html.erb
  Rendering static_pages/index.html.orb within layouts/application
  Rendered static_pages/index.html.orb within layouts/application (Duration: 18.0ms | GC: 1.4ms)
  Rendered layout layouts/application.html.erb (Duration: 19.7ms | GC: 1.6ms)
Completed 200 OK in 22ms (Views: 20.8ms | ActiveRecord: 0.0ms (0 queries, 0 cached) | GC: 1.6ms)


Started GET "/.well-known/appspecific/com.chrome.devtools.json" for ::1 at 2025-11-29 17:24:00 +0100
  
ActionController::RoutingError (No route matches [GET] "/.well-known/appspecific/com.chrome.devtools.json"):
  
Started GET "/" for ::1 at 2025-11-29 17:24:13 +0100
Processing by StaticPagesController#index as HTML
  Rendering layout layouts/application.html.erb
  Rendering static_pages/index.html.orb within layouts/application
  Rendered static_pages/index.html.orb within layouts/application (Duration: 17.3ms | GC: 1.4ms)
  Rendered layout layouts/application.html.erb (Duration: 18.3ms | GC: 1.6ms)
Completed 200 OK in 20ms (Views: 19.0ms | ActiveRecord: 0.0ms (0 queries, 0 cached) | GC: 1.6ms)


Started GET "/.well-known/appspecific/com.chrome.devtools.json" for ::1 at 2025-11-29 17:24:13 +0100
  
ActionController::RoutingError (No route matches [GET] "/.well-known/appspecific/com.chrome.devtools.json"):
  
Started GET "/" for ::1 at 2025-11-29 17:24:35 +0100
Processing by StaticPagesController#index as HTML
  Rendering layout layouts/application.html.erb
  Rendering static_pages/index.html.orb within layouts/application
  Rendered static_pages/index.html.orb within layouts/application (Duration: 16.7ms | GC: 1.4ms)
  Rendered layout layouts/application.html.erb (Duration: 17.5ms | GC: 1.4ms)
Completed 200 OK in 19ms (Views: 18.3ms | ActiveRecord: 0.0ms (0 queries, 0 cached) | GC: 1.4ms)


Started GET "/.well-known/appspecific/com.chrome.devtools.json" for ::1 at 2025-11-29 17:24:35 +0100
  
ActionController::RoutingError (No route matches [GET] "/.well-known/appspecific/com.chrome.devtools.json"):
  
Started GET "/" for ::1 at 2025-11-29 17:25:26 +0100
Processing by StaticPagesController#index as HTML
  Rendering layout layouts/application.html.erb
  Rendering static_pages/index.html.orb within layouts/application
  Rendered static_pages/index.html.orb within layouts/application (Duration: 24.2ms | GC: 2.9ms)
  Rendered layout layouts/application.html.erb (Duration: 25.3ms | GC: 3.1ms)
Completed 200 OK in 28ms (Views: 26.3ms | ActiveRecord: 0.0ms (0 queries, 0 cached) | GC: 3.6ms)


Started GET "/.well-known/appspecific/com.chrome.devtools.json" for ::1 at 2025-11-29 17:25:26 +0100
  
ActionController::RoutingError (No route matches [GET] "/.well-known/appspecific/com.chrome.devtools.json"):
  
Started GET "/" for ::1 at 2025-11-29 17:36:13 +0100
Processing by StaticPagesController#index as HTML
  Rendering layout layouts/application.html.erb
  Rendering static_pages/index.html.orb within layouts/application
  Rendered static_pages/index.html.orb within layouts/application (Duration: 25.6ms | GC: 3.2ms)
  Rendered layout layouts/application.html.erb (Duration: 28.1ms | GC: 3.2ms)
Completed 200 OK in 31ms (Views: 29.9ms | ActiveRecord: 0.0ms (0 queries, 0 cached) | GC: 3.4ms)


Started GET "/.well-known/appspecific/com.chrome.devtools.json" for ::1 at 2025-11-29 17:36:14 +0100
  
ActionController::RoutingError (No route matches [GET] "/.well-known/appspecific/com.chrome.devtools.json"):
  
Started GET "/" for ::1 at 2025-11-29 17:58:55 +0100
  [1m[36mActiveRecord::SchemaMigration Load (0.1ms)[0m  [1m[34mSELECT "schema_migrations"."version" FROM "schema_migrations" ORDER BY "schema_migrations"."version" ASC /*application='Demo'*/[0m
Processing by StaticPagesController#index as HTML
  Rendering layout layouts/application.html.erb
  Rendering static_pages/index.html.orb within layouts/application
  Rendered static_pages/index.html.orb within layouts/application (Duration: 38.3ms | GC: 0.0ms)
  Rendered layout layouts/application.html.erb (Duration: 43.2ms | GC: 0.0ms)
Completed 200 OK in 52ms (Views: 45.0ms | ActiveRecord: 0.0ms (0 queries, 0 cached) | GC: 0.0ms)


Started GET "/.well-known/appspecific/com.chrome.devtools.json" for ::1 at 2025-11-29 17:58:55 +0100
  
ActionController::RoutingError (No route matches [GET] "/.well-known/appspecific/com.chrome.devtools.json"):
  
Started GET "/" for ::1 at 2025-11-29 18:00:11 +0100
Processing by StaticPagesController#index as HTML
  Rendering layout layouts/application.html.erb
  Rendering static_pages/index.html.orb within layouts/application
  Rendered static_pages/index.html.orb within layouts/application (Duration: 41.0ms | GC: 17.6ms)
  Rendered layout layouts/application.html.erb (Duration: 43.0ms | GC: 18.7ms)
Completed 200 OK in 45ms (Views: 44.0ms | ActiveRecord: 0.0ms (0 queries, 0 cached) | GC: 18.7ms)


Started GET "/.well-known/appspecific/com.chrome.devtools.json" for ::1 at 2025-11-29 18:00:11 +0100
  
ActionController::RoutingError (No route matches [GET] "/.well-known/appspecific/com.chrome.devtools.json"):
  
Started GET "/" for ::1 at 2025-11-29 18:00:16 +0100
Processing by StaticPagesController#index as HTML
  Rendering layout layouts/application.html.erb
  Rendering static_pages/index.html.orb within layouts/application
  Rendered static_pages/index.html.orb within layouts/application (Duration: 35.8ms | GC: 0.0ms)
  Rendered layout layouts/application.html.erb (Duration: 36.0ms | GC: 0.0ms)
Completed 500 Internal Server Error in 38ms (ActiveRecord: 0.0ms (0 queries, 0 cached) | GC: 0.0ms)


  
ArgumentError (Reported error must be an Exception, got: #<SyntaxError:"/Volumes/Work/Scratch/orbital/orbital/app/components/orbital/icon.rb:6: syntax errors found\n  \e[2m 4 | \e[m  attribute :name, :string, required: true\n  \e[2m 5 | \e[m\n\e[1;31m> \e[m\e[2m 6 | \e[m  orb_template <<-ORB\n  \e[2m   | \e[m                  \e[1;31m^~~\e[m unterminated heredoc; can't find string \"ORB\" anywhere before EOF\n\e[1;31m> \e[m\e[2m 7 | \e[m    <div class=\"Orbital-Icon\">\n ...\n  \e[2m   | \e[m\e[1;31m^\e[m expected an `end` to close the `class` statement\n  \e[2m 8 | \e[m      {{ Icons.render_icon(@name) }}\n  \e[2m 9 | \e[m    </div>\n\e[1;31m> \e[m\e[2m10 | \e[mend\n  \e[2m   | \e[m   \e[1;31m^\e[m unexpected end-of-input, assuming it is closing the parent top level context\n">)
Caused by: SyntaxError (/Volumes/Work/Scratch/orbital/orbital/app/components/orbital/icon.rb:6: syntax errors found
  [2m 4 | [m  attribute :name, :string, required: true
  [2m 5 | [m
[1;31m> [m[2m 6 | [m  orb_template <<-ORB
  [2m   | [m                  [1;31m^~~[m unterminated heredoc; can't find string "ORB" anywhere before EOF
[1;31m> [m[2m 7 | [m    <div class="Orbital-Icon">
 ...
  [2m   | [m[1;31m^[m expected an `end` to close the `class` statement
  [2m 8 | [m      {{ Icons.render_icon(@name) }}
  [2m 9 | [m    </div>
[1;31m> [m[2m10 | [mend
  [2m   | [m   [1;31m^[m unexpected end-of-input, assuming it is closing the parent top level context
)

Information for: ArgumentError (Reported error must be an Exception, got: #<SyntaxError:"/Volumes/Work/Scratch/orbital/orbital/app/components/orbital/icon.rb:6: syntax errors found\n  \e[2m 4 | \e[m  attribute :name, :string, required: true\n  \e[2m 5 | \e[m\n\e[1;31m> \e[m\e[2m 6 | \e[m  orb_template <<-ORB\n  \e[2m   | \e[m                  \e[1;31m^~~\e[m unterminated heredoc; can't find string \"ORB\" anywhere before EOF\n\e[1;31m> \e[m\e[2m 7 | \e[m    <div class=\"Orbital-Icon\">\n ...\n  \e[2m   | \e[m\e[1;31m^\e[m expected an `end` to close the `class` statement\n  \e[2m 8 | \e[m      {{ Icons.render_icon(@name) }}\n  \e[2m 9 | \e[m    </div>\n\e[1;31m> \e[m\e[2m10 | \e[mend\n  \e[2m   | \e[m   \e[1;31m^\e[m unexpected end-of-input, assuming it is closing the parent top level context\n">):
  
activesupport (8.1.1) lib/active_support/error_reporter.rb:235:in 'ActiveSupport::ErrorReporter#report'
actionpack (8.1.1) lib/action_dispatch/middleware/executor.rb:36:in 'ActionDispatch::Executor#call'
actionpack (8.1.1) lib/action_dispatch/middleware/actionable_exceptions.rb:18:in 'ActionDispatch::ActionableExceptions#call'
actionpack (8.1.1) lib/action_dispatch/middleware/debug_exceptions.rb:31:in 'ActionDispatch::DebugExceptions#call'
web-console (4.2.1) lib/web_console/middleware.rb:132:in 'WebConsole::Middleware#call_app'
web-console (4.2.1) lib/web_console/middleware.rb:28:in 'block in WebConsole::Middleware#call'
web-console (4.2.1) lib/web_console/middleware.rb:17:in 'Kernel#catch'
web-console (4.2.1) lib/web_console/middleware.rb:17:in 'WebConsole::Middleware#call'
actionpack (8.1.1) lib/action_dispatch/middleware/show_exceptions.rb:32:in 'ActionDispatch::ShowExceptions#call'
railties (8.1.1) lib/rails/rack/logger.rb:41:in 'Rails::Rack::Logger#call_app'
railties (8.1.1) lib/rails/rack/logger.rb:29:in 'Rails::Rack::Logger#call'
propshaft (1.3.1) lib/propshaft/quiet_assets.rb:11:in 'Propshaft::QuietAssets#call'
actionpack (8.1.1) lib/action_dispatch/middleware/remote_ip.rb:98:in 'ActionDispatch::RemoteIp#call'
actionpack (8.1.1) lib/action_dispatch/middleware/request_id.rb:34:in 'ActionDispatch::RequestId#call'
rack (3.2.4) lib/rack/method_override.rb:28:in 'Rack::MethodOverride#call'
rack (3.2.4) lib/rack/runtime.rb:24:in 'Rack::Runtime#call'
actionpack (8.1.1) lib/action_dispatch/middleware/server_timing.rb:61:in 'block in ActionDispatch::ServerTiming#call'
actionpack (8.1.1) lib/action_dispatch/middleware/server_timing.rb:26:in 'ActionDispatch::ServerTiming::Subscriber#collect_events'
actionpack (8.1.1) lib/action_dispatch/middleware/server_timing.rb:60:in 'ActionDispatch::ServerTiming#call'
actionpack (8.1.1) lib/action_dispatch/middleware/executor.rb:20:in 'ActionDispatch::Executor#call'
propshaft (1.3.1) lib/propshaft/server.rb:37:in 'Propshaft::Server#call'
actionpack (8.1.1) lib/action_dispatch/middleware/static.rb:27:in 'ActionDispatch::Static#call'
rack (3.2.4) lib/rack/sendfile.rb:131:in 'Rack::Sendfile#call'
actionpack (8.1.1) lib/action_dispatch/middleware/host_authorization.rb:143:in 'ActionDispatch::HostAuthorization#call'
railties (8.1.1) lib/rails/engine.rb:534:in 'Rails::Engine#call'
puma (7.1.0) lib/puma/configuration.rb:300:in 'Puma::Configuration::ConfigMiddleware#call'
puma (7.1.0) lib/puma/request.rb:101:in 'block in Puma::Request#handle_request'
puma (7.1.0) lib/puma/thread_pool.rb:355:in 'Puma::ThreadPool#with_force_shutdown'
puma (7.1.0) lib/puma/request.rb:100:in 'Puma::Request#handle_request'
puma (7.1.0) lib/puma/server.rb:503:in 'Puma::Server#process_client'
puma (7.1.0) lib/puma/server.rb:262:in 'block in Puma::Server#run'
puma (7.1.0) lib/puma/thread_pool.rb:182:in 'block in Puma::ThreadPool#spawn_thread'

Information for cause: SyntaxError (/Volumes/Work/Scratch/orbital/orbital/app/components/orbital/icon.rb:6: syntax errors found
  [2m 4 | [m  attribute :name, :string, required: true
  [2m 5 | [m
[1;31m> [m[2m 6 | [m  orb_template <<-ORB
  [2m   | [m                  [1;31m^~~[m unterminated heredoc; can't find string "ORB" anywhere before EOF
[1;31m> [m[2m 7 | [m    <div class="Orbital-Icon">
 ...
  [2m   | [m[1;31m^[m expected an `end` to close the `class` statement
  [2m 8 | [m      {{ Icons.render_icon(@name) }}
  [2m 9 | [m    </div>
[1;31m> [m[2m10 | [mend
  [2m   | [m   [1;31m^[m unexpected end-of-input, assuming it is closing the parent top level context
):
  
app/views/static_pages/index.html.orb:19
app/views/static_pages/index.html.orb:18
app/components/demo/page.rb:13:in 'Demo::Page#call'
app/views/static_pages/index.html.orb:1
Started GET "/.well-known/appspecific/com.chrome.devtools.json" for ::1 at 2025-11-29 18:00:17 +0100
  
ActionController::RoutingError (No route matches [GET] "/.well-known/appspecific/com.chrome.devtools.json"):
  
Started GET "/" for ::1 at 2025-11-29 18:00:25 +0100
Processing by StaticPagesController#index as HTML
  Rendering layout layouts/application.html.erb
  Rendering static_pages/index.html.orb within layouts/application
  Rendered static_pages/index.html.orb within layouts/application (Duration: 19.3ms | GC: 2.6ms)
  Rendered layout layouts/application.html.erb (Duration: 19.5ms | GC: 2.6ms)
Completed 500 Internal Server Error in 21ms (ActiveRecord: 0.0ms (0 queries, 0 cached) | GC: 2.6ms)


  
ActionView::Template::Error (undefined method 'render_svg' for module Orbital::Icons)
Caused by: NoMethodError (undefined method 'render_svg' for module Orbital::Icons)

Information for: ActionView::Template::Error (undefined method 'render_svg' for module Orbital::Icons):
    16:       <Button variant="secondary">Search documentation...</Button>
    17:       <Separator orientation="vertical"/>
    18:       <Button variant="ghost">
    19:         <Icon name="github"/>
    20:       </Button>
    21:       <Button variant="ghost" size="icon">X</Button>
    22:     </div>
  
app/views/static_pages/index.html.orb:19
app/views/static_pages/index.html.orb:18
app/components/demo/page.rb:13:in 'Demo::Page#call'
app/views/static_pages/index.html.orb:1

Information for cause: NoMethodError (undefined method 'render_svg' for module Orbital::Icons):
  
app/views/static_pages/index.html.orb:19
app/views/static_pages/index.html.orb:18
app/components/demo/page.rb:13:in 'Demo::Page#call'
app/views/static_pages/index.html.orb:1
Started GET "/.well-known/appspecific/com.chrome.devtools.json" for ::1 at 2025-11-29 18:00:26 +0100
  
ActionController::RoutingError (No route matches [GET] "/.well-known/appspecific/com.chrome.devtools.json"):
  
Started GET "/" for ::1 at 2025-11-29 18:00:32 +0100
Processing by StaticPagesController#index as HTML
  Rendering layout layouts/application.html.erb
  Rendering static_pages/index.html.orb within layouts/application
  Rendered static_pages/index.html.orb within layouts/application (Duration: 22.4ms | GC: 5.2ms)
  Rendered layout layouts/application.html.erb (Duration: 22.5ms | GC: 5.2ms)
Completed 500 Internal Server Error in 24ms (ActiveRecord: 0.0ms (0 queries, 0 cached) | GC: 5.2ms)


  
ActionView::Template::Error (undefined method 'render_icon' for module Orbital::Icons)
Caused by: NoMethodError (undefined method 'render_icon' for module Orbital::Icons)

Information for: ActionView::Template::Error (undefined method 'render_icon' for module Orbital::Icons):
    16:       <Button variant="secondary">Search documentation...</Button>
    17:       <Separator orientation="vertical"/>
    18:       <Button variant="ghost">
    19:         <Icon name="github"/>
    20:       </Button>
    21:       <Button variant="ghost" size="icon">X</Button>
    22:     </div>
  
app/views/static_pages/index.html.orb:19
app/views/static_pages/index.html.orb:18
app/components/demo/page.rb:13:in 'Demo::Page#call'
app/views/static_pages/index.html.orb:1

Information for cause: NoMethodError (undefined method 'render_icon' for module Orbital::Icons):
  
app/views/static_pages/index.html.orb:19
app/views/static_pages/index.html.orb:18
app/components/demo/page.rb:13:in 'Demo::Page#call'
app/views/static_pages/index.html.orb:1
Started GET "/.well-known/appspecific/com.chrome.devtools.json" for ::1 at 2025-11-29 18:00:33 +0100
  
ActionController::RoutingError (No route matches [GET] "/.well-known/appspecific/com.chrome.devtools.json"):
  
Started GET "/" for ::1 at 2025-11-29 18:00:48 +0100
Processing by StaticPagesController#index as HTML
  Rendering layout layouts/application.html.erb
  Rendering static_pages/index.html.orb within layouts/application
  Rendered static_pages/index.html.orb within layouts/application (Duration: 10.4ms | GC: 1.3ms)
  Rendered layout layouts/application.html.erb (Duration: 10.5ms | GC: 1.3ms)
Completed 500 Internal Server Error in 12ms (ActiveRecord: 0.0ms (0 queries, 0 cached) | GC: 1.3ms)


  
ActionView::Template::Error (undefined method 'render_icon' for module Orbital::Icons)
Caused by: NoMethodError (undefined method 'render_icon' for module Orbital::Icons)

Information for: ActionView::Template::Error (undefined method 'render_icon' for module Orbital::Icons):
    16:       <Button variant="secondary">Search documentation...</Button>
    17:       <Separator orientation="vertical"/>
    18:       <Button variant="ghost">
    19:         <Icon name="github"/>
    20:       </Button>
    21:       <Button variant="ghost" size="icon">X</Button>
    22:     </div>
  
app/views/static_pages/index.html.orb:19
app/views/static_pages/index.html.orb:18
app/components/demo/page.rb:13:in 'Demo::Page#call'
app/views/static_pages/index.html.orb:1

Information for cause: NoMethodError (undefined method 'render_icon' for module Orbital::Icons):
  
app/views/static_pages/index.html.orb:19
app/views/static_pages/index.html.orb:18
app/components/demo/page.rb:13:in 'Demo::Page#call'
app/views/static_pages/index.html.orb:1
Started GET "/.well-known/appspecific/com.chrome.devtools.json" for ::1 at 2025-11-29 18:00:48 +0100
  
ActionController::RoutingError (No route matches [GET] "/.well-known/appspecific/com.chrome.devtools.json"):
  
Started GET "/" for ::1 at 2025-11-29 18:00:54 +0100
  [1m[36mActiveRecord::SchemaMigration Load (0.1ms)[0m  [1m[34mSELECT "schema_migrations"."version" FROM "schema_migrations" ORDER BY "schema_migrations"."version" ASC /*application='Demo'*/[0m
Processing by StaticPagesController#index as HTML
  Rendering layout layouts/application.html.erb
  Rendering static_pages/index.html.orb within layouts/application
  Rendered static_pages/index.html.orb within layouts/application (Duration: 32.7ms | GC: 0.0ms)
  Rendered layout layouts/application.html.erb (Duration: 32.8ms | GC: 0.0ms)
Completed 500 Internal Server Error in 42ms (ActiveRecord: 0.0ms (0 queries, 0 cached) | GC: 0.0ms)


  
ActionView::Template::Error (wrong number of arguments (given 1, expected 0))
Caused by: ArgumentError (wrong number of arguments (given 1, expected 0))

Information for: ActionView::Template::Error (wrong number of arguments (given 1, expected 0)):
    16:       <Button variant="secondary">Search documentation...</Button>
    17:       <Separator orientation="vertical"/>
    18:       <Button variant="ghost">
    19:         <Icon name="github"/>
    20:       </Button>
    21:       <Button variant="ghost" size="icon">X</Button>
    22:     </div>
  
app/views/static_pages/index.html.orb:19
app/views/static_pages/index.html.orb:18
app/components/demo/page.rb:13:in 'Demo::Page#call'
app/views/static_pages/index.html.orb:1

Information for cause: ArgumentError (wrong number of arguments (given 1, expected 0)):
  
app/views/static_pages/index.html.orb:19
app/views/static_pages/index.html.orb:18
app/components/demo/page.rb:13:in 'Demo::Page#call'
app/views/static_pages/index.html.orb:1
Started GET "/.well-known/appspecific/com.chrome.devtools.json" for ::1 at 2025-11-29 18:00:54 +0100
  
ActionController::RoutingError (No route matches [GET] "/.well-known/appspecific/com.chrome.devtools.json"):
  
Started GET "/" for ::1 at 2025-11-29 18:01:20 +0100
Processing by StaticPagesController#index as HTML
  Rendering layout layouts/application.html.erb
  Rendering static_pages/index.html.orb within layouts/application
  Rendered static_pages/index.html.orb within layouts/application (Duration: 21.0ms | GC: 2.5ms)
  Rendered layout layouts/application.html.erb (Duration: 23.7ms | GC: 2.5ms)
Completed 200 OK in 26ms (Views: 24.8ms | ActiveRecord: 0.0ms (0 queries, 0 cached) | GC: 2.5ms)


Started GET "/.well-known/appspecific/com.chrome.devtools.json" for ::1 at 2025-11-29 18:01:20 +0100
  
ActionController::RoutingError (No route matches [GET] "/.well-known/appspecific/com.chrome.devtools.json"):
  
Started GET "/" for ::1 at 2025-11-29 18:01:49 +0100
Processing by StaticPagesController#index as HTML
  Rendering layout layouts/application.html.erb
  Rendering static_pages/index.html.orb within layouts/application
  Rendered static_pages/index.html.orb within layouts/application (Duration: 12.2ms | GC: 1.7ms)
  Rendered layout layouts/application.html.erb (Duration: 12.4ms | GC: 1.7ms)
Completed 500 Internal Server Error in 14ms (ActiveRecord: 0.0ms (0 queries, 0 cached) | GC: 1.7ms)


  
ActionView::Template::Error (wrong number of arguments (given 1, expected 0))
Caused by: ArgumentError (wrong number of arguments (given 1, expected 0))

Information for: ActionView::Template::Error (wrong number of arguments (given 1, expected 0)):
    23:   </Page:Header>
    24: 
    25:   <Hero>
    26:     <Icon name="github"/>
    27:     <Badge variant="secondary">
    28:       New Components: Field, Input Group, Item and more
    29:     </Badge>
  
app/views/static_pages/index.html.orb:26
app/components/demo/hero.rb:9:in 'Demo::Hero#call'
app/views/static_pages/index.html.orb:25
app/components/demo/page.rb:13:in 'Demo::Page#call'
app/views/static_pages/index.html.orb:1

Information for cause: ArgumentError (wrong number of arguments (given 1, expected 0)):
  
app/views/static_pages/index.html.orb:26
app/components/demo/hero.rb:9:in 'Demo::Hero#call'
app/views/static_pages/index.html.orb:25
app/components/demo/page.rb:13:in 'Demo::Page#call'
app/views/static_pages/index.html.orb:1
Started GET "/.well-known/appspecific/com.chrome.devtools.json" for ::1 at 2025-11-29 18:01:49 +0100
  
ActionController::RoutingError (No route matches [GET] "/.well-known/appspecific/com.chrome.devtools.json"):
  
Started GET "/" for ::1 at 2025-11-29 18:04:21 +0100
  [1m[36mActiveRecord::SchemaMigration Load (0.1ms)[0m  [1m[34mSELECT "schema_migrations"."version" FROM "schema_migrations" ORDER BY "schema_migrations"."version" ASC /*application='Demo'*/[0m
Processing by StaticPagesController#index as HTML
  Rendering layout layouts/application.html.erb
  Rendering static_pages/index.html.orb within layouts/application
  Rendered static_pages/index.html.orb within layouts/application (Duration: 24.4ms | GC: 0.0ms)
  Rendered layout layouts/application.html.erb (Duration: 24.6ms | GC: 0.0ms)
Completed 500 Internal Server Error in 33ms (ActiveRecord: 0.0ms (0 queries, 0 cached) | GC: 0.1ms)


  
ActionView::Template::Error (wrong number of arguments (given 1, expected 0))
Caused by: ArgumentError (wrong number of arguments (given 1, expected 0))

Information for: ActionView::Template::Error (wrong number of arguments (given 1, expected 0)):
    23:   </Page:Header>
    24: 
    25:   <Hero>
    26:     <Icon name="github"/>
    27:     <Badge variant="secondary">
    28:       New Components: Field, Input Group, Item and more
    29:     </Badge>
  
app/views/static_pages/index.html.orb:26
app/components/demo/hero.rb:9:in 'Demo::Hero#call'
app/views/static_pages/index.html.orb:25
app/components/demo/page.rb:13:in 'Demo::Page#call'
app/views/static_pages/index.html.orb:1

Information for cause: ArgumentError (wrong number of arguments (given 1, expected 0)):
  
app/views/static_pages/index.html.orb:26
app/components/demo/hero.rb:9:in 'Demo::Hero#call'
app/views/static_pages/index.html.orb:25
app/components/demo/page.rb:13:in 'Demo::Page#call'
app/views/static_pages/index.html.orb:1
Started GET "/.well-known/appspecific/com.chrome.devtools.json" for ::1 at 2025-11-29 18:04:22 +0100
  
ActionController::RoutingError (No route matches [GET] "/.well-known/appspecific/com.chrome.devtools.json"):
  
Started GET "/favicon.ico" for ::1 at 2025-11-29 18:04:22 +0100
  
ActionController::RoutingError (No route matches [GET] "/favicon.ico"):
  
Started GET "/" for ::1 at 2025-11-29 18:05:22 +0100
Processing by StaticPagesController#index as HTML
  Rendering layout layouts/application.html.erb
  Rendering static_pages/index.html.orb within layouts/application
  Rendered static_pages/index.html.orb within layouts/application (Duration: 4.0ms | GC: 0.3ms)
  Rendered layout layouts/application.html.erb (Duration: 4.1ms | GC: 0.3ms)
Completed 500 Internal Server Error in 5ms (ActiveRecord: 0.0ms (0 queries, 0 cached) | GC: 0.3ms)


  
ActionView::Template::Error (wrong number of arguments (given 1, expected 0))
Caused by: ArgumentError (wrong number of arguments (given 1, expected 0))

Information for: ActionView::Template::Error (wrong number of arguments (given 1, expected 0)):
    23:   </Page:Header>
    24: 
    25:   <Hero>
    26:     <Icon name="github"/>
    27:     <Badge variant="secondary">
    28:       New Components: Field, Input Group, Item and more
    29:     </Badge>
  
app/views/static_pages/index.html.orb:26
app/components/demo/hero.rb:9:in 'Demo::Hero#call'
app/views/static_pages/index.html.orb:25
app/components/demo/page.rb:13:in 'Demo::Page#call'
app/views/static_pages/index.html.orb:1

Information for cause: ArgumentError (wrong number of arguments (given 1, expected 0)):
  
app/views/static_pages/index.html.orb:26
app/components/demo/hero.rb:9:in 'Demo::Hero#call'
app/views/static_pages/index.html.orb:25
app/components/demo/page.rb:13:in 'Demo::Page#call'
app/views/static_pages/index.html.orb:1
Started GET "/.well-known/appspecific/com.chrome.devtools.json" for ::1 at 2025-11-29 18:05:22 +0100
  
ActionController::RoutingError (No route matches [GET] "/.well-known/appspecific/com.chrome.devtools.json"):
  
Started GET "/" for ::1 at 2025-11-29 18:05:23 +0100
Processing by StaticPagesController#index as HTML
  Rendering layout layouts/application.html.erb
  Rendering static_pages/index.html.orb within layouts/application
  Rendered static_pages/index.html.orb within layouts/application (Duration: 5.8ms | GC: 2.0ms)
  Rendered layout layouts/application.html.erb (Duration: 5.9ms | GC: 2.0ms)
Completed 500 Internal Server Error in 7ms (ActiveRecord: 0.0ms (0 queries, 0 cached) | GC: 2.0ms)


  
ActionView::Template::Error (wrong number of arguments (given 1, expected 0))
Caused by: ArgumentError (wrong number of arguments (given 1, expected 0))

Information for: ActionView::Template::Error (wrong number of arguments (given 1, expected 0)):
    23:   </Page:Header>
    24: 
    25:   <Hero>
    26:     <Icon name="github"/>
    27:     <Badge variant="secondary">
    28:       New Components: Field, Input Group, Item and more
    29:     </Badge>
  
app/views/static_pages/index.html.orb:26
app/components/demo/hero.rb:9:in 'Demo::Hero#call'
app/views/static_pages/index.html.orb:25
app/components/demo/page.rb:13:in 'Demo::Page#call'
app/views/static_pages/index.html.orb:1

Information for cause: ArgumentError (wrong number of arguments (given 1, expected 0)):
  
app/views/static_pages/index.html.orb:26
app/components/demo/hero.rb:9:in 'Demo::Hero#call'
app/views/static_pages/index.html.orb:25
app/components/demo/page.rb:13:in 'Demo::Page#call'
app/views/static_pages/index.html.orb:1
Started GET "/.well-known/appspecific/com.chrome.devtools.json" for ::1 at 2025-11-29 18:05:23 +0100
  
ActionController::RoutingError (No route matches [GET] "/.well-known/appspecific/com.chrome.devtools.json"):
  
Started GET "/" for ::1 at 2025-11-29 18:05:28 +0100
  [1m[36mActiveRecord::SchemaMigration Load (0.2ms)[0m  [1m[34mSELECT "schema_migrations"."version" FROM "schema_migrations" ORDER BY "schema_migrations"."version" ASC /*application='Demo'*/[0m
Processing by StaticPagesController#index as HTML
  Rendering layout layouts/application.html.erb
  Rendering static_pages/index.html.orb within layouts/application
  Rendered static_pages/index.html.orb within layouts/application (Duration: 24.2ms | GC: 0.0ms)
  Rendered layout layouts/application.html.erb (Duration: 24.4ms | GC: 0.0ms)
Completed 500 Internal Server Error in 34ms (ActiveRecord: 0.0ms (0 queries, 0 cached) | GC: 0.2ms)


  
ActionView::Template::Error (undefined method 'render_icon' for module Orbital::Icons)
Caused by: NoMethodError (undefined method 'render_icon' for module Orbital::Icons)

Information for: ActionView::Template::Error (undefined method 'render_icon' for module Orbital::Icons):
    23:   </Page:Header>
    24: 
    25:   <Hero>
    26:     <Icon name="github"/>
    27:     <Badge variant="secondary">
    28:       New Components: Field, Input Group, Item and more
    29:     </Badge>
  
app/views/static_pages/index.html.orb:26
app/components/demo/hero.rb:9:in 'Demo::Hero#call'
app/views/static_pages/index.html.orb:25
app/components/demo/page.rb:13:in 'Demo::Page#call'
app/views/static_pages/index.html.orb:1

Information for cause: NoMethodError (undefined method 'render_icon' for module Orbital::Icons):
  
app/views/static_pages/index.html.orb:26
app/components/demo/hero.rb:9:in 'Demo::Hero#call'
app/views/static_pages/index.html.orb:25
app/components/demo/page.rb:13:in 'Demo::Page#call'
app/views/static_pages/index.html.orb:1
Started GET "/.well-known/appspecific/com.chrome.devtools.json" for ::1 at 2025-11-29 18:05:28 +0100
  
ActionController::RoutingError (No route matches [GET] "/.well-known/appspecific/com.chrome.devtools.json"):
  
Started GET "/" for ::1 at 2025-11-29 18:05:39 +0100
Processing by StaticPagesController#index as HTML
  Rendering layout layouts/application.html.erb
  Rendering static_pages/index.html.orb within layouts/application
  Rendered static_pages/index.html.orb within layouts/application (Duration: 28.0ms | GC: 4.6ms)
  Rendered layout layouts/application.html.erb (Duration: 30.4ms | GC: 4.6ms)
Completed 200 OK in 32ms (Views: 31.2ms | ActiveRecord: 0.0ms (0 queries, 0 cached) | GC: 4.6ms)


Started GET "/.well-known/appspecific/com.chrome.devtools.json" for ::1 at 2025-11-29 18:05:39 +0100
  
ActionController::RoutingError (No route matches [GET] "/.well-known/appspecific/com.chrome.devtools.json"):
  
Started GET "/" for ::1 at 2025-11-29 18:05:55 +0100
Processing by StaticPagesController#index as HTML
  Rendering layout layouts/application.html.erb
  Rendering static_pages/index.html.orb within layouts/application
  Rendered static_pages/index.html.orb within layouts/application (Duration: 53.9ms | GC: 3.3ms)
  Rendered layout layouts/application.html.erb (Duration: 55.2ms | GC: 3.5ms)
Completed 200 OK in 57ms (Views: 56.4ms | ActiveRecord: 0.0ms (0 queries, 0 cached) | GC: 3.9ms)


Started GET "/.well-known/appspecific/com.chrome.devtools.json" for ::1 at 2025-11-29 18:05:55 +0100
  
ActionController::RoutingError (No route matches [GET] "/.well-known/appspecific/com.chrome.devtools.json"):
  
Started GET "/" for ::1 at 2025-11-29 18:06:11 +0100
Processing by StaticPagesController#index as HTML
  Rendering layout layouts/application.html.erb
  Rendering static_pages/index.html.orb within layouts/application
  Rendered static_pages/index.html.orb within layouts/application (Duration: 26.8ms | GC: 5.1ms)
  Rendered layout layouts/application.html.erb (Duration: 27.7ms | GC: 5.1ms)
Completed 200 OK in 30ms (Views: 28.7ms | ActiveRecord: 0.0ms (0 queries, 0 cached) | GC: 5.1ms)


Started GET "/.well-known/appspecific/com.chrome.devtools.json" for ::1 at 2025-11-29 18:06:11 +0100
  
ActionController::RoutingError (No route matches [GET] "/.well-known/appspecific/com.chrome.devtools.json"):
  
Started GET "/" for ::1 at 2025-11-29 18:06:17 +0100
Processing by StaticPagesController#index as HTML
  Rendering layout layouts/application.html.erb
  Rendering static_pages/index.html.orb within layouts/application
  Rendered static_pages/index.html.orb within layouts/application (Duration: 20.9ms | GC: 4.5ms)
  Rendered layout layouts/application.html.erb (Duration: 21.7ms | GC: 4.5ms)
Completed 200 OK in 23ms (Views: 22.4ms | ActiveRecord: 0.0ms (0 queries, 0 cached) | GC: 4.5ms)


Started GET "/.well-known/appspecific/com.chrome.devtools.json" for ::1 at 2025-11-29 18:06:17 +0100
  
ActionController::RoutingError (No route matches [GET] "/.well-known/appspecific/com.chrome.devtools.json"):
  
Started GET "/" for ::1 at 2025-11-29 18:06:22 +0100
Processing by StaticPagesController#index as HTML
  Rendering layout layouts/application.html.erb
  Rendering static_pages/index.html.orb within layouts/application
  Rendered static_pages/index.html.orb within layouts/application (Duration: 21.4ms | GC: 3.2ms)
  Rendered layout layouts/application.html.erb (Duration: 22.4ms | GC: 3.2ms)
Completed 200 OK in 24ms (Views: 23.3ms | ActiveRecord: 0.0ms (0 queries, 0 cached) | GC: 3.2ms)


Started GET "/.well-known/appspecific/com.chrome.devtools.json" for ::1 at 2025-11-29 18:06:23 +0100
  
ActionController::RoutingError (No route matches [GET] "/.well-known/appspecific/com.chrome.devtools.json"):
  
Started GET "/" for ::1 at 2025-11-29 18:07:48 +0100
Processing by StaticPagesController#index as HTML
  Rendering layout layouts/application.html.erb
  Rendering static_pages/index.html.orb within layouts/application
  Rendered static_pages/index.html.orb within layouts/application (Duration: 22.6ms | GC: 2.4ms)
  Rendered layout layouts/application.html.erb (Duration: 22.7ms | GC: 2.4ms)
Completed 500 Internal Server Error in 24ms (ActiveRecord: 0.0ms (0 queries, 0 cached) | GC: 2.4ms)


  
ActionView::Template::Error (Unknown icon compress)
Caused by: ArgumentError (Unknown icon compress)

Information for: ActionView::Template::Error (Unknown icon compress):
    19:         <Icon name="github"/>
    20:       </Button>
    21:       <Button variant="ghost" size="icon">
    22:         <Icon name="compress"/>
    23:       </Button>
    24:     </div>
    25:   </Page:Header>
  
app/views/static_pages/index.html.orb:22
app/views/static_pages/index.html.orb:21
app/components/demo/page.rb:13:in 'Demo::Page#call'
app/views/static_pages/index.html.orb:1

Information for cause: ArgumentError (Unknown icon compress):
  
app/views/static_pages/index.html.orb:22
app/views/static_pages/index.html.orb:21
app/components/demo/page.rb:13:in 'Demo::Page#call'
app/views/static_pages/index.html.orb:1
Started GET "/.well-known/appspecific/com.chrome.devtools.json" for ::1 at 2025-11-29 18:07:48 +0100
  
ActionController::RoutingError (No route matches [GET] "/.well-known/appspecific/com.chrome.devtools.json"):
  
Started GET "/" for ::1 at 2025-11-29 18:08:49 +0100
Processing by StaticPagesController#index as HTML
  Rendering layout layouts/application.html.erb
  Rendering static_pages/index.html.orb within layouts/application
  Rendered static_pages/index.html.orb within layouts/application (Duration: 19.4ms | GC: 2.8ms)
  Rendered layout layouts/application.html.erb (Duration: 20.4ms | GC: 2.8ms)
Completed 200 OK in 23ms (Views: 21.3ms | ActiveRecord: 0.0ms (0 queries, 0 cached) | GC: 2.8ms)


Started GET "/.well-known/appspecific/com.chrome.devtools.json" for ::1 at 2025-11-29 18:08:49 +0100
  
ActionController::RoutingError (No route matches [GET] "/.well-known/appspecific/com.chrome.devtools.json"):
  
Started GET "/" for ::1 at 2025-11-29 18:08:56 +0100
Processing by StaticPagesController#index as HTML
  Rendering layout layouts/application.html.erb
  Rendering static_pages/index.html.orb within layouts/application
  Rendered static_pages/index.html.orb within layouts/application (Duration: 19.3ms | GC: 2.2ms)
  Rendered layout layouts/application.html.erb (Duration: 20.2ms | GC: 2.2ms)
Completed 200 OK in 22ms (Views: 20.9ms | ActiveRecord: 0.0ms (0 queries, 0 cached) | GC: 2.2ms)


Started GET "/.well-known/appspecific/com.chrome.devtools.json" for ::1 at 2025-11-29 18:08:56 +0100
  
ActionController::RoutingError (No route matches [GET] "/.well-known/appspecific/com.chrome.devtools.json"):
  
Started GET "/" for ::1 at 2025-11-29 18:09:14 +0100
Processing by StaticPagesController#index as HTML
  Rendering layout layouts/application.html.erb
  Rendering static_pages/index.html.orb within layouts/application
  Rendered static_pages/index.html.orb within layouts/application (Duration: 21.5ms | GC: 2.1ms)
  Rendered layout layouts/application.html.erb (Duration: 21.6ms | GC: 2.1ms)
Completed 500 Internal Server Error in 24ms (ActiveRecord: 0.0ms (0 queries, 0 cached) | GC: 2.1ms)


  
ActionView::Template::Error (Unknown icon switch)
Caused by: ArgumentError (Unknown icon switch)

Information for: ActionView::Template::Error (Unknown icon switch):
    24:       </Button>
    25:       <Separator orientation="vertical"/>
    26:       <Button variant="ghost" size="icon">
    27:         <Icon name="switch"/>
    28:       </Button>
    29:     </div>
    30:   </Page:Header>
  
app/views/static_pages/index.html.orb:27
app/views/static_pages/index.html.orb:26
app/components/demo/page.rb:13:in 'Demo::Page#call'
app/views/static_pages/index.html.orb:1

Information for cause: ArgumentError (Unknown icon switch):
  
app/views/static_pages/index.html.orb:27
app/views/static_pages/index.html.orb:26
app/components/demo/page.rb:13:in 'Demo::Page#call'
app/views/static_pages/index.html.orb:1
Started GET "/.well-known/appspecific/com.chrome.devtools.json" for ::1 at 2025-11-29 18:09:14 +0100
  
ActionController::RoutingError (No route matches [GET] "/.well-known/appspecific/com.chrome.devtools.json"):
  
Started GET "/" for ::1 at 2025-11-29 18:09:28 +0100
Processing by StaticPagesController#index as HTML
  Rendering layout layouts/application.html.erb
  Rendering static_pages/index.html.orb within layouts/application
  Rendered static_pages/index.html.orb within layouts/application (Duration: 21.7ms | GC: 3.7ms)
  Rendered layout layouts/application.html.erb (Duration: 22.6ms | GC: 3.7ms)
Completed 200 OK in 25ms (Views: 23.5ms | ActiveRecord: 0.0ms (0 queries, 0 cached) | GC: 3.9ms)


Started GET "/.well-known/appspecific/com.chrome.devtools.json" for ::1 at 2025-11-29 18:09:28 +0100
  
ActionController::RoutingError (No route matches [GET] "/.well-known/appspecific/com.chrome.devtools.json"):
  
Started GET "/" for ::1 at 2025-11-30 09:50:01 +0100
Processing by StaticPagesController#index as HTML
  Rendering layout layouts/application.html.erb
  Rendering static_pages/index.html.orb within layouts/application
  Rendered static_pages/index.html.orb within layouts/application (Duration: 33.1ms | GC: 6.4ms)
  Rendered layout layouts/application.html.erb (Duration: 34.4ms | GC: 6.4ms)
Completed 200 OK in 37ms (Views: 36.2ms | ActiveRecord: 0.0ms (0 queries, 0 cached) | GC: 6.4ms)


Started GET "/.well-known/appspecific/com.chrome.devtools.json" for ::1 at 2025-11-30 09:50:01 +0100
  
ActionController::RoutingError (No route matches [GET] "/.well-known/appspecific/com.chrome.devtools.json"):
  
Started GET "/" for ::1 at 2025-11-30 09:50:08 +0100
Processing by StaticPagesController#index as HTML
  Rendering layout layouts/application.html.erb
  Rendering static_pages/index.html.orb within layouts/application
  Rendered static_pages/index.html.orb within layouts/application (Duration: 11.1ms | GC: 0.0ms)
  Rendered layout layouts/application.html.erb (Duration: 11.7ms | GC: 0.0ms)
Completed 200 OK in 13ms (Views: 12.0ms | ActiveRecord: 0.0ms (0 queries, 0 cached) | GC: 0.0ms)


Started GET "/.well-known/appspecific/com.chrome.devtools.json" for ::1 at 2025-11-30 09:50:08 +0100
  
ActionController::RoutingError (No route matches [GET] "/.well-known/appspecific/com.chrome.devtools.json"):
  
Started GET "/" for ::1 at 2025-11-30 09:50:32 +0100
Processing by StaticPagesController#index as HTML
  Rendering layout layouts/application.html.erb
  Rendering static_pages/index.html.orb within layouts/application
  Rendered static_pages/index.html.orb within layouts/application (Duration: 32.5ms | GC: 5.3ms)
  Rendered layout layouts/application.html.erb (Duration: 33.3ms | GC: 5.3ms)
Completed 200 OK in 35ms (Views: 34.2ms | ActiveRecord: 0.0ms (0 queries, 0 cached) | GC: 5.3ms)


Started GET "/.well-known/appspecific/com.chrome.devtools.json" for ::1 at 2025-11-30 09:50:32 +0100
  
ActionController::RoutingError (No route matches [GET] "/.well-known/appspecific/com.chrome.devtools.json"):
  
Started GET "/" for ::1 at 2025-11-30 09:51:14 +0100
Processing by StaticPagesController#index as HTML
  Rendering layout layouts/application.html.erb
  Rendering static_pages/index.html.orb within layouts/application
  Rendered static_pages/index.html.orb within layouts/application (Duration: 28.6ms | GC: 5.5ms)
  Rendered layout layouts/application.html.erb (Duration: 28.7ms | GC: 5.5ms)
Completed 500 Internal Server Error in 32ms (ActiveRecord: 0.0ms (0 queries, 0 cached) | GC: 7.2ms)


  
ActionView::Template::Error (Unknown icon chevron-down)
Caused by: ArgumentError (Unknown icon chevron-down)

Information for: ActionView::Template::Error (Unknown icon chevron-down):
    49:   </Hero>
    50: 
    51:   <Hero>
    52:     <Accordion>
    53:       <Accordion:Item value="item-1">
    54:         <Item:Trigger>Product Information</Item:Trigger>
    55:         <p>Our flagship product combines cutting-edge technology with sleek design. Built with premium materials, it offers unparalleled performance and reliability.</p>
  
app/views/static_pages/index.html.orb:52
app/components/demo/hero.rb:9:in 'Demo::Hero#call'
app/views/static_pages/index.html.orb:51
app/components/demo/page.rb:13:in 'Demo::Page#call'
app/views/static_pages/index.html.orb:1

Information for cause: ArgumentError (Unknown icon chevron-down):
  
app/views/static_pages/index.html.orb:52
app/components/demo/hero.rb:9:in 'Demo::Hero#call'
app/views/static_pages/index.html.orb:51
app/components/demo/page.rb:13:in 'Demo::Page#call'
app/views/static_pages/index.html.orb:1
Started GET "/.well-known/appspecific/com.chrome.devtools.json" for ::1 at 2025-11-30 09:51:15 +0100
  
ActionController::RoutingError (No route matches [GET] "/.well-known/appspecific/com.chrome.devtools.json"):
  
Started GET "/" for ::1 at 2025-11-30 10:00:26 +0100
Processing by StaticPagesController#index as HTML
  Rendering layout layouts/application.html.erb
  Rendering static_pages/index.html.orb within layouts/application
  Rendered static_pages/index.html.orb within layouts/application (Duration: 9.6ms | GC: 0.0ms)
  Rendered layout layouts/application.html.erb (Duration: 9.7ms | GC: 0.0ms)
Completed 500 Internal Server Error in 11ms (ActiveRecord: 0.0ms (0 queries, 0 cached) | GC: 0.0ms)


  
ActionView::Template::Error (Unknown icon chevron-down)
Caused by: ArgumentError (Unknown icon chevron-down)

Information for: ActionView::Template::Error (Unknown icon chevron-down):
    49:   </Hero>
    50: 
    51:   <Hero>
    52:     <Accordion>
    53:       <Accordion:Item value="item-1">
    54:         <Item:Trigger>Product Information</Item:Trigger>
    55:         <p>Our flagship product combines cutting-edge technology with sleek design. Built with premium materials, it offers unparalleled performance and reliability.</p>
  
app/views/static_pages/index.html.orb:52
app/components/demo/hero.rb:9:in 'Demo::Hero#call'
app/views/static_pages/index.html.orb:51
app/components/demo/page.rb:13:in 'Demo::Page#call'
app/views/static_pages/index.html.orb:1

Information for cause: ArgumentError (Unknown icon chevron-down):
  
app/views/static_pages/index.html.orb:52
app/components/demo/hero.rb:9:in 'Demo::Hero#call'
app/views/static_pages/index.html.orb:51
app/components/demo/page.rb:13:in 'Demo::Page#call'
app/views/static_pages/index.html.orb:1
Started GET "/.well-known/appspecific/com.chrome.devtools.json" for ::1 at 2025-11-30 10:00:26 +0100
  
ActionController::RoutingError (No route matches [GET] "/.well-known/appspecific/com.chrome.devtools.json"):
  
Started GET "/" for ::1 at 2025-11-30 10:00:28 +0100
Processing by StaticPagesController#index as HTML
  Rendering layout layouts/application.html.erb
  Rendering static_pages/index.html.orb within layouts/application
  Rendered static_pages/index.html.orb within layouts/application (Duration: 10.7ms | GC: 0.9ms)
  Rendered layout layouts/application.html.erb (Duration: 10.8ms | GC: 0.9ms)
Completed 500 Internal Server Error in 12ms (ActiveRecord: 0.0ms (0 queries, 0 cached) | GC: 0.9ms)


  
ActionView::Template::Error (Unknown icon chevron-down)
Caused by: ArgumentError (Unknown icon chevron-down)

Information for: ActionView::Template::Error (Unknown icon chevron-down):
    49:   </Hero>
    50: 
    51:   <Hero>
    52:     <Accordion>
    53:       <Accordion:Item value="item-1">
    54:         <Item:Trigger>Product Information</Item:Trigger>
    55:         <p>Our flagship product combines cutting-edge technology with sleek design. Built with premium materials, it offers unparalleled performance and reliability.</p>
  
app/views/static_pages/index.html.orb:52
app/components/demo/hero.rb:9:in 'Demo::Hero#call'
app/views/static_pages/index.html.orb:51
app/components/demo/page.rb:13:in 'Demo::Page#call'
app/views/static_pages/index.html.orb:1

Information for cause: ArgumentError (Unknown icon chevron-down):
  
app/views/static_pages/index.html.orb:52
app/components/demo/hero.rb:9:in 'Demo::Hero#call'
app/views/static_pages/index.html.orb:51
app/components/demo/page.rb:13:in 'Demo::Page#call'
app/views/static_pages/index.html.orb:1
Started GET "/.well-known/appspecific/com.chrome.devtools.json" for ::1 at 2025-11-30 10:00:28 +0100
  
ActionController::RoutingError (No route matches [GET] "/.well-known/appspecific/com.chrome.devtools.json"):
  
Started GET "/" for ::1 at 2025-11-30 10:00:35 +0100
  [1m[36mActiveRecord::SchemaMigration Load (0.1ms)[0m  [1m[34mSELECT "schema_migrations"."version" FROM "schema_migrations" ORDER BY "schema_migrations"."version" ASC /*application='Demo'*/[0m
Processing by StaticPagesController#index as HTML
  Rendering layout layouts/application.html.erb
  Rendering static_pages/index.html.orb within layouts/application
  Rendered static_pages/index.html.orb within layouts/application (Duration: 66.8ms | GC: 26.6ms)
  Rendered layout layouts/application.html.erb (Duration: 67.2ms | GC: 26.9ms)
Completed 500 Internal Server Error in 78ms (ActiveRecord: 0.0ms (0 queries, 0 cached) | GC: 27.0ms)


  
ActionView::Template::Error (undefined method 'icon' for module Orbital::Icons)
Caused by: NoMethodError (undefined method 'icon' for module Orbital::Icons)

Information for: ActionView::Template::Error (undefined method 'icon' for module Orbital::Icons):
    49:   </Hero>
    50: 
    51:   <Hero>
    52:     <Accordion>
    53:       <Accordion:Item value="item-1">
    54:         <Item:Trigger>Product Information</Item:Trigger>
    55:         <p>Our flagship product combines cutting-edge technology with sleek design. Built with premium materials, it offers unparalleled performance and reliability.</p>
  
app/views/static_pages/index.html.orb:52
app/components/demo/hero.rb:9:in 'Demo::Hero#call'
app/views/static_pages/index.html.orb:51
app/components/demo/page.rb:13:in 'Demo::Page#call'
app/views/static_pages/index.html.orb:1

Information for cause: NoMethodError (undefined method 'icon' for module Orbital::Icons):
  
app/views/static_pages/index.html.orb:52
app/components/demo/hero.rb:9:in 'Demo::Hero#call'
app/views/static_pages/index.html.orb:51
app/components/demo/page.rb:13:in 'Demo::Page#call'
app/views/static_pages/index.html.orb:1
Started GET "/.well-known/appspecific/com.chrome.devtools.json" for ::1 at 2025-11-30 10:00:35 +0100
  
ActionController::RoutingError (No route matches [GET] "/.well-known/appspecific/com.chrome.devtools.json"):
  
Started GET "/" for ::1 at 2025-11-30 10:02:42 +0100
Processing by StaticPagesController#index as HTML
  Rendering layout layouts/application.html.erb
  Rendering static_pages/index.html.orb within layouts/application
  Rendered static_pages/index.html.orb within layouts/application (Duration: 28.7ms | GC: 2.1ms)
  Rendered layout layouts/application.html.erb (Duration: 28.9ms | GC: 2.1ms)
Completed 500 Internal Server Error in 32ms (ActiveRecord: 0.0ms (0 queries, 0 cached) | GC: 2.6ms)


  
ActionView::Template::Error (no implicit conversion of ActiveSupport::SafeBuffer into Hash)
Caused by: TypeError (no implicit conversion of ActiveSupport::SafeBuffer into Hash)

Information for: ActionView::Template::Error (no implicit conversion of ActiveSupport::SafeBuffer into Hash):
    49:   </Hero>
    50: 
    51:   <Hero>
    52:     <Accordion>
    53:       <Accordion:Item value="item-1">
    54:         <Item:Trigger>Product Information</Item:Trigger>
    55:         <p>Our flagship product combines cutting-edge technology with sleek design. Built with premium materials, it offers unparalleled performance and reliability.</p>
  
app/views/static_pages/index.html.orb:52
app/components/demo/hero.rb:9:in 'Demo::Hero#call'
app/views/static_pages/index.html.orb:51
app/components/demo/page.rb:13:in 'Demo::Page#call'
app/views/static_pages/index.html.orb:1

Information for cause: TypeError (no implicit conversion of ActiveSupport::SafeBuffer into Hash):
  
app/views/static_pages/index.html.orb:52
app/components/demo/hero.rb:9:in 'Demo::Hero#call'
app/views/static_pages/index.html.orb:51
app/components/demo/page.rb:13:in 'Demo::Page#call'
app/views/static_pages/index.html.orb:1
Started GET "/.well-known/appspecific/com.chrome.devtools.json" for ::1 at 2025-11-30 10:02:42 +0100
  
ActionController::RoutingError (No route matches [GET] "/.well-known/appspecific/com.chrome.devtools.json"):
  
Started GET "/" for ::1 at 2025-11-30 10:03:24 +0100
Processing by StaticPagesController#index as HTML
  Rendering layout layouts/application.html.erb
  Rendering static_pages/index.html.orb within layouts/application
  Rendered static_pages/index.html.orb within layouts/application (Duration: 22.2ms | GC: 0.7ms)
  Rendered layout layouts/application.html.erb (Duration: 22.4ms | GC: 0.7ms)
Completed 500 Internal Server Error in 24ms (ActiveRecord: 0.0ms (0 queries, 0 cached) | GC: 0.9ms)


  
ActionView::Template::Error (no implicit conversion of ActiveSupport::SafeBuffer into Hash)
Caused by: TypeError (no implicit conversion of ActiveSupport::SafeBuffer into Hash)

Information for: ActionView::Template::Error (no implicit conversion of ActiveSupport::SafeBuffer into Hash):
    16:       <Button variant="secondary">Search documentation...</Button>
    17:       <Separator orientation="vertical"/>
    18:       <Button variant="ghost" size="icon">
    19:         <Icon name="github"/>
    20:       </Button>
    21:       <Separator orientation="vertical"/>
    22:       <Button variant="ghost" size="icon">
  
app/views/static_pages/index.html.orb:19
app/views/static_pages/index.html.orb:18
app/components/demo/page.rb:13:in 'Demo::Page#call'
app/views/static_pages/index.html.orb:1

Information for cause: TypeError (no implicit conversion of ActiveSupport::SafeBuffer into Hash):
  
app/views/static_pages/index.html.orb:19
app/views/static_pages/index.html.orb:18
app/components/demo/page.rb:13:in 'Demo::Page#call'
app/views/static_pages/index.html.orb:1
Started GET "/.well-known/appspecific/com.chrome.devtools.json" for ::1 at 2025-11-30 10:03:24 +0100
  
ActionController::RoutingError (No route matches [GET] "/.well-known/appspecific/com.chrome.devtools.json"):
  
Started GET "/" for ::1 at 2025-11-30 10:03:42 +0100
Processing by StaticPagesController#index as HTML
  Rendering layout layouts/application.html.erb
  Rendering static_pages/index.html.orb within layouts/application
  Rendered static_pages/index.html.orb within layouts/application (Duration: 26.8ms | GC: 4.0ms)
  Rendered layout layouts/application.html.erb (Duration: 26.9ms | GC: 4.0ms)
Completed 500 Internal Server Error in 29ms (ActiveRecord: 0.0ms (0 queries, 0 cached) | GC: 4.2ms)


  
ActionView::Template::Error (no implicit conversion of ActiveSupport::SafeBuffer into Hash)
Caused by: TypeError (no implicit conversion of ActiveSupport::SafeBuffer into Hash)

Information for: ActionView::Template::Error (no implicit conversion of ActiveSupport::SafeBuffer into Hash):
    49:   </Hero>
    50: 
    51:   <Hero>
    52:     <Accordion>
    53:       <Accordion:Item value="item-1">
    54:         <Item:Trigger>Product Information</Item:Trigger>
    55:         <p>Our flagship product combines cutting-edge technology with sleek design. Built with premium materials, it offers unparalleled performance and reliability.</p>
  
app/views/static_pages/index.html.orb:52
app/components/demo/hero.rb:9:in 'Demo::Hero#call'
app/views/static_pages/index.html.orb:51
app/components/demo/page.rb:13:in 'Demo::Page#call'
app/views/static_pages/index.html.orb:1

Information for cause: TypeError (no implicit conversion of ActiveSupport::SafeBuffer into Hash):
  
app/views/static_pages/index.html.orb:52
app/components/demo/hero.rb:9:in 'Demo::Hero#call'
app/views/static_pages/index.html.orb:51
app/components/demo/page.rb:13:in 'Demo::Page#call'
app/views/static_pages/index.html.orb:1
Started GET "/.well-known/appspecific/com.chrome.devtools.json" for ::1 at 2025-11-30 10:03:43 +0100
  
ActionController::RoutingError (No route matches [GET] "/.well-known/appspecific/com.chrome.devtools.json"):
  
Started PUT "/__web_console/repl_sessions/b669558472446e55d8014c13dc894228" for ::1 at 2025-11-30 10:04:07 +0100
Started PUT "/__web_console/repl_sessions/b669558472446e55d8014c13dc894228" for ::1 at 2025-11-30 10:04:08 +0100
Started PUT "/__web_console/repl_sessions/b669558472446e55d8014c13dc894228" for ::1 at 2025-11-30 10:04:10 +0100
Started PUT "/__web_console/repl_sessions/b669558472446e55d8014c13dc894228" for ::1 at 2025-11-30 10:04:16 +0100
Started PUT "/__web_console/repl_sessions/b669558472446e55d8014c13dc894228" for ::1 at 2025-11-30 10:04:22 +0100
Started PUT "/__web_console/repl_sessions/b669558472446e55d8014c13dc894228" for ::1 at 2025-11-30 10:04:26 +0100
Started PUT "/__web_console/repl_sessions/b669558472446e55d8014c13dc894228" for ::1 at 2025-11-30 10:04:26 +0100
Started PUT "/__web_console/repl_sessions/b669558472446e55d8014c13dc894228" for ::1 at 2025-11-30 10:04:31 +0100
Started PUT "/__web_console/repl_sessions/b669558472446e55d8014c13dc894228" for ::1 at 2025-11-30 10:04:49 +0100
Started PUT "/__web_console/repl_sessions/b669558472446e55d8014c13dc894228" for ::1 at 2025-11-30 10:04:56 +0100
Started PUT "/__web_console/repl_sessions/b669558472446e55d8014c13dc894228" for ::1 at 2025-11-30 10:04:56 +0100
Started GET "/" for ::1 at 2025-11-30 10:05:17 +0100
Processing by StaticPagesController#index as HTML
  Rendering layout layouts/application.html.erb
  Rendering static_pages/index.html.orb within layouts/application
  Rendered static_pages/index.html.orb within layouts/application (Duration: 25.7ms | GC: 3.1ms)
  Rendered layout layouts/application.html.erb (Duration: 25.8ms | GC: 3.1ms)
Completed 500 Internal Server Error in 27ms (ActiveRecord: 0.0ms (0 queries, 0 cached) | GC: 3.1ms)


  
ActionView::Template::Error (no implicit conversion of ActiveSupport::SafeBuffer into Hash)
Caused by: TypeError (no implicit conversion of ActiveSupport::SafeBuffer into Hash)

Information for: ActionView::Template::Error (no implicit conversion of ActiveSupport::SafeBuffer into Hash):
    49:   </Hero>
    50: 
    51:   <Hero>
    52:     <Accordion>
    53:       <Accordion:Item value="item-1">
    54:         <Item:Trigger>Product Information</Item:Trigger>
    55:         <p>Our flagship product combines cutting-edge technology with sleek design. Built with premium materials, it offers unparalleled performance and reliability.</p>
  
app/views/static_pages/index.html.orb:52
app/components/demo/hero.rb:9:in 'Demo::Hero#call'
app/views/static_pages/index.html.orb:51
app/components/demo/page.rb:13:in 'Demo::Page#call'
app/views/static_pages/index.html.orb:1

Information for cause: TypeError (no implicit conversion of ActiveSupport::SafeBuffer into Hash):
  
app/views/static_pages/index.html.orb:52
app/components/demo/hero.rb:9:in 'Demo::Hero#call'
app/views/static_pages/index.html.orb:51
app/components/demo/page.rb:13:in 'Demo::Page#call'
app/views/static_pages/index.html.orb:1
Started GET "/.well-known/appspecific/com.chrome.devtools.json" for ::1 at 2025-11-30 10:05:17 +0100
  
ActionController::RoutingError (No route matches [GET] "/.well-known/appspecific/com.chrome.devtools.json"):
  
Started PUT "/__web_console/repl_sessions/481094828087190ed386cc094579a5b9" for ::1 at 2025-11-30 10:05:20 +0100
Started PUT "/__web_console/repl_sessions/481094828087190ed386cc094579a5b9" for ::1 at 2025-11-30 10:05:21 +0100
Started GET "/" for ::1 at 2025-11-30 10:05:31 +0100
Processing by StaticPagesController#index as HTML
  Rendering layout layouts/application.html.erb
  Rendering static_pages/index.html.orb within layouts/application
  Rendered static_pages/index.html.orb within layouts/application (Duration: 30.7ms | GC: 5.5ms)
  Rendered layout layouts/application.html.erb (Duration: 33.6ms | GC: 5.5ms)
Completed 200 OK in 36ms (Views: 34.8ms | ActiveRecord: 0.0ms (0 queries, 0 cached) | GC: 5.5ms)


Started GET "/.well-known/appspecific/com.chrome.devtools.json" for ::1 at 2025-11-30 10:05:31 +0100
  
ActionController::RoutingError (No route matches [GET] "/.well-known/appspecific/com.chrome.devtools.json"):
  
Started GET "/" for ::1 at 2025-11-30 10:06:00 +0100
Processing by StaticPagesController#index as HTML
  Rendering layout layouts/application.html.erb
  Rendering static_pages/index.html.orb within layouts/application
  Rendered static_pages/index.html.orb within layouts/application (Duration: 26.7ms | GC: 1.3ms)
  Rendered layout layouts/application.html.erb (Duration: 28.1ms | GC: 1.3ms)
Completed 200 OK in 30ms (Views: 29.2ms | ActiveRecord: 0.0ms (0 queries, 0 cached) | GC: 1.6ms)


Started GET "/.well-known/appspecific/com.chrome.devtools.json" for ::1 at 2025-11-30 10:06:00 +0100
  
ActionController::RoutingError (No route matches [GET] "/.well-known/appspecific/com.chrome.devtools.json"):
  
Started GET "/" for ::1 at 2025-11-30 10:07:20 +0100
Processing by StaticPagesController#index as HTML
  Rendering layout layouts/application.html.erb
  Rendering static_pages/index.html.orb within layouts/application
  Rendered static_pages/index.html.orb within layouts/application (Duration: 33.7ms | GC: 4.6ms)
  Rendered layout layouts/application.html.erb (Duration: 34.6ms | GC: 4.6ms)
Completed 200 OK in 37ms (Views: 35.7ms | ActiveRecord: 0.0ms (0 queries, 0 cached) | GC: 4.6ms)


Started GET "/.well-known/appspecific/com.chrome.devtools.json" for ::1 at 2025-11-30 10:07:20 +0100
  
ActionController::RoutingError (No route matches [GET] "/.well-known/appspecific/com.chrome.devtools.json"):
  
Started GET "/" for ::1 at 2025-11-30 10:09:42 +0100
Processing by StaticPagesController#index as HTML
  Rendering layout layouts/application.html.erb
  Rendering static_pages/index.html.orb within layouts/application
  Rendered static_pages/index.html.orb within layouts/application (Duration: 30.8ms | GC: 4.7ms)
  Rendered layout layouts/application.html.erb (Duration: 31.6ms | GC: 4.7ms)
Completed 200 OK in 34ms (Views: 32.6ms | ActiveRecord: 0.0ms (0 queries, 0 cached) | GC: 5.0ms)


Started GET "/.well-known/appspecific/com.chrome.devtools.json" for ::1 at 2025-11-30 10:09:42 +0100
  
ActionController::RoutingError (No route matches [GET] "/.well-known/appspecific/com.chrome.devtools.json"):
  
Started GET "/" for ::1 at 2025-11-30 10:10:01 +0100
Processing by StaticPagesController#index as HTML
  Rendering layout layouts/application.html.erb
  Rendering static_pages/index.html.orb within layouts/application
  Rendered static_pages/index.html.orb within layouts/application (Duration: 72.5ms | GC: 3.8ms)
  Rendered layout layouts/application.html.erb (Duration: 75.3ms | GC: 3.8ms)
Completed 200 OK in 77ms (Views: 76.3ms | ActiveRecord: 0.0ms (0 queries, 0 cached) | GC: 3.8ms)


Started GET "/.well-known/appspecific/com.chrome.devtools.json" for ::1 at 2025-11-30 10:10:01 +0100
  
ActionController::RoutingError (No route matches [GET] "/.well-known/appspecific/com.chrome.devtools.json"):
  
Started GET "/" for ::1 at 2025-11-30 10:10:16 +0100
Processing by StaticPagesController#index as HTML
  Rendering layout layouts/application.html.erb
  Rendering static_pages/index.html.orb within layouts/application
  Rendered static_pages/index.html.orb within layouts/application (Duration: 70.8ms | GC: 5.1ms)
  Rendered layout layouts/application.html.erb (Duration: 71.6ms | GC: 5.1ms)
Completed 200 OK in 73ms (Views: 72.4ms | ActiveRecord: 0.0ms (0 queries, 0 cached) | GC: 5.1ms)


Started GET "/.well-known/appspecific/com.chrome.devtools.json" for ::1 at 2025-11-30 10:10:16 +0100
  
ActionController::RoutingError (No route matches [GET] "/.well-known/appspecific/com.chrome.devtools.json"):
  
Started GET "/" for ::1 at 2025-11-30 10:10:23 +0100
Processing by StaticPagesController#index as HTML
  Rendering layout layouts/application.html.erb
  Rendering static_pages/index.html.orb within layouts/application
  Rendered static_pages/index.html.orb within layouts/application (Duration: 42.2ms | GC: 17.4ms)
  Rendered layout layouts/application.html.erb (Duration: 43.6ms | GC: 17.4ms)
Completed 200 OK in 46ms (Views: 45.1ms | ActiveRecord: 0.0ms (0 queries, 0 cached) | GC: 18.3ms)


Started GET "/.well-known/appspecific/com.chrome.devtools.json" for ::1 at 2025-11-30 10:10:23 +0100
  
ActionController::RoutingError (No route matches [GET] "/.well-known/appspecific/com.chrome.devtools.json"):
  
Started GET "/" for ::1 at 2025-11-30 10:10:27 +0100
Processing by StaticPagesController#index as HTML
  Rendering layout layouts/application.html.erb
  Rendering static_pages/index.html.orb within layouts/application
  Rendered static_pages/index.html.orb within layouts/application (Duration: 29.5ms | GC: 4.0ms)
  Rendered layout layouts/application.html.erb (Duration: 31.0ms | GC: 4.0ms)
Completed 200 OK in 33ms (Views: 31.9ms | ActiveRecord: 0.0ms (0 queries, 0 cached) | GC: 4.0ms)


Started GET "/.well-known/appspecific/com.chrome.devtools.json" for ::1 at 2025-11-30 10:10:27 +0100
  
ActionController::RoutingError (No route matches [GET] "/.well-known/appspecific/com.chrome.devtools.json"):
  
Started GET "/" for ::1 at 2025-11-30 10:14:36 +0100
Processing by StaticPagesController#index as HTML
  Rendering layout layouts/application.html.erb
  Rendering static_pages/index.html.orb within layouts/application
  Rendered static_pages/index.html.orb within layouts/application (Duration: 31.8ms | GC: 1.2ms)
  Rendered layout layouts/application.html.erb (Duration: 34.0ms | GC: 1.2ms)
Completed 200 OK in 37ms (Views: 36.1ms | ActiveRecord: 0.0ms (0 queries, 0 cached) | GC: 1.6ms)


Started GET "/.well-known/appspecific/com.chrome.devtools.json" for ::1 at 2025-11-30 10:14:36 +0100
  
ActionController::RoutingError (No route matches [GET] "/.well-known/appspecific/com.chrome.devtools.json"):
  
Started GET "/" for ::1 at 2025-11-30 10:15:04 +0100
Processing by StaticPagesController#index as HTML
  Rendering layout layouts/application.html.erb
  Rendering static_pages/index.html.orb within layouts/application
  Rendered static_pages/index.html.orb within layouts/application (Duration: 49.3ms | GC: 20.0ms)
  Rendered layout layouts/application.html.erb (Duration: 51.4ms | GC: 20.0ms)
Completed 200 OK in 55ms (Views: 52.9ms | ActiveRecord: 0.0ms (0 queries, 0 cached) | GC: 21.1ms)


Started GET "/.well-known/appspecific/com.chrome.devtools.json" for ::1 at 2025-11-30 10:15:04 +0100
  
ActionController::RoutingError (No route matches [GET] "/.well-known/appspecific/com.chrome.devtools.json"):
  
Started GET "/" for ::1 at 2025-11-30 10:19:14 +0100
Processing by StaticPagesController#index as HTML
  Rendering layout layouts/application.html.erb
  Rendering static_pages/index.html.orb within layouts/application
  Rendered static_pages/index.html.orb within layouts/application (Duration: 30.6ms | GC: 1.3ms)
  Rendered layout layouts/application.html.erb (Duration: 32.5ms | GC: 1.3ms)
Completed 200 OK in 34ms (Views: 33.5ms | ActiveRecord: 0.0ms (0 queries, 0 cached) | GC: 1.3ms)


Started GET "/.well-known/appspecific/com.chrome.devtools.json" for ::1 at 2025-11-30 10:19:14 +0100
  
ActionController::RoutingError (No route matches [GET] "/.well-known/appspecific/com.chrome.devtools.json"):
  
Started GET "/" for ::1 at 2025-11-30 10:19:26 +0100
Processing by StaticPagesController#index as HTML
  Rendering layout layouts/application.html.erb
  Rendering static_pages/index.html.orb within layouts/application
  Rendered static_pages/index.html.orb within layouts/application (Duration: 29.2ms | GC: 3.5ms)
  Rendered layout layouts/application.html.erb (Duration: 31.0ms | GC: 3.7ms)
Completed 200 OK in 33ms (Views: 32.0ms | ActiveRecord: 0.0ms (0 queries, 0 cached) | GC: 3.7ms)


Started GET "/.well-known/appspecific/com.chrome.devtools.json" for ::1 at 2025-11-30 10:19:26 +0100
  
ActionController::RoutingError (No route matches [GET] "/.well-known/appspecific/com.chrome.devtools.json"):
  
Started GET "/" for ::1 at 2025-11-30 10:19:40 +0100
Processing by StaticPagesController#index as HTML
  Rendering layout layouts/application.html.erb
  Rendering static_pages/index.html.orb within layouts/application
  Rendered static_pages/index.html.orb within layouts/application (Duration: 28.3ms | GC: 2.0ms)
  Rendered layout layouts/application.html.erb (Duration: 29.8ms | GC: 2.0ms)
Completed 200 OK in 32ms (Views: 30.7ms | ActiveRecord: 0.0ms (0 queries, 0 cached) | GC: 2.0ms)


Started GET "/.well-known/appspecific/com.chrome.devtools.json" for ::1 at 2025-11-30 10:19:40 +0100
  
ActionController::RoutingError (No route matches [GET] "/.well-known/appspecific/com.chrome.devtools.json"):
  
Started GET "/" for ::1 at 2025-11-30 10:21:48 +0100
Processing by StaticPagesController#index as HTML
  Rendering layout layouts/application.html.erb
  Rendering static_pages/index.html.orb within layouts/application
  Rendered static_pages/index.html.orb within layouts/application (Duration: 27.3ms | GC: 3.0ms)
  Rendered layout layouts/application.html.erb (Duration: 27.5ms | GC: 3.0ms)
Completed 500 Internal Server Error in 29ms (ActiveRecord: 0.0ms (0 queries, 0 cached) | GC: 3.0ms)


  
ActionView::Template::Error (undefined local variable or method 'tone' for #<Orbital::Text:0x0000000131591820>)
Caused by: NameError (undefined local variable or method 'tone' for #<Orbital::Text:0x0000000131591820>)

Information for: ActionView::Template::Error (undefined local variable or method 'tone' for #<Orbital::Text:0x0000000131591820>):
    53:       <Accordion>
    54:         <Accordion:Item value="item-1">
    55:           <Item:Trigger>Product Information</Item:Trigger>
    56:           <Text>Our flagship product combines cutting-edge technology with sleek design. Built with premium materials, it offers unparalleled performance and reliability.</Text>
    57:           <Text>Key features include advanced processing capabilities, and an intuitive user interface designed for both beginners and experts.</Text>
    58:         </Accordion:Item>
    59:         <Accordion:Item value="item-2">
  
app/views/static_pages/index.html.orb:56
app/views/static_pages/index.html.orb:53
app/components/demo/hero.rb:9:in 'Demo::Hero#call'
app/views/static_pages/index.html.orb:51
app/components/demo/page.rb:13:in 'Demo::Page#call'
app/views/static_pages/index.html.orb:1

Information for cause: NameError (undefined local variable or method 'tone' for #<Orbital::Text:0x0000000131591820>):
  
app/views/static_pages/index.html.orb:56
app/views/static_pages/index.html.orb:53
app/components/demo/hero.rb:9:in 'Demo::Hero#call'
app/views/static_pages/index.html.orb:51
app/components/demo/page.rb:13:in 'Demo::Page#call'
app/views/static_pages/index.html.orb:1
Started GET "/.well-known/appspecific/com.chrome.devtools.json" for ::1 at 2025-11-30 10:21:49 +0100
  
ActionController::RoutingError (No route matches [GET] "/.well-known/appspecific/com.chrome.devtools.json"):
  
Started GET "/" for ::1 at 2025-11-30 10:21:58 +0100
Processing by StaticPagesController#index as HTML
  Rendering layout layouts/application.html.erb
  Rendering static_pages/index.html.orb within layouts/application
  Rendered static_pages/index.html.orb within layouts/application (Duration: 36.5ms | GC: 4.6ms)
  Rendered layout layouts/application.html.erb (Duration: 38.4ms | GC: 4.6ms)
Completed 200 OK in 40ms (Views: 39.1ms | ActiveRecord: 0.0ms (0 queries, 0 cached) | GC: 4.6ms)


Started GET "/.well-known/appspecific/com.chrome.devtools.json" for ::1 at 2025-11-30 10:21:58 +0100
  
ActionController::RoutingError (No route matches [GET] "/.well-known/appspecific/com.chrome.devtools.json"):
  
Started GET "/" for ::1 at 2025-11-30 10:23:33 +0100
Processing by StaticPagesController#index as HTML
  Rendering layout layouts/application.html.erb
  Rendering static_pages/index.html.orb within layouts/application
  Rendered static_pages/index.html.orb within layouts/application (Duration: 45.7ms | GC: 0.0ms)
  Rendered layout layouts/application.html.erb (Duration: 46.6ms | GC: 0.0ms)
Completed 200 OK in 85ms (Views: 83.4ms | ActiveRecord: 0.0ms (0 queries, 0 cached) | GC: 0.0ms)


Started GET "/.well-known/appspecific/com.chrome.devtools.json" for ::1 at 2025-11-30 10:23:33 +0100
  
ActionController::RoutingError (No route matches [GET] "/.well-known/appspecific/com.chrome.devtools.json"):
  
Started GET "/" for ::1 at 2025-11-30 10:23:46 +0100
Processing by StaticPagesController#index as HTML
  Rendering layout layouts/application.html.erb
  Rendering static_pages/index.html.orb within layouts/application
  Rendered static_pages/index.html.orb within layouts/application (Duration: 49.1ms | GC: 4.3ms)
  Rendered layout layouts/application.html.erb (Duration: 50.1ms | GC: 4.3ms)
Completed 200 OK in 69ms (Views: 65.3ms | ActiveRecord: 0.0ms (0 queries, 0 cached) | GC: 4.3ms)


Started GET "/.well-known/appspecific/com.chrome.devtools.json" for ::1 at 2025-11-30 10:23:46 +0100
  
ActionController::RoutingError (No route matches [GET] "/.well-known/appspecific/com.chrome.devtools.json"):
  
Started GET "/" for ::1 at 2025-11-30 10:24:40 +0100
Processing by StaticPagesController#index as HTML
  Rendering layout layouts/application.html.erb
  Rendering static_pages/index.html.orb within layouts/application
  Rendered static_pages/index.html.orb within layouts/application (Duration: 37.3ms | GC: 3.6ms)
  Rendered layout layouts/application.html.erb (Duration: 38.3ms | GC: 3.6ms)
Completed 200 OK in 40ms (Views: 39.2ms | ActiveRecord: 0.0ms (0 queries, 0 cached) | GC: 3.6ms)


Started GET "/.well-known/appspecific/com.chrome.devtools.json" for ::1 at 2025-11-30 10:24:40 +0100
  
ActionController::RoutingError (No route matches [GET] "/.well-known/appspecific/com.chrome.devtools.json"):
  
Started GET "/" for ::1 at 2025-11-30 10:24:57 +0100
Processing by StaticPagesController#index as HTML
  Rendering layout layouts/application.html.erb
  Rendering static_pages/index.html.orb within layouts/application
  Rendered static_pages/index.html.orb within layouts/application (Duration: 33.9ms | GC: 4.4ms)
  Rendered layout layouts/application.html.erb (Duration: 34.8ms | GC: 4.4ms)
Completed 200 OK in 36ms (Views: 35.6ms | ActiveRecord: 0.0ms (0 queries, 0 cached) | GC: 4.4ms)


Started GET "/.well-known/appspecific/com.chrome.devtools.json" for ::1 at 2025-11-30 10:24:57 +0100
  
ActionController::RoutingError (No route matches [GET] "/.well-known/appspecific/com.chrome.devtools.json"):
  
Started GET "/" for ::1 at 2025-11-30 10:25:33 +0100
Processing by StaticPagesController#index as HTML
  Rendering layout layouts/application.html.erb
  Rendering static_pages/index.html.orb within layouts/application
  Rendered static_pages/index.html.orb within layouts/application (Duration: 30.9ms | GC: 3.8ms)
  Rendered layout layouts/application.html.erb (Duration: 31.9ms | GC: 3.8ms)
Completed 200 OK in 34ms (Views: 32.8ms | ActiveRecord: 0.0ms (0 queries, 0 cached) | GC: 3.8ms)


Started GET "/.well-known/appspecific/com.chrome.devtools.json" for ::1 at 2025-11-30 10:25:33 +0100
  
ActionController::RoutingError (No route matches [GET] "/.well-known/appspecific/com.chrome.devtools.json"):
  
Started GET "/" for ::1 at 2025-11-30 10:26:00 +0100
Processing by StaticPagesController#index as HTML
  Rendering layout layouts/application.html.erb
  Rendering static_pages/index.html.orb within layouts/application
  Rendered static_pages/index.html.orb within layouts/application (Duration: 34.1ms | GC: 3.4ms)
  Rendered layout layouts/application.html.erb (Duration: 36.6ms | GC: 3.6ms)
Completed 200 OK in 39ms (Views: 37.5ms | ActiveRecord: 0.0ms (0 queries, 0 cached) | GC: 3.6ms)


Started GET "/.well-known/appspecific/com.chrome.devtools.json" for ::1 at 2025-11-30 10:26:00 +0100
  
ActionController::RoutingError (No route matches [GET] "/.well-known/appspecific/com.chrome.devtools.json"):
  
Started GET "/" for ::1 at 2025-11-30 10:27:21 +0100
Processing by StaticPagesController#index as HTML
  Rendering layout layouts/application.html.erb
  Rendering static_pages/index.html.orb within layouts/application
  Rendered static_pages/index.html.orb within layouts/application (Duration: 17.5ms | GC: 2.6ms)
  Rendered layout layouts/application.html.erb (Duration: 18.2ms | GC: 2.6ms)
Completed 200 OK in 19ms (Views: 18.4ms | ActiveRecord: 0.0ms (0 queries, 0 cached) | GC: 2.6ms)


Started GET "/.well-known/appspecific/com.chrome.devtools.json" for ::1 at 2025-11-30 10:27:21 +0100
  
ActionController::RoutingError (No route matches [GET] "/.well-known/appspecific/com.chrome.devtools.json"):
  
Started GET "/" for ::1 at 2025-11-30 10:27:34 +0100
Processing by StaticPagesController#index as HTML
  Rendering layout layouts/application.html.erb
  Rendering static_pages/index.html.orb within layouts/application
  Rendered static_pages/index.html.orb within layouts/application (Duration: 21.5ms | GC: 4.8ms)
  Rendered layout layouts/application.html.erb (Duration: 22.9ms | GC: 4.8ms)
Completed 200 OK in 24ms (Views: 23.2ms | ActiveRecord: 0.0ms (0 queries, 0 cached) | GC: 4.8ms)


Started GET "/.well-known/appspecific/com.chrome.devtools.json" for ::1 at 2025-11-30 10:27:34 +0100
  
ActionController::RoutingError (No route matches [GET] "/.well-known/appspecific/com.chrome.devtools.json"):
  
Started GET "/" for ::1 at 2025-11-30 10:27:47 +0100
Processing by StaticPagesController#index as HTML
  Rendering layout layouts/application.html.erb
  Rendering static_pages/index.html.orb within layouts/application
  Rendered static_pages/index.html.orb within layouts/application (Duration: 13.7ms | GC: 0.0ms)
  Rendered layout layouts/application.html.erb (Duration: 15.1ms | GC: 0.0ms)
Completed 200 OK in 16ms (Views: 15.4ms | ActiveRecord: 0.0ms (0 queries, 0 cached) | GC: 0.0ms)


Started GET "/.well-known/appspecific/com.chrome.devtools.json" for ::1 at 2025-11-30 10:27:47 +0100
  
ActionController::RoutingError (No route matches [GET] "/.well-known/appspecific/com.chrome.devtools.json"):
  
Started GET "/" for ::1 at 2025-11-30 10:28:08 +0100
Processing by StaticPagesController#index as HTML
  Rendering layout layouts/application.html.erb
  Rendering static_pages/index.html.orb within layouts/application
  Rendered static_pages/index.html.orb within layouts/application (Duration: 15.2ms | GC: 0.9ms)
  Rendered layout layouts/application.html.erb (Duration: 16.4ms | GC: 0.9ms)
Completed 200 OK in 17ms (Views: 16.6ms | ActiveRecord: 0.0ms (0 queries, 0 cached) | GC: 0.9ms)


Started GET "/.well-known/appspecific/com.chrome.devtools.json" for ::1 at 2025-11-30 10:28:08 +0100
  
ActionController::RoutingError (No route matches [GET] "/.well-known/appspecific/com.chrome.devtools.json"):
  
Started GET "/" for ::1 at 2025-11-30 10:28:29 +0100
Processing by StaticPagesController#index as HTML
  Rendering layout layouts/application.html.erb
  Rendering static_pages/index.html.orb within layouts/application
  Rendered static_pages/index.html.orb within layouts/application (Duration: 16.6ms | GC: 1.8ms)
  Rendered layout layouts/application.html.erb (Duration: 17.8ms | GC: 1.8ms)
Completed 200 OK in 19ms (Views: 18.0ms | ActiveRecord: 0.0ms (0 queries, 0 cached) | GC: 1.8ms)


Started GET "/.well-known/appspecific/com.chrome.devtools.json" for ::1 at 2025-11-30 10:28:29 +0100
  
ActionController::RoutingError (No route matches [GET] "/.well-known/appspecific/com.chrome.devtools.json"):
  
Started GET "/" for ::1 at 2025-11-30 10:28:39 +0100
Processing by StaticPagesController#index as HTML
  Rendering layout layouts/application.html.erb
  Rendering static_pages/index.html.orb within layouts/application
  Rendered static_pages/index.html.orb within layouts/application (Duration: 16.0ms | GC: 1.3ms)
  Rendered layout layouts/application.html.erb (Duration: 17.2ms | GC: 1.3ms)
Completed 200 OK in 18ms (Views: 17.4ms | ActiveRecord: 0.0ms (0 queries, 0 cached) | GC: 1.3ms)


Started GET "/.well-known/appspecific/com.chrome.devtools.json" for ::1 at 2025-11-30 10:28:39 +0100
  
ActionController::RoutingError (No route matches [GET] "/.well-known/appspecific/com.chrome.devtools.json"):
  
Started GET "/" for ::1 at 2025-11-30 10:28:54 +0100
Processing by StaticPagesController#index as HTML
  Rendering layout layouts/application.html.erb
  Rendering static_pages/index.html.orb within layouts/application
  Rendered static_pages/index.html.orb within layouts/application (Duration: 15.8ms | GC: 1.9ms)
  Rendered layout layouts/application.html.erb (Duration: 17.0ms | GC: 1.9ms)
Completed 200 OK in 18ms (Views: 17.2ms | ActiveRecord: 0.0ms (0 queries, 0 cached) | GC: 1.9ms)


Started GET "/.well-known/appspecific/com.chrome.devtools.json" for ::1 at 2025-11-30 10:28:54 +0100
  
ActionController::RoutingError (No route matches [GET] "/.well-known/appspecific/com.chrome.devtools.json"):
  
Started GET "/" for ::1 at 2025-11-30 10:32:22 +0100
Processing by StaticPagesController#index as HTML
  Rendering layout layouts/application.html.erb
  Rendering static_pages/index.html.orb within layouts/application
  Rendered static_pages/index.html.orb within layouts/application (Duration: 16.8ms | GC: 2.3ms)
  Rendered layout layouts/application.html.erb (Duration: 18.8ms | GC: 2.3ms)
Completed 200 OK in 20ms (Views: 19.1ms | ActiveRecord: 0.0ms (0 queries, 0 cached) | GC: 2.3ms)


Started GET "/.well-known/appspecific/com.chrome.devtools.json" for ::1 at 2025-11-30 10:32:22 +0100
  
ActionController::RoutingError (No route matches [GET] "/.well-known/appspecific/com.chrome.devtools.json"):
  
Started GET "/" for ::1 at 2025-11-30 10:32:28 +0100
Processing by StaticPagesController#index as HTML
  Rendering layout layouts/application.html.erb
  Rendering static_pages/index.html.orb within layouts/application
  Rendered static_pages/index.html.orb within layouts/application (Duration: 13.9ms | GC: 0.0ms)
  Rendered layout layouts/application.html.erb (Duration: 15.2ms | GC: 0.0ms)
Completed 200 OK in 16ms (Views: 15.4ms | ActiveRecord: 0.0ms (0 queries, 0 cached) | GC: 0.0ms)


Started GET "/.well-known/appspecific/com.chrome.devtools.json" for ::1 at 2025-11-30 10:32:28 +0100
  
ActionController::RoutingError (No route matches [GET] "/.well-known/appspecific/com.chrome.devtools.json"):
  
Started GET "/" for ::1 at 2025-11-30 13:03:42 +0100
Processing by StaticPagesController#index as HTML
  Rendering layout layouts/application.html.erb
  Rendering static_pages/index.html.orb within layouts/application
  Rendered static_pages/index.html.orb within layouts/application (Duration: 50.9ms | GC: 12.1ms)
  Rendered layout layouts/application.html.erb (Duration: 53.2ms | GC: 12.1ms)
Completed 200 OK in 56ms (Views: 55.0ms | ActiveRecord: 0.0ms (0 queries, 0 cached) | GC: 12.1ms)


Started GET "/.well-known/appspecific/com.chrome.devtools.json" for ::1 at 2025-11-30 13:03:42 +0100
  
ActionController::RoutingError (No route matches [GET] "/.well-known/appspecific/com.chrome.devtools.json"):
  
Started GET "/" for ::1 at 2025-11-30 13:03:51 +0100
Processing by StaticPagesController#index as HTML
  Rendering layout layouts/application.html.erb
  Rendering static_pages/index.html.orb within layouts/application
  Rendered static_pages/index.html.orb within layouts/application (Duration: 34.7ms | GC: 5.2ms)
  Rendered layout layouts/application.html.erb (Duration: 36.3ms | GC: 5.2ms)
Completed 200 OK in 38ms (Views: 37.1ms | ActiveRecord: 0.0ms (0 queries, 0 cached) | GC: 5.2ms)


Started GET "/.well-known/appspecific/com.chrome.devtools.json" for ::1 at 2025-11-30 13:03:51 +0100
  
ActionController::RoutingError (No route matches [GET] "/.well-known/appspecific/com.chrome.devtools.json"):
  
Started GET "/" for ::1 at 2025-11-30 13:05:27 +0100
Processing by StaticPagesController#index as HTML
  Rendering layout layouts/application.html.erb
  Rendering static_pages/index.html.orb within layouts/application
  Rendered static_pages/index.html.orb within layouts/application (Duration: 36.6ms | GC: 2.4ms)
  Rendered layout layouts/application.html.erb (Duration: 38.6ms | GC: 2.4ms)
Completed 200 OK in 41ms (Views: 39.5ms | ActiveRecord: 0.0ms (0 queries, 0 cached) | GC: 2.5ms)


Started GET "/.well-known/appspecific/com.chrome.devtools.json" for ::1 at 2025-11-30 13:05:27 +0100
  
ActionController::RoutingError (No route matches [GET] "/.well-known/appspecific/com.chrome.devtools.json"):
  
Started GET "/" for ::1 at 2025-11-30 13:05:35 +0100
Processing by StaticPagesController#index as HTML
  Rendering layout layouts/application.html.erb
  Rendering static_pages/index.html.orb within layouts/application
  Rendered static_pages/index.html.orb within layouts/application (Duration: 33.7ms | GC: 5.4ms)
  Rendered layout layouts/application.html.erb (Duration: 34.6ms | GC: 5.4ms)
Completed 200 OK in 36ms (Views: 35.3ms | ActiveRecord: 0.0ms (0 queries, 0 cached) | GC: 5.4ms)


Started GET "/.well-known/appspecific/com.chrome.devtools.json" for ::1 at 2025-11-30 13:05:35 +0100
  
ActionController::RoutingError (No route matches [GET] "/.well-known/appspecific/com.chrome.devtools.json"):
  
Started GET "/" for ::1 at 2025-11-30 13:06:25 +0100
Processing by StaticPagesController#index as HTML
  Rendering layout layouts/application.html.erb
  Rendering static_pages/index.html.orb within layouts/application
  Rendered static_pages/index.html.orb within layouts/application (Duration: 36.7ms | GC: 4.8ms)
  Rendered layout layouts/application.html.erb (Duration: 37.5ms | GC: 4.8ms)
Completed 200 OK in 39ms (Views: 38.4ms | ActiveRecord: 0.0ms (0 queries, 0 cached) | GC: 4.8ms)


Started GET "/.well-known/appspecific/com.chrome.devtools.json" for ::1 at 2025-11-30 13:06:25 +0100
  
ActionController::RoutingError (No route matches [GET] "/.well-known/appspecific/com.chrome.devtools.json"):
  
Started GET "/" for ::1 at 2025-11-30 13:07:28 +0100
Processing by StaticPagesController#index as HTML
  Rendering layout layouts/application.html.erb
  Rendering static_pages/index.html.orb within layouts/application
  Rendered static_pages/index.html.orb within layouts/application (Duration: 34.3ms | GC: 1.9ms)
  Rendered layout layouts/application.html.erb (Duration: 37.4ms | GC: 4.0ms)
Completed 200 OK in 40ms (Views: 38.5ms | ActiveRecord: 0.0ms (0 queries, 0 cached) | GC: 4.0ms)


Started GET "/.well-known/appspecific/com.chrome.devtools.json" for ::1 at 2025-11-30 13:07:28 +0100
  
ActionController::RoutingError (No route matches [GET] "/.well-known/appspecific/com.chrome.devtools.json"):
  
Started GET "/" for ::1 at 2025-11-30 13:08:49 +0100
Processing by StaticPagesController#index as HTML
  Rendering layout layouts/application.html.erb
  Rendering static_pages/index.html.orb within layouts/application
  Rendered static_pages/index.html.orb within layouts/application (Duration: 32.7ms | GC: 4.4ms)
  Rendered layout layouts/application.html.erb (Duration: 33.5ms | GC: 4.4ms)
Completed 200 OK in 39ms (Views: 34.6ms | ActiveRecord: 0.0ms (0 queries, 0 cached) | GC: 7.2ms)


Started GET "/.well-known/appspecific/com.chrome.devtools.json" for ::1 at 2025-11-30 13:08:49 +0100
  
ActionController::RoutingError (No route matches [GET] "/.well-known/appspecific/com.chrome.devtools.json"):
  
Started GET "/" for ::1 at 2025-11-30 13:09:10 +0100
Processing by StaticPagesController#index as HTML
  Rendering layout layouts/application.html.erb
  Rendering static_pages/index.html.orb within layouts/application
  Rendered static_pages/index.html.orb within layouts/application (Duration: 35.0ms | GC: 4.4ms)
  Rendered layout layouts/application.html.erb (Duration: 36.4ms | GC: 4.9ms)
Completed 200 OK in 38ms (Views: 37.1ms | ActiveRecord: 0.0ms (0 queries, 0 cached) | GC: 4.9ms)


Started GET "/.well-known/appspecific/com.chrome.devtools.json" for ::1 at 2025-11-30 13:09:10 +0100
  
ActionController::RoutingError (No route matches [GET] "/.well-known/appspecific/com.chrome.devtools.json"):
  
Started GET "/" for ::1 at 2025-11-30 13:11:03 +0100
Processing by StaticPagesController#index as HTML
  Rendering layout layouts/application.html.erb
  Rendering static_pages/index.html.orb within layouts/application
  Rendered static_pages/index.html.orb within layouts/application (Duration: 19.6ms | GC: 4.6ms)
  Rendered layout layouts/application.html.erb (Duration: 22.1ms | GC: 4.6ms)
Completed 200 OK in 23ms (Views: 22.4ms | ActiveRecord: 0.0ms (0 queries, 0 cached) | GC: 4.6ms)


Started GET "/.well-known/appspecific/com.chrome.devtools.json" for ::1 at 2025-11-30 13:11:03 +0100
  
ActionController::RoutingError (No route matches [GET] "/.well-known/appspecific/com.chrome.devtools.json"):
  
Started GET "/" for ::1 at 2025-11-30 13:11:05 +0100
Processing by StaticPagesController#index as HTML
  Rendering layout layouts/application.html.erb
  Rendering static_pages/index.html.orb within layouts/application
  Rendered static_pages/index.html.orb within layouts/application (Duration: 19.6ms | GC: 4.3ms)
  Rendered layout layouts/application.html.erb (Duration: 20.2ms | GC: 4.3ms)
Completed 200 OK in 21ms (Views: 20.5ms | ActiveRecord: 0.0ms (0 queries, 0 cached) | GC: 4.3ms)


Started GET "/.well-known/appspecific/com.chrome.devtools.json" for ::1 at 2025-11-30 13:11:06 +0100
  
ActionController::RoutingError (No route matches [GET] "/.well-known/appspecific/com.chrome.devtools.json"):
  
Started GET "/" for ::1 at 2025-11-30 13:11:18 +0100
Processing by StaticPagesController#index as HTML
  Rendering layout layouts/application.html.erb
  Rendering static_pages/index.html.orb within layouts/application
  Rendered static_pages/index.html.orb within layouts/application (Duration: 17.1ms | GC: 2.7ms)
  Rendered layout layouts/application.html.erb (Duration: 18.4ms | GC: 2.7ms)
Completed 200 OK in 19ms (Views: 18.6ms | ActiveRecord: 0.0ms (0 queries, 0 cached) | GC: 2.7ms)


Started GET "/.well-known/appspecific/com.chrome.devtools.json" for ::1 at 2025-11-30 13:11:18 +0100
  
ActionController::RoutingError (No route matches [GET] "/.well-known/appspecific/com.chrome.devtools.json"):
  
Started GET "/" for ::1 at 2025-11-30 13:13:12 +0100
Processing by StaticPagesController#index as HTML
  Rendering layout layouts/application.html.erb
  Rendering static_pages/index.html.orb within layouts/application
  Rendered static_pages/index.html.orb within layouts/application (Duration: 17.4ms | GC: 1.5ms)
  Rendered layout layouts/application.html.erb (Duration: 18.1ms | GC: 1.5ms)
Completed 200 OK in 19ms (Views: 18.3ms | ActiveRecord: 0.0ms (0 queries, 0 cached) | GC: 1.5ms)


Started GET "/.well-known/appspecific/com.chrome.devtools.json" for ::1 at 2025-11-30 13:13:12 +0100
  
ActionController::RoutingError (No route matches [GET] "/.well-known/appspecific/com.chrome.devtools.json"):
  
Started GET "/" for ::1 at 2025-11-30 13:13:32 +0100
Processing by StaticPagesController#index as HTML
  Rendering layout layouts/application.html.erb
  Rendering static_pages/index.html.orb within layouts/application
  Rendered static_pages/index.html.orb within layouts/application (Duration: 17.6ms | GC: 2.5ms)
  Rendered layout layouts/application.html.erb (Duration: 18.9ms | GC: 2.5ms)
Completed 200 OK in 20ms (Views: 19.1ms | ActiveRecord: 0.0ms (0 queries, 0 cached) | GC: 2.5ms)


Started GET "/.well-known/appspecific/com.chrome.devtools.json" for ::1 at 2025-11-30 13:13:32 +0100
  
ActionController::RoutingError (No route matches [GET] "/.well-known/appspecific/com.chrome.devtools.json"):
  
Started GET "/" for ::1 at 2025-11-30 13:13:50 +0100
Processing by StaticPagesController#index as HTML
  Rendering layout layouts/application.html.erb
  Rendering static_pages/index.html.orb within layouts/application
  Rendered static_pages/index.html.orb within layouts/application (Duration: 19.8ms | GC: 2.6ms)
  Rendered layout layouts/application.html.erb (Duration: 20.3ms | GC: 2.6ms)
Completed 200 OK in 21ms (Views: 20.5ms | ActiveRecord: 0.0ms (0 queries, 0 cached) | GC: 2.6ms)


Started GET "/.well-known/appspecific/com.chrome.devtools.json" for ::1 at 2025-11-30 13:13:50 +0100
  
ActionController::RoutingError (No route matches [GET] "/.well-known/appspecific/com.chrome.devtools.json"):
  
Started GET "/" for ::1 at 2025-11-30 13:16:01 +0100
Processing by StaticPagesController#index as HTML
  Rendering layout layouts/application.html.erb
  Rendering static_pages/index.html.orb within layouts/application
  Rendered static_pages/index.html.orb within layouts/application (Duration: 14.1ms | GC: 0.0ms)
  Rendered layout layouts/application.html.erb (Duration: 16.0ms | GC: 0.0ms)
Completed 200 OK in 17ms (Views: 16.2ms | ActiveRecord: 0.0ms (0 queries, 0 cached) | GC: 0.0ms)


Started GET "/.well-known/appspecific/com.chrome.devtools.json" for ::1 at 2025-11-30 13:16:01 +0100
  
ActionController::RoutingError (No route matches [GET] "/.well-known/appspecific/com.chrome.devtools.json"):
  
Started GET "/" for ::1 at 2025-11-30 13:16:09 +0100
Processing by StaticPagesController#index as HTML
  Rendering layout layouts/application.html.erb
  Rendering static_pages/index.html.orb within layouts/application
  Rendered static_pages/index.html.orb within layouts/application (Duration: 21.3ms | GC: 4.7ms)
  Rendered layout layouts/application.html.erb (Duration: 22.5ms | GC: 4.7ms)
Completed 200 OK in 23ms (Views: 22.8ms | ActiveRecord: 0.0ms (0 queries, 0 cached) | GC: 4.7ms)


Started GET "/.well-known/appspecific/com.chrome.devtools.json" for ::1 at 2025-11-30 13:16:09 +0100
  
ActionController::RoutingError (No route matches [GET] "/.well-known/appspecific/com.chrome.devtools.json"):
  
Started GET "/" for ::1 at 2025-11-30 13:21:27 +0100
Processing by StaticPagesController#index as HTML
  Rendering layout layouts/application.html.erb
  Rendering static_pages/index.html.orb within layouts/application
  Rendered static_pages/index.html.orb within layouts/application (Duration: 19.3ms | GC: 3.5ms)
  Rendered layout layouts/application.html.erb (Duration: 21.3ms | GC: 3.5ms)
Completed 200 OK in 22ms (Views: 21.7ms | ActiveRecord: 0.0ms (0 queries, 0 cached) | GC: 3.5ms)


Started GET "/.well-known/appspecific/com.chrome.devtools.json" for ::1 at 2025-11-30 13:21:27 +0100
  
ActionController::RoutingError (No route matches [GET] "/.well-known/appspecific/com.chrome.devtools.json"):
  
Started GET "/" for ::1 at 2025-11-30 13:21:43 +0100
Processing by StaticPagesController#index as HTML
  Rendering layout layouts/application.html.erb
  Rendering static_pages/index.html.orb within layouts/application
  Rendered static_pages/index.html.orb within layouts/application (Duration: 18.0ms | GC: 2.9ms)
  Rendered layout layouts/application.html.erb (Duration: 20.3ms | GC: 2.9ms)
Completed 200 OK in 21ms (Views: 20.6ms | ActiveRecord: 0.0ms (0 queries, 0 cached) | GC: 2.9ms)


Started GET "/.well-known/appspecific/com.chrome.devtools.json" for ::1 at 2025-11-30 13:21:43 +0100
  
ActionController::RoutingError (No route matches [GET] "/.well-known/appspecific/com.chrome.devtools.json"):
  
Started GET "/" for ::1 at 2025-11-30 13:22:10 +0100
Processing by StaticPagesController#index as HTML
  Rendering layout layouts/application.html.erb
  Rendering static_pages/index.html.orb within layouts/application
  Rendered static_pages/index.html.orb within layouts/application (Duration: 16.9ms | GC: 2.4ms)
  Rendered layout layouts/application.html.erb (Duration: 18.3ms | GC: 2.4ms)
Completed 200 OK in 19ms (Views: 18.6ms | ActiveRecord: 0.0ms (0 queries, 0 cached) | GC: 2.4ms)


Started GET "/.well-known/appspecific/com.chrome.devtools.json" for ::1 at 2025-11-30 13:22:10 +0100
  
ActionController::RoutingError (No route matches [GET] "/.well-known/appspecific/com.chrome.devtools.json"):
  
Started GET "/" for ::1 at 2025-11-30 13:22:13 +0100
Processing by StaticPagesController#index as HTML
  Rendering layout layouts/application.html.erb
  Rendering static_pages/index.html.orb within layouts/application
  Rendered static_pages/index.html.orb within layouts/application (Duration: 20.7ms | GC: 4.9ms)
  Rendered layout layouts/application.html.erb (Duration: 21.5ms | GC: 4.9ms)
Completed 200 OK in 23ms (Views: 21.9ms | ActiveRecord: 0.0ms (0 queries, 0 cached) | GC: 4.9ms)


Started GET "/.well-known/appspecific/com.chrome.devtools.json" for ::1 at 2025-11-30 13:22:13 +0100
  
ActionController::RoutingError (No route matches [GET] "/.well-known/appspecific/com.chrome.devtools.json"):
  
Started GET "/" for ::1 at 2025-11-30 13:22:15 +0100
Processing by StaticPagesController#index as HTML
  Rendering layout layouts/application.html.erb
  Rendering static_pages/index.html.orb within layouts/application
  Rendered static_pages/index.html.orb within layouts/application (Duration: 16.9ms | GC: 2.4ms)
  Rendered layout layouts/application.html.erb (Duration: 19.8ms | GC: 3.9ms)
Completed 200 OK in 21ms (Views: 20.0ms | ActiveRecord: 0.0ms (0 queries, 0 cached) | GC: 3.9ms)


Started GET "/.well-known/appspecific/com.chrome.devtools.json" for ::1 at 2025-11-30 13:22:15 +0100
  
ActionController::RoutingError (No route matches [GET] "/.well-known/appspecific/com.chrome.devtools.json"):
  
Started GET "/" for ::1 at 2025-11-30 13:22:24 +0100
Processing by StaticPagesController#index as HTML
  Rendering layout layouts/application.html.erb
  Rendering static_pages/index.html.orb within layouts/application
  Rendered static_pages/index.html.orb within layouts/application (Duration: 17.8ms | GC: 3.0ms)
  Rendered layout layouts/application.html.erb (Duration: 18.9ms | GC: 3.0ms)
Completed 200 OK in 20ms (Views: 19.2ms | ActiveRecord: 0.0ms (0 queries, 0 cached) | GC: 3.0ms)


Started GET "/.well-known/appspecific/com.chrome.devtools.json" for ::1 at 2025-11-30 13:22:24 +0100
  
ActionController::RoutingError (No route matches [GET] "/.well-known/appspecific/com.chrome.devtools.json"):
  
Started GET "/" for ::1 at 2025-11-30 13:23:15 +0100
Processing by StaticPagesController#index as HTML
  Rendering layout layouts/application.html.erb
  Rendering static_pages/index.html.orb within layouts/application
  Rendered static_pages/index.html.orb within layouts/application (Duration: 15.1ms | GC: 1.5ms)
  Rendered layout layouts/application.html.erb (Duration: 16.7ms | GC: 1.5ms)
Completed 200 OK in 18ms (Views: 17.0ms | ActiveRecord: 0.0ms (0 queries, 0 cached) | GC: 1.5ms)


Started GET "/.well-known/appspecific/com.chrome.devtools.json" for ::1 at 2025-11-30 13:23:15 +0100
  
ActionController::RoutingError (No route matches [GET] "/.well-known/appspecific/com.chrome.devtools.json"):
  
Started GET "/" for ::1 at 2025-11-30 13:23:56 +0100
Processing by StaticPagesController#index as HTML
  Rendering layout layouts/application.html.erb
  Rendering static_pages/index.html.orb within layouts/application
  Rendered static_pages/index.html.orb within layouts/application (Duration: 16.7ms | GC: 1.3ms)
  Rendered layout layouts/application.html.erb (Duration: 18.8ms | GC: 1.3ms)
Completed 200 OK in 20ms (Views: 19.1ms | ActiveRecord: 0.0ms (0 queries, 0 cached) | GC: 1.3ms)


Started GET "/.well-known/appspecific/com.chrome.devtools.json" for ::1 at 2025-11-30 13:23:56 +0100
  
ActionController::RoutingError (No route matches [GET] "/.well-known/appspecific/com.chrome.devtools.json"):
  
Started GET "/" for ::1 at 2025-11-30 13:26:02 +0100
Processing by StaticPagesController#index as HTML
  Rendering layout layouts/application.html.erb
  Rendering static_pages/index.html.orb within layouts/application
  Rendered static_pages/index.html.orb within layouts/application (Duration: 15.1ms | GC: 1.2ms)
  Rendered layout layouts/application.html.erb (Duration: 16.8ms | GC: 1.2ms)
Completed 200 OK in 18ms (Views: 17.0ms | ActiveRecord: 0.0ms (0 queries, 0 cached) | GC: 1.2ms)


Started GET "/.well-known/appspecific/com.chrome.devtools.json" for ::1 at 2025-11-30 13:26:02 +0100
  
ActionController::RoutingError (No route matches [GET] "/.well-known/appspecific/com.chrome.devtools.json"):
  
Started GET "/" for ::1 at 2025-11-30 13:26:42 +0100
Processing by StaticPagesController#index as HTML
  Rendering layout layouts/application.html.erb
  Rendering static_pages/index.html.orb within layouts/application
  Rendered static_pages/index.html.orb within layouts/application (Duration: 16.0ms | GC: 0.0ms)
  Rendered layout layouts/application.html.erb (Duration: 18.1ms | GC: 0.0ms)
Completed 200 OK in 19ms (Views: 18.4ms | ActiveRecord: 0.0ms (0 queries, 0 cached) | GC: 0.0ms)


Started GET "/.well-known/appspecific/com.chrome.devtools.json" for ::1 at 2025-11-30 13:26:42 +0100
  
ActionController::RoutingError (No route matches [GET] "/.well-known/appspecific/com.chrome.devtools.json"):
  
Started GET "/" for ::1 at 2025-11-30 13:26:43 +0100
Processing by StaticPagesController#index as HTML
  Rendering layout layouts/application.html.erb
  Rendering static_pages/index.html.orb within layouts/application
  Rendered static_pages/index.html.orb within layouts/application (Duration: 15.0ms | GC: 0.8ms)
  Rendered layout layouts/application.html.erb (Duration: 15.5ms | GC: 0.8ms)
Completed 200 OK in 17ms (Views: 15.8ms | ActiveRecord: 0.0ms (0 queries, 0 cached) | GC: 0.8ms)


Started GET "/.well-known/appspecific/com.chrome.devtools.json" for ::1 at 2025-11-30 13:26:43 +0100
  
ActionController::RoutingError (No route matches [GET] "/.well-known/appspecific/com.chrome.devtools.json"):
  
Started GET "/" for ::1 at 2025-11-30 13:27:26 +0100
Processing by StaticPagesController#index as HTML
  Rendering layout layouts/application.html.erb
  Rendering static_pages/index.html.orb within layouts/application
  Rendered static_pages/index.html.orb within layouts/application (Duration: 14.2ms | GC: 0.0ms)
  Rendered layout layouts/application.html.erb (Duration: 16.0ms | GC: 0.0ms)
Completed 200 OK in 17ms (Views: 16.2ms | ActiveRecord: 0.0ms (0 queries, 0 cached) | GC: 0.0ms)


Started GET "/.well-known/appspecific/com.chrome.devtools.json" for ::1 at 2025-11-30 13:27:26 +0100
  
ActionController::RoutingError (No route matches [GET] "/.well-known/appspecific/com.chrome.devtools.json"):
  
Started GET "/" for ::1 at 2025-11-30 13:28:41 +0100
Processing by StaticPagesController#index as HTML
  Rendering layout layouts/application.html.erb
  Rendering static_pages/index.html.orb within layouts/application
  Rendered static_pages/index.html.orb within layouts/application (Duration: 15.2ms | GC: 0.0ms)
  Rendered layout layouts/application.html.erb (Duration: 18.8ms | GC: 1.6ms)
Completed 200 OK in 20ms (Views: 19.0ms | ActiveRecord: 0.0ms (0 queries, 0 cached) | GC: 1.6ms)


Started GET "/.well-known/appspecific/com.chrome.devtools.json" for ::1 at 2025-11-30 13:28:41 +0100
  
ActionController::RoutingError (No route matches [GET] "/.well-known/appspecific/com.chrome.devtools.json"):
  
Started GET "/" for ::1 at 2025-11-30 13:30:53 +0100
Processing by StaticPagesController#index as HTML
  Rendering layout layouts/application.html.erb
  Rendering static_pages/index.html.orb within layouts/application
  Rendered static_pages/index.html.orb within layouts/application (Duration: 14.2ms | GC: 0.0ms)
  Rendered layout layouts/application.html.erb (Duration: 14.8ms | GC: 0.0ms)
Completed 200 OK in 16ms (Views: 15.1ms | ActiveRecord: 0.0ms (0 queries, 0 cached) | GC: 0.0ms)


Started GET "/.well-known/appspecific/com.chrome.devtools.json" for ::1 at 2025-11-30 13:30:53 +0100
  
ActionController::RoutingError (No route matches [GET] "/.well-known/appspecific/com.chrome.devtools.json"):
  
Started GET "/" for ::1 at 2025-11-30 13:31:22 +0100
Processing by StaticPagesController#index as HTML
  Rendering layout layouts/application.html.erb
  Rendering static_pages/index.html.orb within layouts/application
  Rendered static_pages/index.html.orb within layouts/application (Duration: 36.4ms | GC: 4.3ms)
  Rendered layout layouts/application.html.erb (Duration: 37.3ms | GC: 4.3ms)
Completed 200 OK in 40ms (Views: 38.8ms | ActiveRecord: 0.0ms (0 queries, 0 cached) | GC: 4.3ms)


Started GET "/.well-known/appspecific/com.chrome.devtools.json" for ::1 at 2025-11-30 13:31:22 +0100
  
ActionController::RoutingError (No route matches [GET] "/.well-known/appspecific/com.chrome.devtools.json"):
  
Started GET "/" for ::1 at 2025-11-30 13:33:52 +0100
Processing by StaticPagesController#index as HTML
  Rendering layout layouts/application.html.erb
  Rendering static_pages/index.html.orb within layouts/application
  Rendered static_pages/index.html.orb within layouts/application (Duration: 19.3ms | GC: 3.1ms)
  Rendered layout layouts/application.html.erb (Duration: 21.1ms | GC: 3.1ms)
Completed 200 OK in 22ms (Views: 21.4ms | ActiveRecord: 0.0ms (0 queries, 0 cached) | GC: 3.1ms)


Started GET "/.well-known/appspecific/com.chrome.devtools.json" for ::1 at 2025-11-30 13:33:52 +0100
  
ActionController::RoutingError (No route matches [GET] "/.well-known/appspecific/com.chrome.devtools.json"):
  
Started GET "/" for ::1 at 2025-11-30 13:33:57 +0100
Processing by StaticPagesController#index as HTML
  Rendering layout layouts/application.html.erb
  Rendering static_pages/index.html.orb within layouts/application
  Rendered static_pages/index.html.orb within layouts/application (Duration: 15.1ms | GC: 1.6ms)
  Rendered layout layouts/application.html.erb (Duration: 15.8ms | GC: 1.6ms)
Completed 200 OK in 17ms (Views: 16.1ms | ActiveRecord: 0.0ms (0 queries, 0 cached) | GC: 1.6ms)


Started GET "/.well-known/appspecific/com.chrome.devtools.json" for ::1 at 2025-11-30 13:33:57 +0100
  
ActionController::RoutingError (No route matches [GET] "/.well-known/appspecific/com.chrome.devtools.json"):
  
Started GET "/" for ::1 at 2025-11-30 13:34:13 +0100
Processing by StaticPagesController#index as HTML
  Rendering layout layouts/application.html.erb
  Rendering static_pages/index.html.orb within layouts/application
  Rendered static_pages/index.html.orb within layouts/application (Duration: 17.7ms | GC: 3.4ms)
  Rendered layout layouts/application.html.erb (Duration: 19.0ms | GC: 3.4ms)
Completed 200 OK in 20ms (Views: 19.2ms | ActiveRecord: 0.0ms (0 queries, 0 cached) | GC: 3.4ms)


Started GET "/.well-known/appspecific/com.chrome.devtools.json" for ::1 at 2025-11-30 13:34:13 +0100
  
ActionController::RoutingError (No route matches [GET] "/.well-known/appspecific/com.chrome.devtools.json"):
  
Started GET "/" for ::1 at 2025-11-30 13:35:46 +0100
Processing by StaticPagesController#index as HTML
  Rendering layout layouts/application.html.erb
  Rendering static_pages/index.html.orb within layouts/application
  Rendered static_pages/index.html.orb within layouts/application (Duration: 17.0ms | GC: 3.0ms)
  Rendered layout layouts/application.html.erb (Duration: 18.6ms | GC: 3.0ms)
Completed 200 OK in 19ms (Views: 18.8ms | ActiveRecord: 0.0ms (0 queries, 0 cached) | GC: 3.0ms)


Started GET "/.well-known/appspecific/com.chrome.devtools.json" for ::1 at 2025-11-30 13:35:46 +0100
  
ActionController::RoutingError (No route matches [GET] "/.well-known/appspecific/com.chrome.devtools.json"):
  
Started GET "/" for ::1 at 2025-11-30 13:35:50 +0100
Processing by StaticPagesController#index as HTML
  Rendering layout layouts/application.html.erb
  Rendering static_pages/index.html.orb within layouts/application
  Rendered static_pages/index.html.orb within layouts/application (Duration: 17.3ms | GC: 3.0ms)
  Rendered layout layouts/application.html.erb (Duration: 18.6ms | GC: 3.0ms)
Completed 200 OK in 19ms (Views: 18.8ms | ActiveRecord: 0.0ms (0 queries, 0 cached) | GC: 3.0ms)


Started GET "/.well-known/appspecific/com.chrome.devtools.json" for ::1 at 2025-11-30 13:35:50 +0100
  
ActionController::RoutingError (No route matches [GET] "/.well-known/appspecific/com.chrome.devtools.json"):
  
Started GET "/" for ::1 at 2025-11-30 13:36:48 +0100
Processing by StaticPagesController#index as HTML
  Rendering layout layouts/application.html.erb
  Rendering static_pages/index.html.orb within layouts/application
  Rendered static_pages/index.html.orb within layouts/application (Duration: 17.0ms | GC: 2.6ms)
  Rendered layout layouts/application.html.erb (Duration: 18.3ms | GC: 2.6ms)
Completed 200 OK in 19ms (Views: 18.5ms | ActiveRecord: 0.0ms (0 queries, 0 cached) | GC: 2.6ms)


Started GET "/.well-known/appspecific/com.chrome.devtools.json" for ::1 at 2025-11-30 13:36:48 +0100
  
ActionController::RoutingError (No route matches [GET] "/.well-known/appspecific/com.chrome.devtools.json"):
  
Started GET "/" for ::1 at 2025-11-30 13:37:00 +0100
Processing by StaticPagesController#index as HTML
  Rendering layout layouts/application.html.erb
  Rendering static_pages/index.html.orb within layouts/application
  Rendered static_pages/index.html.orb within layouts/application (Duration: 19.4ms | GC: 3.3ms)
  Rendered layout layouts/application.html.erb (Duration: 21.2ms | GC: 3.3ms)
Completed 200 OK in 22ms (Views: 21.5ms | ActiveRecord: 0.0ms (0 queries, 0 cached) | GC: 3.3ms)


Started GET "/.well-known/appspecific/com.chrome.devtools.json" for ::1 at 2025-11-30 13:37:00 +0100
  
ActionController::RoutingError (No route matches [GET] "/.well-known/appspecific/com.chrome.devtools.json"):
  
Started GET "/" for ::1 at 2025-11-30 13:40:05 +0100
Processing by StaticPagesController#index as HTML
  Rendering layout layouts/application.html.erb
  Rendering static_pages/index.html.orb within layouts/application
  Rendered static_pages/index.html.orb within layouts/application (Duration: 33.3ms | GC: 3.6ms)
  Rendered layout layouts/application.html.erb (Duration: 34.3ms | GC: 3.7ms)
Completed 200 OK in 36ms (Views: 35.0ms | ActiveRecord: 0.0ms (0 queries, 0 cached) | GC: 3.7ms)


Started GET "/.well-known/appspecific/com.chrome.devtools.json" for ::1 at 2025-11-30 13:40:06 +0100
  
ActionController::RoutingError (No route matches [GET] "/.well-known/appspecific/com.chrome.devtools.json"):
  
Started GET "/" for ::1 at 2025-11-30 13:45:06 +0100
Processing by StaticPagesController#index as HTML
  Rendering layout layouts/application.html.erb
  Rendering static_pages/index.html.orb within layouts/application
  Rendered static_pages/index.html.orb within layouts/application (Duration: 39.6ms | GC: 9.3ms)
  Rendered layout layouts/application.html.erb (Duration: 40.7ms | GC: 9.4ms)
Completed 200 OK in 42ms (Views: 41.4ms | ActiveRecord: 0.0ms (0 queries, 0 cached) | GC: 9.4ms)


Started GET "/.well-known/appspecific/com.chrome.devtools.json" for ::1 at 2025-11-30 13:45:06 +0100
  
ActionController::RoutingError (No route matches [GET] "/.well-known/appspecific/com.chrome.devtools.json"):
  
Started GET "/" for ::1 at 2025-11-30 13:45:24 +0100
Processing by StaticPagesController#index as HTML
  Rendering layout layouts/application.html.erb
  Rendering static_pages/index.html.orb within layouts/application
  Rendered static_pages/index.html.orb within layouts/application (Duration: 21.3ms | GC: 4.6ms)
  Rendered layout layouts/application.html.erb (Duration: 23.2ms | GC: 4.6ms)
Completed 200 OK in 24ms (Views: 23.5ms | ActiveRecord: 0.0ms (0 queries, 0 cached) | GC: 4.6ms)


Started GET "/.well-known/appspecific/com.chrome.devtools.json" for ::1 at 2025-11-30 13:45:24 +0100
  
ActionController::RoutingError (No route matches [GET] "/.well-known/appspecific/com.chrome.devtools.json"):
  
Started GET "/" for ::1 at 2025-11-30 13:45:45 +0100
Processing by StaticPagesController#index as HTML
  Rendering layout layouts/application.html.erb
  Rendering static_pages/index.html.orb within layouts/application
  Rendered static_pages/index.html.orb within layouts/application (Duration: 34.1ms | GC: 5.3ms)
  Rendered layout layouts/application.html.erb (Duration: 34.9ms | GC: 5.3ms)
Completed 200 OK in 40ms (Views: 38.6ms | ActiveRecord: 0.0ms (0 queries, 0 cached) | GC: 8.2ms)


Started GET "/.well-known/appspecific/com.chrome.devtools.json" for ::1 at 2025-11-30 13:45:45 +0100
  
ActionController::RoutingError (No route matches [GET] "/.well-known/appspecific/com.chrome.devtools.json"):
  
Started GET "/" for ::1 at 2025-11-30 13:45:55 +0100
Processing by StaticPagesController#index as HTML
  Rendering layout layouts/application.html.erb
  Rendering static_pages/index.html.orb within layouts/application
  Rendered static_pages/index.html.orb within layouts/application (Duration: 33.1ms | GC: 4.0ms)
  Rendered layout layouts/application.html.erb (Duration: 34.2ms | GC: 4.0ms)
Completed 200 OK in 36ms (Views: 35.3ms | ActiveRecord: 0.0ms (0 queries, 0 cached) | GC: 4.2ms)


Started GET "/.well-known/appspecific/com.chrome.devtools.json" for ::1 at 2025-11-30 13:45:55 +0100
  
ActionController::RoutingError (No route matches [GET] "/.well-known/appspecific/com.chrome.devtools.json"):
  
Started GET "/" for ::1 at 2025-11-30 13:46:38 +0100
Processing by StaticPagesController#index as HTML
  Rendering layout layouts/application.html.erb
  Rendering static_pages/index.html.orb within layouts/application
  Rendered static_pages/index.html.orb within layouts/application (Duration: 34.4ms | GC: 2.4ms)
  Rendered layout layouts/application.html.erb (Duration: 35.3ms | GC: 2.4ms)
Completed 200 OK in 37ms (Views: 36.4ms | ActiveRecord: 0.0ms (0 queries, 0 cached) | GC: 2.4ms)


Started GET "/.well-known/appspecific/com.chrome.devtools.json" for ::1 at 2025-11-30 13:46:38 +0100
  
ActionController::RoutingError (No route matches [GET] "/.well-known/appspecific/com.chrome.devtools.json"):
  
Started GET "/" for ::1 at 2025-11-30 13:46:42 +0100
Processing by StaticPagesController#index as HTML
  Rendering layout layouts/application.html.erb
  Rendering static_pages/index.html.orb within layouts/application
  Rendered static_pages/index.html.orb within layouts/application (Duration: 32.4ms | GC: 4.2ms)
  Rendered layout layouts/application.html.erb (Duration: 33.2ms | GC: 4.2ms)
Completed 200 OK in 35ms (Views: 33.8ms | ActiveRecord: 0.0ms (0 queries, 0 cached) | GC: 4.2ms)


Started GET "/.well-known/appspecific/com.chrome.devtools.json" for ::1 at 2025-11-30 13:46:42 +0100
  
ActionController::RoutingError (No route matches [GET] "/.well-known/appspecific/com.chrome.devtools.json"):
  
Started GET "/" for ::1 at 2025-11-30 13:46:51 +0100
Processing by StaticPagesController#index as HTML
  Rendering layout layouts/application.html.erb
  Rendering static_pages/index.html.orb within layouts/application
  Rendered static_pages/index.html.orb within layouts/application (Duration: 34.8ms | GC: 7.3ms)
  Rendered layout layouts/application.html.erb (Duration: 35.6ms | GC: 7.3ms)
Completed 200 OK in 37ms (Views: 36.3ms | ActiveRecord: 0.0ms (0 queries, 0 cached) | GC: 7.3ms)


Started GET "/.well-known/appspecific/com.chrome.devtools.json" for ::1 at 2025-11-30 13:46:51 +0100
  
ActionController::RoutingError (No route matches [GET] "/.well-known/appspecific/com.chrome.devtools.json"):
  
Started GET "/" for ::1 at 2025-11-30 13:46:57 +0100
Processing by StaticPagesController#index as HTML
  Rendering layout layouts/application.html.erb
  Rendering static_pages/index.html.orb within layouts/application
  Rendered static_pages/index.html.orb within layouts/application (Duration: 30.1ms | GC: 3.5ms)
  Rendered layout layouts/application.html.erb (Duration: 30.9ms | GC: 3.5ms)
Completed 200 OK in 33ms (Views: 31.6ms | ActiveRecord: 0.0ms (0 queries, 0 cached) | GC: 3.7ms)


Started GET "/.well-known/appspecific/com.chrome.devtools.json" for ::1 at 2025-11-30 13:46:57 +0100
  
ActionController::RoutingError (No route matches [GET] "/.well-known/appspecific/com.chrome.devtools.json"):
  
Started GET "/" for ::1 at 2025-11-30 13:47:17 +0100
Processing by StaticPagesController#index as HTML
  Rendering layout layouts/application.html.erb
  Rendering static_pages/index.html.orb within layouts/application
  Rendered static_pages/index.html.orb within layouts/application (Duration: 31.0ms | GC: 5.1ms)
  Rendered layout layouts/application.html.erb (Duration: 32.1ms | GC: 5.1ms)
Completed 200 OK in 35ms (Views: 33.2ms | ActiveRecord: 0.0ms (0 queries, 0 cached) | GC: 5.1ms)


Started GET "/.well-known/appspecific/com.chrome.devtools.json" for ::1 at 2025-11-30 13:47:17 +0100
  
ActionController::RoutingError (No route matches [GET] "/.well-known/appspecific/com.chrome.devtools.json"):
  
Started GET "/" for ::1 at 2025-11-30 13:48:05 +0100
Processing by StaticPagesController#index as HTML
  Rendering layout layouts/application.html.erb
  Rendering static_pages/index.html.orb within layouts/application
  Rendered static_pages/index.html.orb within layouts/application (Duration: 35.2ms | GC: 3.3ms)
  Rendered layout layouts/application.html.erb (Duration: 37.0ms | GC: 3.3ms)
Completed 200 OK in 39ms (Views: 38.2ms | ActiveRecord: 0.0ms (0 queries, 0 cached) | GC: 3.3ms)


Started GET "/.well-known/appspecific/com.chrome.devtools.json" for ::1 at 2025-11-30 13:48:05 +0100
  
ActionController::RoutingError (No route matches [GET] "/.well-known/appspecific/com.chrome.devtools.json"):
  
Started GET "/" for ::1 at 2025-11-30 13:51:41 +0100
Processing by StaticPagesController#index as HTML
  Rendering layout layouts/application.html.erb
  Rendering static_pages/index.html.orb within layouts/application
  Rendered static_pages/index.html.orb within layouts/application (Duration: 43.2ms | GC: 6.5ms)
  Rendered layout layouts/application.html.erb (Duration: 45.2ms | GC: 6.5ms)
Completed 200 OK in 47ms (Views: 46.2ms | ActiveRecord: 0.0ms (0 queries, 0 cached) | GC: 6.5ms)


Started GET "/.well-known/appspecific/com.chrome.devtools.json" for ::1 at 2025-11-30 13:51:41 +0100
  
ActionController::RoutingError (No route matches [GET] "/.well-known/appspecific/com.chrome.devtools.json"):
  
Started GET "/" for ::1 at 2025-11-30 13:52:26 +0100
Processing by StaticPagesController#index as HTML
  Rendering layout layouts/application.html.erb
  Rendering static_pages/index.html.orb within layouts/application
  Rendered static_pages/index.html.orb within layouts/application (Duration: 39.2ms | GC: 6.4ms)
  Rendered layout layouts/application.html.erb (Duration: 40.1ms | GC: 6.4ms)
Completed 200 OK in 42ms (Views: 40.8ms | ActiveRecord: 0.0ms (0 queries, 0 cached) | GC: 6.4ms)


Started GET "/.well-known/appspecific/com.chrome.devtools.json" for ::1 at 2025-11-30 13:52:26 +0100
  
ActionController::RoutingError (No route matches [GET] "/.well-known/appspecific/com.chrome.devtools.json"):
  
Started GET "/" for ::1 at 2025-11-30 13:52:32 +0100
Processing by StaticPagesController#index as HTML
  Rendering layout layouts/application.html.erb
  Rendering static_pages/index.html.orb within layouts/application
  Rendered static_pages/index.html.orb within layouts/application (Duration: 124.8ms | GC: 45.2ms)
  Rendered layout layouts/application.html.erb (Duration: 126.7ms | GC: 45.4ms)
Completed 200 OK in 129ms (Views: 127.9ms | ActiveRecord: 0.0ms (0 queries, 0 cached) | GC: 45.4ms)


Started GET "/.well-known/appspecific/com.chrome.devtools.json" for ::1 at 2025-11-30 13:52:33 +0100
  
ActionController::RoutingError (No route matches [GET] "/.well-known/appspecific/com.chrome.devtools.json"):
  
Started GET "/" for ::1 at 2025-11-30 13:52:41 +0100
Processing by StaticPagesController#index as HTML
  Rendering layout layouts/application.html.erb
  Rendering static_pages/index.html.orb within layouts/application
  Rendered static_pages/index.html.orb within layouts/application (Duration: 37.3ms | GC: 5.0ms)
  Rendered layout layouts/application.html.erb (Duration: 38.3ms | GC: 5.0ms)
Completed 200 OK in 40ms (Views: 39.5ms | ActiveRecord: 0.0ms (0 queries, 0 cached) | GC: 5.4ms)


Started GET "/.well-known/appspecific/com.chrome.devtools.json" for ::1 at 2025-11-30 13:52:41 +0100
  
ActionController::RoutingError (No route matches [GET] "/.well-known/appspecific/com.chrome.devtools.json"):
  
Started GET "/" for ::1 at 2025-11-30 13:52:45 +0100
Processing by StaticPagesController#index as HTML
  Rendering layout layouts/application.html.erb
  Rendering static_pages/index.html.orb within layouts/application
  Rendered static_pages/index.html.orb within layouts/application (Duration: 36.3ms | GC: 3.7ms)
  Rendered layout layouts/application.html.erb (Duration: 37.1ms | GC: 3.7ms)
Completed 200 OK in 39ms (Views: 37.8ms | ActiveRecord: 0.0ms (0 queries, 0 cached) | GC: 3.7ms)


Started GET "/.well-known/appspecific/com.chrome.devtools.json" for ::1 at 2025-11-30 13:52:45 +0100
  
ActionController::RoutingError (No route matches [GET] "/.well-known/appspecific/com.chrome.devtools.json"):
  
Started GET "/" for ::1 at 2025-11-30 13:53:12 +0100
Processing by StaticPagesController#index as HTML
  Rendering layout layouts/application.html.erb
  Rendering static_pages/index.html.orb within layouts/application
  Rendered static_pages/index.html.orb within layouts/application (Duration: 20.2ms | GC: 2.0ms)
  Rendered layout layouts/application.html.erb (Duration: 21.4ms | GC: 2.0ms)
Completed 200 OK in 22ms (Views: 21.6ms | ActiveRecord: 0.0ms (0 queries, 0 cached) | GC: 2.0ms)


Started GET "/.well-known/appspecific/com.chrome.devtools.json" for ::1 at 2025-11-30 13:53:12 +0100
  
ActionController::RoutingError (No route matches [GET] "/.well-known/appspecific/com.chrome.devtools.json"):
  
Started GET "/" for ::1 at 2025-11-30 13:53:34 +0100
Processing by StaticPagesController#index as HTML
  Rendering layout layouts/application.html.erb
  Rendering static_pages/index.html.orb within layouts/application
  Rendered static_pages/index.html.orb within layouts/application (Duration: 42.5ms | GC: 5.1ms)
  Rendered layout layouts/application.html.erb (Duration: 44.5ms | GC: 5.1ms)
Completed 200 OK in 47ms (Views: 45.5ms | ActiveRecord: 0.0ms (0 queries, 0 cached) | GC: 5.1ms)


Started GET "/.well-known/appspecific/com.chrome.devtools.json" for ::1 at 2025-11-30 13:53:34 +0100
  
ActionController::RoutingError (No route matches [GET] "/.well-known/appspecific/com.chrome.devtools.json"):
  
Started GET "/" for ::1 at 2025-11-30 13:53:59 +0100
Processing by StaticPagesController#index as HTML
  Rendering layout layouts/application.html.erb
  Rendering static_pages/index.html.orb within layouts/application
  Rendered static_pages/index.html.orb within layouts/application (Duration: 41.0ms | GC: 4.3ms)
  Rendered layout layouts/application.html.erb (Duration: 41.8ms | GC: 4.3ms)
Completed 200 OK in 45ms (Views: 43.0ms | ActiveRecord: 0.0ms (0 queries, 0 cached) | GC: 4.9ms)


Started GET "/.well-known/appspecific/com.chrome.devtools.json" for ::1 at 2025-11-30 13:53:59 +0100
  
ActionController::RoutingError (No route matches [GET] "/.well-known/appspecific/com.chrome.devtools.json"):
  
Started GET "/" for ::1 at 2025-11-30 13:54:05 +0100
Processing by StaticPagesController#index as HTML
  Rendering layout layouts/application.html.erb
  Rendering static_pages/index.html.orb within layouts/application
  Rendered static_pages/index.html.orb within layouts/application (Duration: 36.3ms | GC: 4.3ms)
  Rendered layout layouts/application.html.erb (Duration: 38.4ms | GC: 4.3ms)
Completed 200 OK in 40ms (Views: 39.1ms | ActiveRecord: 0.0ms (0 queries, 0 cached) | GC: 4.3ms)


Started GET "/.well-known/appspecific/com.chrome.devtools.json" for ::1 at 2025-11-30 13:54:05 +0100
  
ActionController::RoutingError (No route matches [GET] "/.well-known/appspecific/com.chrome.devtools.json"):
  
Started GET "/" for ::1 at 2025-11-30 13:54:09 +0100
Processing by StaticPagesController#index as HTML
  Rendering layout layouts/application.html.erb
  Rendering static_pages/index.html.orb within layouts/application
  Rendered static_pages/index.html.orb within layouts/application (Duration: 35.9ms | GC: 3.8ms)
  Rendered layout layouts/application.html.erb (Duration: 37.7ms | GC: 3.8ms)
Completed 200 OK in 39ms (Views: 38.5ms | ActiveRecord: 0.0ms (0 queries, 0 cached) | GC: 3.8ms)


Started GET "/.well-known/appspecific/com.chrome.devtools.json" for ::1 at 2025-11-30 13:54:09 +0100
  
ActionController::RoutingError (No route matches [GET] "/.well-known/appspecific/com.chrome.devtools.json"):
  
Started GET "/" for ::1 at 2025-11-30 13:54:15 +0100
Processing by StaticPagesController#index as HTML
  Rendering layout layouts/application.html.erb
  Rendering static_pages/index.html.orb within layouts/application
  Rendered static_pages/index.html.orb within layouts/application (Duration: 37.0ms | GC: 5.4ms)
  Rendered layout layouts/application.html.erb (Duration: 38.4ms | GC: 5.4ms)
Completed 200 OK in 40ms (Views: 39.3ms | ActiveRecord: 0.0ms (0 queries, 0 cached) | GC: 5.4ms)


Started GET "/.well-known/appspecific/com.chrome.devtools.json" for ::1 at 2025-11-30 13:54:15 +0100
  
ActionController::RoutingError (No route matches [GET] "/.well-known/appspecific/com.chrome.devtools.json"):
  
Started GET "/" for ::1 at 2025-11-30 13:54:19 +0100
Processing by StaticPagesController#index as HTML
  Rendering layout layouts/application.html.erb
  Rendering static_pages/index.html.orb within layouts/application
  Rendered static_pages/index.html.orb within layouts/application (Duration: 33.8ms | GC: 3.3ms)
  Rendered layout layouts/application.html.erb (Duration: 34.7ms | GC: 3.3ms)
Completed 200 OK in 36ms (Views: 35.5ms | ActiveRecord: 0.0ms (0 queries, 0 cached) | GC: 3.4ms)


Started GET "/.well-known/appspecific/com.chrome.devtools.json" for ::1 at 2025-11-30 13:54:19 +0100
  
ActionController::RoutingError (No route matches [GET] "/.well-known/appspecific/com.chrome.devtools.json"):
  
Started GET "/" for ::1 at 2025-11-30 13:54:26 +0100
Processing by StaticPagesController#index as HTML
  Rendering layout layouts/application.html.erb
  Rendering static_pages/index.html.orb within layouts/application
  Rendered static_pages/index.html.orb within layouts/application (Duration: 33.3ms | GC: 2.8ms)
  Rendered layout layouts/application.html.erb (Duration: 34.2ms | GC: 2.8ms)
Completed 200 OK in 36ms (Views: 35.0ms | ActiveRecord: 0.0ms (0 queries, 0 cached) | GC: 3.3ms)


Started GET "/.well-known/appspecific/com.chrome.devtools.json" for ::1 at 2025-11-30 13:54:26 +0100
  
ActionController::RoutingError (No route matches [GET] "/.well-known/appspecific/com.chrome.devtools.json"):
  
Started GET "/" for ::1 at 2025-11-30 13:54:39 +0100
Processing by StaticPagesController#index as HTML
  Rendering layout layouts/application.html.erb
  Rendering static_pages/index.html.orb within layouts/application
  Rendered static_pages/index.html.orb within layouts/application (Duration: 33.8ms | GC: 3.7ms)
  Rendered layout layouts/application.html.erb (Duration: 35.2ms | GC: 3.7ms)
Completed 200 OK in 37ms (Views: 36.0ms | ActiveRecord: 0.0ms (0 queries, 0 cached) | GC: 3.7ms)


Started GET "/.well-known/appspecific/com.chrome.devtools.json" for ::1 at 2025-11-30 13:54:39 +0100
  
ActionController::RoutingError (No route matches [GET] "/.well-known/appspecific/com.chrome.devtools.json"):
  
Started GET "/" for ::1 at 2025-11-30 13:57:06 +0100
Processing by StaticPagesController#index as HTML
  Rendering layout layouts/application.html.erb
  Rendering static_pages/index.html.orb within layouts/application
  Rendered static_pages/index.html.orb within layouts/application (Duration: 41.7ms | GC: 4.7ms)
  Rendered layout layouts/application.html.erb (Duration: 43.6ms | GC: 4.7ms)
Completed 200 OK in 46ms (Views: 44.9ms | ActiveRecord: 0.0ms (0 queries, 0 cached) | GC: 4.7ms)


Started GET "/.well-known/appspecific/com.chrome.devtools.json" for ::1 at 2025-11-30 13:57:06 +0100
  
ActionController::RoutingError (No route matches [GET] "/.well-known/appspecific/com.chrome.devtools.json"):
  
Started GET "/" for ::1 at 2025-11-30 13:57:29 +0100
Processing by StaticPagesController#index as HTML
  Rendering layout layouts/application.html.erb
  Rendering static_pages/index.html.orb within layouts/application
  Rendered static_pages/index.html.orb within layouts/application (Duration: 37.0ms | GC: 5.3ms)
  Rendered layout layouts/application.html.erb (Duration: 37.9ms | GC: 5.3ms)
Completed 200 OK in 40ms (Views: 38.7ms | ActiveRecord: 0.0ms (0 queries, 0 cached) | GC: 5.3ms)


Started GET "/.well-known/appspecific/com.chrome.devtools.json" for ::1 at 2025-11-30 13:57:29 +0100
  
ActionController::RoutingError (No route matches [GET] "/.well-known/appspecific/com.chrome.devtools.json"):
  
Started GET "/" for ::1 at 2025-11-30 14:01:59 +0100
Processing by StaticPagesController#index as HTML
  Rendering layout layouts/application.html.erb
  Rendering static_pages/index.html.orb within layouts/application
  Rendered static_pages/index.html.orb within layouts/application (Duration: 39.7ms | GC: 4.1ms)
  Rendered layout layouts/application.html.erb (Duration: 40.9ms | GC: 4.1ms)
Completed 200 OK in 44ms (Views: 43.2ms | ActiveRecord: 0.0ms (0 queries, 0 cached) | GC: 4.9ms)


Started GET "/.well-known/appspecific/com.chrome.devtools.json" for ::1 at 2025-11-30 14:01:59 +0100
  
ActionController::RoutingError (No route matches [GET] "/.well-known/appspecific/com.chrome.devtools.json"):
  
Started GET "/" for ::1 at 2025-11-30 14:02:09 +0100
Processing by StaticPagesController#index as HTML
  Rendering layout layouts/application.html.erb
  Rendering static_pages/index.html.orb within layouts/application
  Rendered static_pages/index.html.orb within layouts/application (Duration: 59.7ms | GC: 19.8ms)
  Rendered layout layouts/application.html.erb (Duration: 60.8ms | GC: 19.9ms)
Completed 200 OK in 64ms (Views: 62.4ms | ActiveRecord: 0.0ms (0 queries, 0 cached) | GC: 21.1ms)


Started GET "/.well-known/appspecific/com.chrome.devtools.json" for ::1 at 2025-11-30 14:02:09 +0100
  
ActionController::RoutingError (No route matches [GET] "/.well-known/appspecific/com.chrome.devtools.json"):
  
Started GET "/" for ::1 at 2025-11-30 14:02:39 +0100
Processing by StaticPagesController#index as HTML
  Rendering layout layouts/application.html.erb
  Rendering static_pages/index.html.orb within layouts/application
  Rendered static_pages/index.html.orb within layouts/application (Duration: 43.8ms | GC: 5.9ms)
  Rendered layout layouts/application.html.erb (Duration: 44.7ms | GC: 5.9ms)
Completed 200 OK in 47ms (Views: 45.7ms | ActiveRecord: 0.0ms (0 queries, 0 cached) | GC: 5.9ms)


Started GET "/.well-known/appspecific/com.chrome.devtools.json" for ::1 at 2025-11-30 14:02:39 +0100
  
ActionController::RoutingError (No route matches [GET] "/.well-known/appspecific/com.chrome.devtools.json"):
  
Started GET "/" for ::1 at 2025-11-30 14:03:42 +0100
Processing by StaticPagesController#index as HTML
  Rendering layout layouts/application.html.erb
  Rendering static_pages/index.html.orb within layouts/application
  Rendered static_pages/index.html.orb within layouts/application (Duration: 39.0ms | GC: 2.6ms)
  Rendered layout layouts/application.html.erb (Duration: 39.8ms | GC: 2.6ms)
Completed 200 OK in 43ms (Views: 41.1ms | ActiveRecord: 0.0ms (0 queries, 0 cached) | GC: 2.6ms)


Started GET "/.well-known/appspecific/com.chrome.devtools.json" for ::1 at 2025-11-30 14:03:42 +0100
  
ActionController::RoutingError (No route matches [GET] "/.well-known/appspecific/com.chrome.devtools.json"):
  
Started GET "/" for ::1 at 2025-11-30 14:05:26 +0100
Processing by StaticPagesController#index as HTML
  Rendering layout layouts/application.html.erb
  Rendering static_pages/index.html.orb within layouts/application
  Rendered static_pages/index.html.orb within layouts/application (Duration: 27.2ms | GC: 5.0ms)
  Rendered layout layouts/application.html.erb (Duration: 27.3ms | GC: 5.0ms)
Completed 500 Internal Server Error in 30ms (ActiveRecord: 0.0ms (0 queries, 0 cached) | GC: 5.0ms)


  
ActionView::Template::Error (wrong number of arguments (given 1, expected 0))
Caused by: ArgumentError (wrong number of arguments (given 1, expected 0))

Information for: ActionView::Template::Error (wrong number of arguments (given 1, expected 0)):
    49:     </Leade>
    50: 
    51:     <div class="flex w-full items-center justify-center gap-2 pt-2">
    52:       <Button>Get Started</Button>
    53:       <Button variant="ghost">View Components</Button>
    54:     </div>
    55:   </Hero>
  
app/views/static_pages/index.html.orb:52
app/components/demo/hero.rb:9:in 'Demo::Hero#call'
app/views/static_pages/index.html.orb:38
app/components/demo/page.rb:13:in 'Demo::Page#call'
app/views/static_pages/index.html.orb:1

Information for cause: ArgumentError (wrong number of arguments (given 1, expected 0)):
  
app/views/static_pages/index.html.orb:52
app/components/demo/hero.rb:9:in 'Demo::Hero#call'
app/views/static_pages/index.html.orb:38
app/components/demo/page.rb:13:in 'Demo::Page#call'
app/views/static_pages/index.html.orb:1
Started GET "/.well-known/appspecific/com.chrome.devtools.json" for ::1 at 2025-11-30 14:05:27 +0100
  
ActionController::RoutingError (No route matches [GET] "/.well-known/appspecific/com.chrome.devtools.json"):
  
Started GET "/" for ::1 at 2025-11-30 14:05:34 +0100
Processing by StaticPagesController#index as HTML
  Rendering layout layouts/application.html.erb
  Rendering static_pages/index.html.orb within layouts/application
  Rendered static_pages/index.html.orb within layouts/application (Duration: 19.9ms | GC: 1.2ms)
  Rendered layout layouts/application.html.erb (Duration: 20.0ms | GC: 1.2ms)
Completed 500 Internal Server Error in 22ms (ActiveRecord: 0.0ms (0 queries, 0 cached) | GC: 1.4ms)


  
ActionView::Template::Error (undefined method 'call' for an instance of ActiveSupport::SafeBuffer)
Caused by: NoMethodError (undefined method 'call' for an instance of ActiveSupport::SafeBuffer)

Information for: ActionView::Template::Error (undefined method 'call' for an instance of ActiveSupport::SafeBuffer):
    49:     </Leade>
    50: 
    51:     <div class="flex w-full items-center justify-center gap-2 pt-2">
    52:       <Button>Get Started</Button>
    53:       <Button variant="ghost">View Components</Button>
    54:     </div>
    55:   </Hero>
  
app/views/static_pages/index.html.orb:52
app/components/demo/hero.rb:9:in 'Demo::Hero#call'
app/views/static_pages/index.html.orb:38
app/components/demo/page.rb:13:in 'Demo::Page#call'
app/views/static_pages/index.html.orb:1

Information for cause: NoMethodError (undefined method 'call' for an instance of ActiveSupport::SafeBuffer):
  
app/views/static_pages/index.html.orb:52
app/components/demo/hero.rb:9:in 'Demo::Hero#call'
app/views/static_pages/index.html.orb:38
app/components/demo/page.rb:13:in 'Demo::Page#call'
app/views/static_pages/index.html.orb:1
Started GET "/.well-known/appspecific/com.chrome.devtools.json" for ::1 at 2025-11-30 14:05:34 +0100
  
ActionController::RoutingError (No route matches [GET] "/.well-known/appspecific/com.chrome.devtools.json"):
  
Started GET "/" for ::1 at 2025-11-30 14:07:21 +0100
Processing by StaticPagesController#index as HTML
  Rendering layout layouts/application.html.erb
  Rendering static_pages/index.html.orb within layouts/application
  Rendered static_pages/index.html.orb within layouts/application (Duration: 70.4ms | GC: 32.4ms)
  Rendered layout layouts/application.html.erb (Duration: 71.3ms | GC: 32.4ms)
Completed 200 OK in 73ms (Views: 72.3ms | ActiveRecord: 0.0ms (0 queries, 0 cached) | GC: 32.4ms)


Started GET "/.well-known/appspecific/com.chrome.devtools.json" for ::1 at 2025-11-30 14:07:21 +0100
  
ActionController::RoutingError (No route matches [GET] "/.well-known/appspecific/com.chrome.devtools.json"):
  
Started GET "/.well-known/appspecific/com.chrome.devtools.json" for ::1 at 2025-11-30 14:07:30 +0100
  
ActionController::RoutingError (No route matches [GET] "/.well-known/appspecific/com.chrome.devtools.json"):
  
Started GET "/.well-known/appspecific/com.chrome.devtools.json" for ::1 at 2025-11-30 14:07:30 +0100
  
ActionController::RoutingError (No route matches [GET] "/.well-known/appspecific/com.chrome.devtools.json"):
  
Started GET "/" for ::1 at 2025-11-30 14:07:52 +0100
Processing by StaticPagesController#index as HTML
  Rendering layout layouts/application.html.erb
  Rendering static_pages/index.html.orb within layouts/application
  Rendered static_pages/index.html.orb within layouts/application (Duration: 45.3ms | GC: 9.1ms)
  Rendered layout layouts/application.html.erb (Duration: 46.1ms | GC: 9.1ms)
Completed 200 OK in 48ms (Views: 47.1ms | ActiveRecord: 0.0ms (0 queries, 0 cached) | GC: 9.1ms)


Started GET "/.well-known/appspecific/com.chrome.devtools.json" for ::1 at 2025-11-30 14:07:52 +0100
  
ActionController::RoutingError (No route matches [GET] "/.well-known/appspecific/com.chrome.devtools.json"):
  
Started GET "/" for ::1 at 2025-11-30 14:07:52 +0100
Processing by StaticPagesController#index as HTML
  Rendering layout layouts/application.html.erb
  Rendering static_pages/index.html.orb within layouts/application
  Rendered static_pages/index.html.orb within layouts/application (Duration: 22.2ms | GC: 5.0ms)
  Rendered layout layouts/application.html.erb (Duration: 22.8ms | GC: 5.0ms)
Completed 200 OK in 24ms (Views: 23.1ms | ActiveRecord: 0.0ms (0 queries, 0 cached) | GC: 5.0ms)


Started GET "/" for ::1 at 2025-11-30 14:09:36 +0100
Processing by StaticPagesController#index as HTML
  Rendering layout layouts/application.html.erb
  Rendering static_pages/index.html.orb within layouts/application
  Rendered static_pages/index.html.orb within layouts/application (Duration: 42.0ms | GC: 6.0ms)
  Rendered layout layouts/application.html.erb (Duration: 43.3ms | GC: 6.5ms)
Completed 200 OK in 45ms (Views: 44.3ms | ActiveRecord: 0.0ms (0 queries, 0 cached) | GC: 6.5ms)


Started GET "/.well-known/appspecific/com.chrome.devtools.json" for ::1 at 2025-11-30 14:09:36 +0100
  
ActionController::RoutingError (No route matches [GET] "/.well-known/appspecific/com.chrome.devtools.json"):
  
Started GET "/" for ::1 at 2025-11-30 14:09:52 +0100
Processing by StaticPagesController#index as HTML
  Rendering layout layouts/application.html.erb
  Rendering static_pages/index.html.orb within layouts/application
  Rendered static_pages/index.html.orb within layouts/application (Duration: 42.1ms | GC: 8.1ms)
  Rendered layout layouts/application.html.erb (Duration: 42.8ms | GC: 8.1ms)
Completed 200 OK in 45ms (Views: 43.7ms | ActiveRecord: 0.0ms (0 queries, 0 cached) | GC: 8.1ms)


Started GET "/.well-known/appspecific/com.chrome.devtools.json" for ::1 at 2025-11-30 14:09:52 +0100
  
ActionController::RoutingError (No route matches [GET] "/.well-known/appspecific/com.chrome.devtools.json"):
  
Started GET "/" for ::1 at 2025-11-30 14:10:50 +0100
Processing by StaticPagesController#index as HTML
  Rendering layout layouts/application.html.erb
  Rendering static_pages/index.html.orb within layouts/application
  Rendered static_pages/index.html.orb within layouts/application (Duration: 36.9ms | GC: 5.6ms)
  Rendered layout layouts/application.html.erb (Duration: 37.8ms | GC: 5.6ms)
Completed 200 OK in 39ms (Views: 38.5ms | ActiveRecord: 0.0ms (0 queries, 0 cached) | GC: 5.6ms)


Started GET "/.well-known/appspecific/com.chrome.devtools.json" for ::1 at 2025-11-30 14:10:50 +0100
  
ActionController::RoutingError (No route matches [GET] "/.well-known/appspecific/com.chrome.devtools.json"):
  
Started GET "/" for ::1 at 2025-11-30 14:10:58 +0100
Processing by StaticPagesController#index as HTML
  Rendering layout layouts/application.html.erb
  Rendering static_pages/index.html.orb within layouts/application
  Rendered static_pages/index.html.orb within layouts/application (Duration: 38.9ms | GC: 6.1ms)
  Rendered layout layouts/application.html.erb (Duration: 39.9ms | GC: 6.1ms)
Completed 200 OK in 43ms (Views: 41.2ms | ActiveRecord: 0.0ms (0 queries, 0 cached) | GC: 6.1ms)


Started GET "/.well-known/appspecific/com.chrome.devtools.json" for ::1 at 2025-11-30 14:10:58 +0100
  
ActionController::RoutingError (No route matches [GET] "/.well-known/appspecific/com.chrome.devtools.json"):
  
Started GET "/" for ::1 at 2025-11-30 14:11:12 +0100
Processing by StaticPagesController#index as HTML
  Rendering layout layouts/application.html.erb
  Rendering static_pages/index.html.orb within layouts/application
  Rendered static_pages/index.html.orb within layouts/application (Duration: 41.2ms | GC: 8.5ms)
  Rendered layout layouts/application.html.erb (Duration: 42.1ms | GC: 8.5ms)
Completed 200 OK in 44ms (Views: 42.9ms | ActiveRecord: 0.0ms (0 queries, 0 cached) | GC: 8.5ms)


Started GET "/.well-known/appspecific/com.chrome.devtools.json" for ::1 at 2025-11-30 14:11:12 +0100
  
ActionController::RoutingError (No route matches [GET] "/.well-known/appspecific/com.chrome.devtools.json"):
  
Started GET "/" for ::1 at 2025-11-30 14:11:20 +0100
Processing by StaticPagesController#index as HTML
  Rendering layout layouts/application.html.erb
  Rendering static_pages/index.html.orb within layouts/application
  Rendered static_pages/index.html.orb within layouts/application (Duration: 37.9ms | GC: 6.1ms)
  Rendered layout layouts/application.html.erb (Duration: 40.0ms | GC: 6.1ms)
Completed 200 OK in 42ms (Views: 41.0ms | ActiveRecord: 0.0ms (0 queries, 0 cached) | GC: 6.1ms)


Started GET "/.well-known/appspecific/com.chrome.devtools.json" for ::1 at 2025-11-30 14:11:20 +0100
  
ActionController::RoutingError (No route matches [GET] "/.well-known/appspecific/com.chrome.devtools.json"):
  
Started GET "/" for ::1 at 2025-11-30 14:11:28 +0100
Processing by StaticPagesController#index as HTML
  Rendering layout layouts/application.html.erb
  Rendering static_pages/index.html.orb within layouts/application
  Rendered static_pages/index.html.orb within layouts/application (Duration: 34.7ms | GC: 4.7ms)
  Rendered layout layouts/application.html.erb (Duration: 36.1ms | GC: 4.7ms)
Completed 200 OK in 38ms (Views: 36.8ms | ActiveRecord: 0.0ms (0 queries, 0 cached) | GC: 4.7ms)


Started GET "/.well-known/appspecific/com.chrome.devtools.json" for ::1 at 2025-11-30 14:11:28 +0100
  
ActionController::RoutingError (No route matches [GET] "/.well-known/appspecific/com.chrome.devtools.json"):
  
Started GET "/" for ::1 at 2025-11-30 14:11:31 +0100
Processing by StaticPagesController#index as HTML
  Rendering layout layouts/application.html.erb
  Rendering static_pages/index.html.orb within layouts/application
  Rendered static_pages/index.html.orb within layouts/application (Duration: 41.6ms | GC: 7.5ms)
  Rendered layout layouts/application.html.erb (Duration: 43.4ms | GC: 7.5ms)
Completed 200 OK in 45ms (Views: 44.2ms | ActiveRecord: 0.0ms (0 queries, 0 cached) | GC: 7.5ms)


Started GET "/.well-known/appspecific/com.chrome.devtools.json" for ::1 at 2025-11-30 14:11:31 +0100
  
ActionController::RoutingError (No route matches [GET] "/.well-known/appspecific/com.chrome.devtools.json"):
  
Started GET "/" for ::1 at 2025-11-30 14:11:52 +0100
Processing by StaticPagesController#index as HTML
  Rendering layout layouts/application.html.erb
  Rendering static_pages/index.html.orb within layouts/application
  Rendered static_pages/index.html.orb within layouts/application (Duration: 43.8ms | GC: 8.6ms)
  Rendered layout layouts/application.html.erb (Duration: 45.0ms | GC: 8.6ms)
Completed 200 OK in 47ms (Views: 46.3ms | ActiveRecord: 0.0ms (0 queries, 0 cached) | GC: 8.6ms)


Started GET "/.well-known/appspecific/com.chrome.devtools.json" for ::1 at 2025-11-30 14:11:52 +0100
  
ActionController::RoutingError (No route matches [GET] "/.well-known/appspecific/com.chrome.devtools.json"):
  
Started GET "/" for ::1 at 2025-11-30 14:12:26 +0100
Processing by StaticPagesController#index as HTML
  Rendering layout layouts/application.html.erb
  Rendering static_pages/index.html.orb within layouts/application
  Rendered static_pages/index.html.orb within layouts/application (Duration: 39.3ms | GC: 7.8ms)
  Rendered layout layouts/application.html.erb (Duration: 40.2ms | GC: 7.8ms)
Completed 200 OK in 43ms (Views: 41.4ms | ActiveRecord: 0.0ms (0 queries, 0 cached) | GC: 7.8ms)


Started GET "/.well-known/appspecific/com.chrome.devtools.json" for ::1 at 2025-11-30 14:12:26 +0100
  
ActionController::RoutingError (No route matches [GET] "/.well-known/appspecific/com.chrome.devtools.json"):
  
Started GET "/" for ::1 at 2025-11-30 14:12:36 +0100
Processing by StaticPagesController#index as HTML
  Rendering layout layouts/application.html.erb
  Rendering static_pages/index.html.orb within layouts/application
  Rendered static_pages/index.html.orb within layouts/application (Duration: 37.7ms | GC: 5.8ms)
  Rendered layout layouts/application.html.erb (Duration: 38.6ms | GC: 5.8ms)
Completed 200 OK in 40ms (Views: 39.5ms | ActiveRecord: 0.0ms (0 queries, 0 cached) | GC: 5.8ms)


Started GET "/.well-known/appspecific/com.chrome.devtools.json" for ::1 at 2025-11-30 14:12:36 +0100
  
ActionController::RoutingError (No route matches [GET] "/.well-known/appspecific/com.chrome.devtools.json"):
  
Started GET "/" for ::1 at 2025-11-30 14:13:01 +0100
Processing by StaticPagesController#index as HTML
  Rendering layout layouts/application.html.erb
  Rendering static_pages/index.html.orb within layouts/application
  Rendered static_pages/index.html.orb within layouts/application (Duration: 38.0ms | GC: 5.3ms)
  Rendered layout layouts/application.html.erb (Duration: 40.2ms | GC: 5.3ms)
Completed 200 OK in 42ms (Views: 41.0ms | ActiveRecord: 0.0ms (0 queries, 0 cached) | GC: 5.3ms)


Started GET "/.well-known/appspecific/com.chrome.devtools.json" for ::1 at 2025-11-30 14:13:02 +0100
  
ActionController::RoutingError (No route matches [GET] "/.well-known/appspecific/com.chrome.devtools.json"):
  
Started GET "/" for ::1 at 2025-11-30 14:13:07 +0100
Processing by StaticPagesController#index as HTML
  Rendering layout layouts/application.html.erb
  Rendering static_pages/index.html.orb within layouts/application
  Rendered static_pages/index.html.orb within layouts/application (Duration: 33.5ms | GC: 4.3ms)
  Rendered layout layouts/application.html.erb (Duration: 35.0ms | GC: 4.3ms)
Completed 200 OK in 37ms (Views: 35.8ms | ActiveRecord: 0.0ms (0 queries, 0 cached) | GC: 4.6ms)


Started GET "/.well-known/appspecific/com.chrome.devtools.json" for ::1 at 2025-11-30 14:13:07 +0100
  
ActionController::RoutingError (No route matches [GET] "/.well-known/appspecific/com.chrome.devtools.json"):
  
Started GET "/" for ::1 at 2025-11-30 14:13:48 +0100
Processing by StaticPagesController#index as HTML
  Rendering layout layouts/application.html.erb
  Rendering static_pages/index.html.orb within layouts/application
  Rendered static_pages/index.html.orb within layouts/application (Duration: 21.8ms | GC: 3.0ms)
  Rendered layout layouts/application.html.erb (Duration: 21.9ms | GC: 3.0ms)
Completed 500 Internal Server Error in 23ms (ActiveRecord: 0.0ms (0 queries, 0 cached) | GC: 3.0ms)


  
ArgumentError (Reported error must be an Exception, got: #<SyntaxError:"/Volumes/Work/Scratch/orbital/orbital/app/components/orbital/icon.rb:21: syntax errors found\n  \e[2m19 | \e[m      'Orbital-Icon',\n  \e[2m20 | \e[m      \"Orbital-Icon--size-\#{@size}\",\n\e[1;31m> \e[m\e[2m21 | \e[m      \"text-\#{@color}\" if @color.present?,\n  \e[2m   | \e[m                       \e[1;31m^~\e[m unexpected 'if'; expected a `)` to close the arguments\n  \e[2m   | \e[m                       \e[1;31m^~\e[m unexpected 'if'; expected a `)` to close the arguments\n  \e[2m   | \e[m                                         \e[1;31m^\e[m unexpected ',', ignoring it\n  \e[2m   | \e[m                                         \e[1;31m^\e[m unexpected ',', expecting end-of-input\n  \e[2m22 | \e[m      size_classes\n\e[1;31m> \e[m\e[2m23 | \e[m    ))\n  \e[2m   | \e[m    \e[1;31m^\e[m unexpected ')', ignoring it\n  \e[2m   | \e[m     \e[1;31m^\e[m unexpected ')', ignoring it\n  \e[2m24 | \e[m  end\n  \e[2m25 | \e[m\n">)
Caused by: SyntaxError (/Volumes/Work/Scratch/orbital/orbital/app/components/orbital/icon.rb:21: syntax errors found
  [2m19 | [m      'Orbital-Icon',
  [2m20 | [m      "Orbital-Icon--size-#{@size}",
[1;31m> [m[2m21 | [m      "text-#{@color}" if @color.present?,
  [2m   | [m                       [1;31m^~[m unexpected 'if'; expected a `)` to close the arguments
  [2m   | [m                       [1;31m^~[m unexpected 'if'; expected a `)` to close the arguments
  [2m   | [m                                         [1;31m^[m unexpected ',', ignoring it
  [2m   | [m                                         [1;31m^[m unexpected ',', expecting end-of-input
  [2m22 | [m      size_classes
[1;31m> [m[2m23 | [m    ))
  [2m   | [m    [1;31m^[m unexpected ')', ignoring it
  [2m   | [m     [1;31m^[m unexpected ')', ignoring it
  [2m24 | [m  end
  [2m25 | [m
)

Information for: ArgumentError (Reported error must be an Exception, got: #<SyntaxError:"/Volumes/Work/Scratch/orbital/orbital/app/components/orbital/icon.rb:21: syntax errors found\n  \e[2m19 | \e[m      'Orbital-Icon',\n  \e[2m20 | \e[m      \"Orbital-Icon--size-\#{@size}\",\n\e[1;31m> \e[m\e[2m21 | \e[m      \"text-\#{@color}\" if @color.present?,\n  \e[2m   | \e[m                       \e[1;31m^~\e[m unexpected 'if'; expected a `)` to close the arguments\n  \e[2m   | \e[m                       \e[1;31m^~\e[m unexpected 'if'; expected a `)` to close the arguments\n  \e[2m   | \e[m                                         \e[1;31m^\e[m unexpected ',', ignoring it\n  \e[2m   | \e[m                                         \e[1;31m^\e[m unexpected ',', expecting end-of-input\n  \e[2m22 | \e[m      size_classes\n\e[1;31m> \e[m\e[2m23 | \e[m    ))\n  \e[2m   | \e[m    \e[1;31m^\e[m unexpected ')', ignoring it\n  \e[2m   | \e[m     \e[1;31m^\e[m unexpected ')', ignoring it\n  \e[2m24 | \e[m  end\n  \e[2m25 | \e[m\n">):
  
activesupport (8.1.1) lib/active_support/error_reporter.rb:235:in 'ActiveSupport::ErrorReporter#report'
actionpack (8.1.1) lib/action_dispatch/middleware/executor.rb:36:in 'ActionDispatch::Executor#call'
actionpack (8.1.1) lib/action_dispatch/middleware/actionable_exceptions.rb:18:in 'ActionDispatch::ActionableExceptions#call'
actionpack (8.1.1) lib/action_dispatch/middleware/debug_exceptions.rb:31:in 'ActionDispatch::DebugExceptions#call'
web-console (4.2.1) lib/web_console/middleware.rb:132:in 'WebConsole::Middleware#call_app'
web-console (4.2.1) lib/web_console/middleware.rb:28:in 'block in WebConsole::Middleware#call'
web-console (4.2.1) lib/web_console/middleware.rb:17:in 'Kernel#catch'
web-console (4.2.1) lib/web_console/middleware.rb:17:in 'WebConsole::Middleware#call'
actionpack (8.1.1) lib/action_dispatch/middleware/show_exceptions.rb:32:in 'ActionDispatch::ShowExceptions#call'
railties (8.1.1) lib/rails/rack/logger.rb:41:in 'Rails::Rack::Logger#call_app'
railties (8.1.1) lib/rails/rack/logger.rb:29:in 'Rails::Rack::Logger#call'
propshaft (1.3.1) lib/propshaft/quiet_assets.rb:11:in 'Propshaft::QuietAssets#call'
actionpack (8.1.1) lib/action_dispatch/middleware/remote_ip.rb:98:in 'ActionDispatch::RemoteIp#call'
actionpack (8.1.1) lib/action_dispatch/middleware/request_id.rb:34:in 'ActionDispatch::RequestId#call'
rack (3.2.4) lib/rack/method_override.rb:28:in 'Rack::MethodOverride#call'
rack (3.2.4) lib/rack/runtime.rb:24:in 'Rack::Runtime#call'
actionpack (8.1.1) lib/action_dispatch/middleware/server_timing.rb:61:in 'block in ActionDispatch::ServerTiming#call'
actionpack (8.1.1) lib/action_dispatch/middleware/server_timing.rb:26:in 'ActionDispatch::ServerTiming::Subscriber#collect_events'
actionpack (8.1.1) lib/action_dispatch/middleware/server_timing.rb:60:in 'ActionDispatch::ServerTiming#call'
actionpack (8.1.1) lib/action_dispatch/middleware/executor.rb:20:in 'ActionDispatch::Executor#call'
propshaft (1.3.1) lib/propshaft/server.rb:37:in 'Propshaft::Server#call'
actionpack (8.1.1) lib/action_dispatch/middleware/static.rb:27:in 'ActionDispatch::Static#call'
rack (3.2.4) lib/rack/sendfile.rb:131:in 'Rack::Sendfile#call'
actionpack (8.1.1) lib/action_dispatch/middleware/host_authorization.rb:143:in 'ActionDispatch::HostAuthorization#call'
railties (8.1.1) lib/rails/engine.rb:534:in 'Rails::Engine#call'
puma (7.1.0) lib/puma/configuration.rb:300:in 'Puma::Configuration::ConfigMiddleware#call'
puma (7.1.0) lib/puma/request.rb:101:in 'block in Puma::Request#handle_request'
puma (7.1.0) lib/puma/thread_pool.rb:355:in 'Puma::ThreadPool#with_force_shutdown'
puma (7.1.0) lib/puma/request.rb:100:in 'Puma::Request#handle_request'
puma (7.1.0) lib/puma/server.rb:503:in 'Puma::Server#process_client'
puma (7.1.0) lib/puma/server.rb:262:in 'block in Puma::Server#run'
puma (7.1.0) lib/puma/thread_pool.rb:182:in 'block in Puma::ThreadPool#spawn_thread'

Information for cause: SyntaxError (/Volumes/Work/Scratch/orbital/orbital/app/components/orbital/icon.rb:21: syntax errors found
  [2m19 | [m      'Orbital-Icon',
  [2m20 | [m      "Orbital-Icon--size-#{@size}",
[1;31m> [m[2m21 | [m      "text-#{@color}" if @color.present?,
  [2m   | [m                       [1;31m^~[m unexpected 'if'; expected a `)` to close the arguments
  [2m   | [m                       [1;31m^~[m unexpected 'if'; expected a `)` to close the arguments
  [2m   | [m                                         [1;31m^[m unexpected ',', ignoring it
  [2m   | [m                                         [1;31m^[m unexpected ',', expecting end-of-input
  [2m22 | [m      size_classes
[1;31m> [m[2m23 | [m    ))
  [2m   | [m    [1;31m^[m unexpected ')', ignoring it
  [2m   | [m     [1;31m^[m unexpected ')', ignoring it
  [2m24 | [m  end
  [2m25 | [m
):
  
app/views/static_pages/index.html.orb:40
app/views/static_pages/index.html.orb:39
app/components/demo/hero.rb:9:in 'Demo::Hero#call'
app/views/static_pages/index.html.orb:38
app/components/demo/page.rb:13:in 'Demo::Page#call'
app/views/static_pages/index.html.orb:1
Started GET "/.well-known/appspecific/com.chrome.devtools.json" for ::1 at 2025-11-30 14:13:48 +0100
  
ActionController::RoutingError (No route matches [GET] "/.well-known/appspecific/com.chrome.devtools.json"):
  
Started GET "/" for ::1 at 2025-11-30 14:13:58 +0100
Processing by StaticPagesController#index as HTML
  Rendering layout layouts/application.html.erb
  Rendering static_pages/index.html.orb within layouts/application
  Rendered static_pages/index.html.orb within layouts/application (Duration: 18.1ms | GC: 3.1ms)
  Rendered layout layouts/application.html.erb (Duration: 18.3ms | GC: 3.1ms)
Completed 500 Internal Server Error in 20ms (ActiveRecord: 0.0ms (0 queries, 0 cached) | GC: 3.1ms)


  
ArgumentError (Reported error must be an Exception, got: #<SyntaxError:"/Volumes/Work/Scratch/orbital/orbital/app/components/orbital/icon.rb:22: syntax errors found\n  \e[2m20 | \e[m      \"Orbital-Icon--size-\#{@size}\",\n  \e[2m21 | \e[m      \"text-\#{@color}\": @color.present?,\n\e[1;31m> \e[m\e[2m22 | \e[m      size_classes\n  \e[2m   | \e[m                  \e[1;31m^\e[m unexpected newline; expected a value in the hash literal\n  \e[2m   | \e[m                  \e[1;31m^\e[m expected a `=>` between the hash key and value\n  \e[2m23 | \e[m    ))\n  \e[2m24 | \e[m  end\n">)
Caused by: SyntaxError (/Volumes/Work/Scratch/orbital/orbital/app/components/orbital/icon.rb:22: syntax errors found
  [2m20 | [m      "Orbital-Icon--size-#{@size}",
  [2m21 | [m      "text-#{@color}": @color.present?,
[1;31m> [m[2m22 | [m      size_classes
  [2m   | [m                  [1;31m^[m unexpected newline; expected a value in the hash literal
  [2m   | [m                  [1;31m^[m expected a `=>` between the hash key and value
  [2m23 | [m    ))
  [2m24 | [m  end
)

Information for: ArgumentError (Reported error must be an Exception, got: #<SyntaxError:"/Volumes/Work/Scratch/orbital/orbital/app/components/orbital/icon.rb:22: syntax errors found\n  \e[2m20 | \e[m      \"Orbital-Icon--size-\#{@size}\",\n  \e[2m21 | \e[m      \"text-\#{@color}\": @color.present?,\n\e[1;31m> \e[m\e[2m22 | \e[m      size_classes\n  \e[2m   | \e[m                  \e[1;31m^\e[m unexpected newline; expected a value in the hash literal\n  \e[2m   | \e[m                  \e[1;31m^\e[m expected a `=>` between the hash key and value\n  \e[2m23 | \e[m    ))\n  \e[2m24 | \e[m  end\n">):
  
activesupport (8.1.1) lib/active_support/error_reporter.rb:235:in 'ActiveSupport::ErrorReporter#report'
actionpack (8.1.1) lib/action_dispatch/middleware/executor.rb:36:in 'ActionDispatch::Executor#call'
actionpack (8.1.1) lib/action_dispatch/middleware/actionable_exceptions.rb:18:in 'ActionDispatch::ActionableExceptions#call'
actionpack (8.1.1) lib/action_dispatch/middleware/debug_exceptions.rb:31:in 'ActionDispatch::DebugExceptions#call'
web-console (4.2.1) lib/web_console/middleware.rb:132:in 'WebConsole::Middleware#call_app'
web-console (4.2.1) lib/web_console/middleware.rb:28:in 'block in WebConsole::Middleware#call'
web-console (4.2.1) lib/web_console/middleware.rb:17:in 'Kernel#catch'
web-console (4.2.1) lib/web_console/middleware.rb:17:in 'WebConsole::Middleware#call'
actionpack (8.1.1) lib/action_dispatch/middleware/show_exceptions.rb:32:in 'ActionDispatch::ShowExceptions#call'
railties (8.1.1) lib/rails/rack/logger.rb:41:in 'Rails::Rack::Logger#call_app'
railties (8.1.1) lib/rails/rack/logger.rb:29:in 'Rails::Rack::Logger#call'
propshaft (1.3.1) lib/propshaft/quiet_assets.rb:11:in 'Propshaft::QuietAssets#call'
actionpack (8.1.1) lib/action_dispatch/middleware/remote_ip.rb:98:in 'ActionDispatch::RemoteIp#call'
actionpack (8.1.1) lib/action_dispatch/middleware/request_id.rb:34:in 'ActionDispatch::RequestId#call'
rack (3.2.4) lib/rack/method_override.rb:28:in 'Rack::MethodOverride#call'
rack (3.2.4) lib/rack/runtime.rb:24:in 'Rack::Runtime#call'
actionpack (8.1.1) lib/action_dispatch/middleware/server_timing.rb:61:in 'block in ActionDispatch::ServerTiming#call'
actionpack (8.1.1) lib/action_dispatch/middleware/server_timing.rb:26:in 'ActionDispatch::ServerTiming::Subscriber#collect_events'
actionpack (8.1.1) lib/action_dispatch/middleware/server_timing.rb:60:in 'ActionDispatch::ServerTiming#call'
actionpack (8.1.1) lib/action_dispatch/middleware/executor.rb:20:in 'ActionDispatch::Executor#call'
propshaft (1.3.1) lib/propshaft/server.rb:37:in 'Propshaft::Server#call'
actionpack (8.1.1) lib/action_dispatch/middleware/static.rb:27:in 'ActionDispatch::Static#call'
rack (3.2.4) lib/rack/sendfile.rb:131:in 'Rack::Sendfile#call'
actionpack (8.1.1) lib/action_dispatch/middleware/host_authorization.rb:143:in 'ActionDispatch::HostAuthorization#call'
railties (8.1.1) lib/rails/engine.rb:534:in 'Rails::Engine#call'
puma (7.1.0) lib/puma/configuration.rb:300:in 'Puma::Configuration::ConfigMiddleware#call'
puma (7.1.0) lib/puma/request.rb:101:in 'block in Puma::Request#handle_request'
puma (7.1.0) lib/puma/thread_pool.rb:355:in 'Puma::ThreadPool#with_force_shutdown'
puma (7.1.0) lib/puma/request.rb:100:in 'Puma::Request#handle_request'
puma (7.1.0) lib/puma/server.rb:503:in 'Puma::Server#process_client'
puma (7.1.0) lib/puma/server.rb:262:in 'block in Puma::Server#run'
puma (7.1.0) lib/puma/thread_pool.rb:182:in 'block in Puma::ThreadPool#spawn_thread'

Information for cause: SyntaxError (/Volumes/Work/Scratch/orbital/orbital/app/components/orbital/icon.rb:22: syntax errors found
  [2m20 | [m      "Orbital-Icon--size-#{@size}",
  [2m21 | [m      "text-#{@color}": @color.present?,
[1;31m> [m[2m22 | [m      size_classes
  [2m   | [m                  [1;31m^[m unexpected newline; expected a value in the hash literal
  [2m   | [m                  [1;31m^[m expected a `=>` between the hash key and value
  [2m23 | [m    ))
  [2m24 | [m  end
):
  
app/views/static_pages/index.html.orb:40
app/views/static_pages/index.html.orb:39
app/components/demo/hero.rb:9:in 'Demo::Hero#call'
app/views/static_pages/index.html.orb:38
app/components/demo/page.rb:13:in 'Demo::Page#call'
app/views/static_pages/index.html.orb:1
Started GET "/.well-known/appspecific/com.chrome.devtools.json" for ::1 at 2025-11-30 14:13:58 +0100
  
ActionController::RoutingError (No route matches [GET] "/.well-known/appspecific/com.chrome.devtools.json"):
  
Started GET "/" for ::1 at 2025-11-30 14:14:15 +0100
Processing by StaticPagesController#index as HTML
  Rendering layout layouts/application.html.erb
  Rendering static_pages/index.html.orb within layouts/application
  Rendered static_pages/index.html.orb within layouts/application (Duration: 48.5ms | GC: 10.8ms)
  Rendered layout layouts/application.html.erb (Duration: 50.4ms | GC: 11.6ms)
Completed 200 OK in 52ms (Views: 51.2ms | ActiveRecord: 0.0ms (0 queries, 0 cached) | GC: 11.6ms)


Started GET "/.well-known/appspecific/com.chrome.devtools.json" for ::1 at 2025-11-30 14:14:15 +0100
  
ActionController::RoutingError (No route matches [GET] "/.well-known/appspecific/com.chrome.devtools.json"):
  
Started GET "/" for ::1 at 2025-11-30 14:14:53 +0100
Processing by StaticPagesController#index as HTML
  Rendering layout layouts/application.html.erb
  Rendering static_pages/index.html.orb within layouts/application
  Rendered static_pages/index.html.orb within layouts/application (Duration: 58.3ms | GC: 4.8ms)
  Rendered layout layouts/application.html.erb (Duration: 59.2ms | GC: 4.8ms)
Completed 200 OK in 93ms (Views: 64.5ms | ActiveRecord: 0.0ms (0 queries, 0 cached) | GC: 4.8ms)


Started GET "/.well-known/appspecific/com.chrome.devtools.json" for ::1 at 2025-11-30 14:14:53 +0100
  
ActionController::RoutingError (No route matches [GET] "/.well-known/appspecific/com.chrome.devtools.json"):
  
Started GET "/" for ::1 at 2025-11-30 14:14:59 +0100
Processing by StaticPagesController#index as HTML
  Rendering layout layouts/application.html.erb
  Rendering static_pages/index.html.orb within layouts/application
  Rendered static_pages/index.html.orb within layouts/application (Duration: 98.8ms | GC: 8.7ms)
  Rendered layout layouts/application.html.erb (Duration: 99.7ms | GC: 8.7ms)
Completed 200 OK in 102ms (Views: 100.7ms | ActiveRecord: 0.0ms (0 queries, 0 cached) | GC: 8.7ms)


Started GET "/.well-known/appspecific/com.chrome.devtools.json" for ::1 at 2025-11-30 14:15:00 +0100
  
ActionController::RoutingError (No route matches [GET] "/.well-known/appspecific/com.chrome.devtools.json"):
  
Started GET "/" for ::1 at 2025-11-30 14:15:11 +0100
Processing by StaticPagesController#index as HTML
  Rendering layout layouts/application.html.erb
  Rendering static_pages/index.html.orb within layouts/application
  Rendered static_pages/index.html.orb within layouts/application (Duration: 36.2ms | GC: 4.2ms)
  Rendered layout layouts/application.html.erb (Duration: 37.0ms | GC: 4.2ms)
Completed 200 OK in 39ms (Views: 37.7ms | ActiveRecord: 0.0ms (0 queries, 0 cached) | GC: 4.2ms)


Started GET "/.well-known/appspecific/com.chrome.devtools.json" for ::1 at 2025-11-30 14:15:11 +0100
  
ActionController::RoutingError (No route matches [GET] "/.well-known/appspecific/com.chrome.devtools.json"):
  
Started GET "/" for ::1 at 2025-11-30 14:15:36 +0100
Processing by StaticPagesController#index as HTML
  Rendering layout layouts/application.html.erb
  Rendering static_pages/index.html.orb within layouts/application
  Rendered static_pages/index.html.orb within layouts/application (Duration: 85.3ms | GC: 5.4ms)
  Rendered layout layouts/application.html.erb (Duration: 86.7ms | GC: 5.4ms)
Completed 200 OK in 89ms (Views: 87.6ms | ActiveRecord: 0.0ms (0 queries, 0 cached) | GC: 5.4ms)


Started GET "/.well-known/appspecific/com.chrome.devtools.json" for ::1 at 2025-11-30 14:15:36 +0100
  
ActionController::RoutingError (No route matches [GET] "/.well-known/appspecific/com.chrome.devtools.json"):
  
Started GET "/" for ::1 at 2025-11-30 14:15:45 +0100
Processing by StaticPagesController#index as HTML
  Rendering layout layouts/application.html.erb
  Rendering static_pages/index.html.orb within layouts/application
  Rendered static_pages/index.html.orb within layouts/application (Duration: 40.5ms | GC: 7.4ms)
  Rendered layout layouts/application.html.erb (Duration: 41.4ms | GC: 7.4ms)
Completed 200 OK in 43ms (Views: 42.3ms | ActiveRecord: 0.0ms (0 queries, 0 cached) | GC: 7.4ms)


Started GET "/.well-known/appspecific/com.chrome.devtools.json" for ::1 at 2025-11-30 14:15:45 +0100
  
ActionController::RoutingError (No route matches [GET] "/.well-known/appspecific/com.chrome.devtools.json"):
  
Started GET "/" for ::1 at 2025-11-30 14:16:14 +0100
Processing by StaticPagesController#index as HTML
  Rendering layout layouts/application.html.erb
  Rendering static_pages/index.html.orb within layouts/application
  Rendered static_pages/index.html.orb within layouts/application (Duration: 37.4ms | GC: 5.3ms)
  Rendered layout layouts/application.html.erb (Duration: 38.6ms | GC: 5.7ms)
Completed 200 OK in 40ms (Views: 39.3ms | ActiveRecord: 0.0ms (0 queries, 0 cached) | GC: 5.7ms)


Started GET "/.well-known/appspecific/com.chrome.devtools.json" for ::1 at 2025-11-30 14:16:14 +0100
  
ActionController::RoutingError (No route matches [GET] "/.well-known/appspecific/com.chrome.devtools.json"):
  
Started GET "/" for ::1 at 2025-11-30 14:16:21 +0100
Processing by StaticPagesController#index as HTML
  Rendering layout layouts/application.html.erb
  Rendering static_pages/index.html.orb within layouts/application
  Rendered static_pages/index.html.orb within layouts/application (Duration: 35.9ms | GC: 3.8ms)
  Rendered layout layouts/application.html.erb (Duration: 36.8ms | GC: 3.8ms)
Completed 200 OK in 38ms (Views: 37.5ms | ActiveRecord: 0.0ms (0 queries, 0 cached) | GC: 3.8ms)


Started GET "/.well-known/appspecific/com.chrome.devtools.json" for ::1 at 2025-11-30 14:16:21 +0100
  
ActionController::RoutingError (No route matches [GET] "/.well-known/appspecific/com.chrome.devtools.json"):
  
Started GET "/" for ::1 at 2025-11-30 14:16:29 +0100
Processing by StaticPagesController#index as HTML
  Rendering layout layouts/application.html.erb
  Rendering static_pages/index.html.orb within layouts/application
  Rendered static_pages/index.html.orb within layouts/application (Duration: 51.8ms | GC: 18.2ms)
  Rendered layout layouts/application.html.erb (Duration: 54.2ms | GC: 18.5ms)
Completed 200 OK in 57ms (Views: 55.5ms | ActiveRecord: 0.0ms (0 queries, 0 cached) | GC: 19.5ms)


Started GET "/.well-known/appspecific/com.chrome.devtools.json" for ::1 at 2025-11-30 14:16:29 +0100
  
ActionController::RoutingError (No route matches [GET] "/.well-known/appspecific/com.chrome.devtools.json"):
  
Started GET "/" for ::1 at 2025-11-30 14:17:07 +0100
Processing by StaticPagesController#index as HTML
  Rendering layout layouts/application.html.erb
  Rendering static_pages/index.html.orb within layouts/application
  Rendered static_pages/index.html.orb within layouts/application (Duration: 44.1ms | GC: 4.3ms)
  Rendered layout layouts/application.html.erb (Duration: 46.5ms | GC: 4.5ms)
Completed 200 OK in 49ms (Views: 47.7ms | ActiveRecord: 0.0ms (0 queries, 0 cached) | GC: 4.5ms)


Started GET "/.well-known/appspecific/com.chrome.devtools.json" for ::1 at 2025-11-30 14:17:07 +0100
  
ActionController::RoutingError (No route matches [GET] "/.well-known/appspecific/com.chrome.devtools.json"):
  
Started GET "/" for ::1 at 2025-11-30 14:17:12 +0100
Processing by StaticPagesController#index as HTML
  Rendering layout layouts/application.html.erb
  Rendering static_pages/index.html.orb within layouts/application
  Rendered static_pages/index.html.orb within layouts/application (Duration: 35.7ms | GC: 4.1ms)
  Rendered layout layouts/application.html.erb (Duration: 36.6ms | GC: 4.1ms)
Completed 200 OK in 38ms (Views: 37.3ms | ActiveRecord: 0.0ms (0 queries, 0 cached) | GC: 4.4ms)


Started GET "/.well-known/appspecific/com.chrome.devtools.json" for ::1 at 2025-11-30 14:17:12 +0100
  
ActionController::RoutingError (No route matches [GET] "/.well-known/appspecific/com.chrome.devtools.json"):
  
Started GET "/" for ::1 at 2025-11-30 14:17:28 +0100
Processing by StaticPagesController#index as HTML
  Rendering layout layouts/application.html.erb
  Rendering static_pages/index.html.orb within layouts/application
  Rendered static_pages/index.html.orb within layouts/application (Duration: 38.4ms | GC: 4.8ms)
  Rendered layout layouts/application.html.erb (Duration: 39.7ms | GC: 5.3ms)
Completed 200 OK in 42ms (Views: 40.7ms | ActiveRecord: 0.0ms (0 queries, 0 cached) | GC: 5.3ms)


Started GET "/.well-known/appspecific/com.chrome.devtools.json" for ::1 at 2025-11-30 14:17:28 +0100
  
ActionController::RoutingError (No route matches [GET] "/.well-known/appspecific/com.chrome.devtools.json"):
  
Started GET "/" for ::1 at 2025-11-30 14:17:39 +0100
Processing by StaticPagesController#index as HTML
  Rendering layout layouts/application.html.erb
  Rendering static_pages/index.html.orb within layouts/application
  Rendered static_pages/index.html.orb within layouts/application (Duration: 35.4ms | GC: 3.9ms)
  Rendered layout layouts/application.html.erb (Duration: 36.3ms | GC: 3.9ms)
Completed 200 OK in 38ms (Views: 37.2ms | ActiveRecord: 0.0ms (0 queries, 0 cached) | GC: 3.9ms)


Started GET "/.well-known/appspecific/com.chrome.devtools.json" for ::1 at 2025-11-30 14:17:39 +0100
  
ActionController::RoutingError (No route matches [GET] "/.well-known/appspecific/com.chrome.devtools.json"):
  
Started GET "/" for ::1 at 2025-11-30 14:17:44 +0100
Processing by StaticPagesController#index as HTML
  Rendering layout layouts/application.html.erb
  Rendering static_pages/index.html.orb within layouts/application
  Rendered static_pages/index.html.orb within layouts/application (Duration: 34.9ms | GC: 2.4ms)
  Rendered layout layouts/application.html.erb (Duration: 35.8ms | GC: 2.4ms)
Completed 200 OK in 37ms (Views: 36.5ms | ActiveRecord: 0.0ms (0 queries, 0 cached) | GC: 2.4ms)


Started GET "/.well-known/appspecific/com.chrome.devtools.json" for ::1 at 2025-11-30 14:17:44 +0100
  
ActionController::RoutingError (No route matches [GET] "/.well-known/appspecific/com.chrome.devtools.json"):
  
Started GET "/" for ::1 at 2025-11-30 14:18:08 +0100
Processing by StaticPagesController#index as HTML
  Rendering layout layouts/application.html.erb
  Rendering static_pages/index.html.orb within layouts/application
  Rendered static_pages/index.html.orb within layouts/application (Duration: 46.5ms | GC: 4.9ms)
  Rendered layout layouts/application.html.erb (Duration: 47.4ms | GC: 4.9ms)
Completed 200 OK in 50ms (Views: 48.6ms | ActiveRecord: 0.0ms (0 queries, 0 cached) | GC: 4.9ms)


Started GET "/.well-known/appspecific/com.chrome.devtools.json" for ::1 at 2025-11-30 14:18:08 +0100
  
ActionController::RoutingError (No route matches [GET] "/.well-known/appspecific/com.chrome.devtools.json"):
  
Started GET "/" for ::1 at 2025-11-30 14:18:30 +0100
Processing by StaticPagesController#index as HTML
  Rendering layout layouts/application.html.erb
  Rendering static_pages/index.html.orb within layouts/application
  Rendered static_pages/index.html.orb within layouts/application (Duration: 41.1ms | GC: 7.8ms)
  Rendered layout layouts/application.html.erb (Duration: 41.9ms | GC: 7.8ms)
Completed 200 OK in 44ms (Views: 42.7ms | ActiveRecord: 0.0ms (0 queries, 0 cached) | GC: 7.8ms)


Started GET "/.well-known/appspecific/com.chrome.devtools.json" for ::1 at 2025-11-30 14:18:30 +0100
  
ActionController::RoutingError (No route matches [GET] "/.well-known/appspecific/com.chrome.devtools.json"):
  
Started GET "/components" for ::1 at 2025-11-30 14:18:30 +0100
Processing by StaticPagesController#components as HTML
  Rendering layout layouts/application.html.erb
  Rendering static_pages/components.html.orb within layouts/application
  Rendered static_pages/components.html.orb within layouts/application (Duration: 0.6ms | GC: 0.0ms)
  Rendered layout layouts/application.html.erb (Duration: 1.2ms | GC: 0.0ms)
Completed 200 OK in 2ms (Views: 1.5ms | ActiveRecord: 0.0ms (0 queries, 0 cached) | GC: 0.0ms)


Started GET "/" for ::1 at 2025-11-30 14:18:49 +0100
Processing by StaticPagesController#index as HTML
  Rendering layout layouts/application.html.erb
  Rendering static_pages/index.html.orb within layouts/application
  Rendered static_pages/index.html.orb within layouts/application (Duration: 37.4ms | GC: 5.5ms)
  Rendered layout layouts/application.html.erb (Duration: 38.2ms | GC: 5.5ms)
Completed 200 OK in 40ms (Views: 39.0ms | ActiveRecord: 0.0ms (0 queries, 0 cached) | GC: 5.5ms)


Started GET "/.well-known/appspecific/com.chrome.devtools.json" for ::1 at 2025-11-30 14:18:49 +0100
  
ActionController::RoutingError (No route matches [GET] "/.well-known/appspecific/com.chrome.devtools.json"):
  
Started GET "/components" for ::1 at 2025-11-30 14:18:50 +0100
Processing by StaticPagesController#components as HTML
  Rendering layout layouts/application.html.erb
  Rendering static_pages/components.html.orb within layouts/application
  Rendered static_pages/components.html.orb within layouts/application (Duration: 0.7ms | GC: 0.0ms)
  Rendered layout layouts/application.html.erb (Duration: 5.0ms | GC: 3.4ms)
Completed 200 OK in 6ms (Views: 5.4ms | ActiveRecord: 0.0ms (0 queries, 0 cached) | GC: 3.4ms)


Started GET "/quickstart" for ::1 at 2025-11-30 14:18:51 +0100
  
ActionController::RoutingError (No route matches [GET] "/quickstart"):
  
Started GET "/components" for ::1 at 2025-11-30 14:18:52 +0100
Processing by StaticPagesController#components as HTML
  Rendering layout layouts/application.html.erb
  Rendering static_pages/components.html.orb within layouts/application
  Rendered static_pages/components.html.orb within layouts/application (Duration: 0.0ms | GC: 0.0ms)
  Rendered layout layouts/application.html.erb (Duration: 0.7ms | GC: 0.0ms)
Completed 200 OK in 3ms (Views: 1.7ms | ActiveRecord: 0.0ms (0 queries, 0 cached) | GC: 0.7ms)


Started GET "/" for ::1 at 2025-11-30 14:19:42 +0100
Processing by StaticPagesController#index as HTML
  Rendering layout layouts/application.html.erb
  Rendering static_pages/index.html.orb within layouts/application
  Rendered static_pages/index.html.orb within layouts/application (Duration: 42.0ms | GC: 7.2ms)
  Rendered layout layouts/application.html.erb (Duration: 42.8ms | GC: 7.2ms)
Completed 200 OK in 45ms (Views: 43.6ms | ActiveRecord: 0.0ms (0 queries, 0 cached) | GC: 7.2ms)


Started GET "/.well-known/appspecific/com.chrome.devtools.json" for ::1 at 2025-11-30 14:19:42 +0100
  
ActionController::RoutingError (No route matches [GET] "/.well-known/appspecific/com.chrome.devtools.json"):
  
Started GET "/quickstart" for ::1 at 2025-11-30 14:19:49 +0100
  
ActionController::RoutingError (No route matches [GET] "/quickstart"):
  
Started GET "/components" for ::1 at 2025-11-30 14:19:50 +0100
Processing by StaticPagesController#components as HTML
  Rendering layout layouts/application.html.erb
  Rendering static_pages/components.html.orb within layouts/application
  Rendered static_pages/components.html.orb within layouts/application (Duration: 0.9ms | GC: 0.3ms)
  Rendered layout layouts/application.html.erb (Duration: 1.6ms | GC: 0.3ms)
Completed 200 OK in 2ms (Views: 1.8ms | ActiveRecord: 0.0ms (0 queries, 0 cached) | GC: 0.3ms)


Started GET "/components" for ::1 at 2025-11-30 14:20:44 +0100
Processing by StaticPagesController#components as HTML
  Rendering layout layouts/application.html.erb
  Rendering static_pages/components.html.orb within layouts/application
  Rendered static_pages/components.html.orb within layouts/application (Duration: 0.0ms | GC: 0.0ms)
  Rendered layout layouts/application.html.erb (Duration: 0.6ms | GC: 0.0ms)
Completed 200 OK in 2ms (Views: 1.1ms | ActiveRecord: 0.0ms (0 queries, 0 cached) | GC: 0.3ms)


Started GET "/components" for ::1 at 2025-11-30 14:20:45 +0100
Processing by StaticPagesController#components as HTML
  Rendering layout layouts/application.html.erb
  Rendering static_pages/components.html.orb within layouts/application
  Rendered static_pages/components.html.orb within layouts/application (Duration: 0.0ms | GC: 0.0ms)
  Rendered layout layouts/application.html.erb (Duration: 0.7ms | GC: 0.0ms)
Completed 200 OK in 1ms (Views: 0.9ms | ActiveRecord: 0.0ms (0 queries, 0 cached) | GC: 0.0ms)


Started GET "/quickstart" for ::1 at 2025-11-30 14:20:45 +0100
  
ActionController::RoutingError (No route matches [GET] "/quickstart"):
  
Started GET "/" for ::1 at 2025-11-30 14:23:41 +0100
  [1m[36mActiveRecord::SchemaMigration Load (0.1ms)[0m  [1m[34mSELECT "schema_migrations"."version" FROM "schema_migrations" ORDER BY "schema_migrations"."version" ASC /*application='Demo'*/[0m
Processing by StaticPagesController#index as HTML
  Rendering layout layouts/application.html.erb
  Rendering static_pages/index.html.orb within layouts/application
  Rendered static_pages/index.html.orb within layouts/application (Duration: 58.0ms | GC: 0.0ms)
  Rendered layout layouts/application.html.erb (Duration: 62.2ms | GC: 0.0ms)
Completed 200 OK in 72ms (Views: 64.0ms | ActiveRecord: 0.0ms (0 queries, 0 cached) | GC: 0.0ms)


Started GET "/.well-known/appspecific/com.chrome.devtools.json" for ::1 at 2025-11-30 14:23:41 +0100
  
ActionController::RoutingError (No route matches [GET] "/.well-known/appspecific/com.chrome.devtools.json"):
  
Started GET "/components" for ::1 at 2025-11-30 14:25:56 +0100
Processing by StaticPagesController#components as HTML
  Rendering layout layouts/application.html.erb
  Rendering static_pages/components.html.orb within layouts/application
  Rendered static_pages/components.html.orb within layouts/application (Duration: 1.1ms | GC: 0.6ms)
  Rendered layout layouts/application.html.erb (Duration: 4.0ms | GC: 1.5ms)
Completed 200 OK in 6ms (Views: 5.1ms | ActiveRecord: 0.0ms (0 queries, 0 cached) | GC: 1.6ms)


Started GET "/components" for ::1 at 2025-11-30 14:25:56 +0100
Processing by StaticPagesController#components as HTML
  Rendering layout layouts/application.html.erb
  Rendering static_pages/components.html.orb within layouts/application
  Rendered static_pages/components.html.orb within layouts/application (Duration: 0.0ms | GC: 0.0ms)
  Rendered layout layouts/application.html.erb (Duration: 2.8ms | GC: 0.5ms)
Completed 200 OK in 5ms (Views: 3.8ms | ActiveRecord: 0.0ms (0 queries, 0 cached) | GC: 0.8ms)


Started GET "/.well-known/appspecific/com.chrome.devtools.json" for ::1 at 2025-11-30 14:25:57 +0100
  
ActionController::RoutingError (No route matches [GET] "/.well-known/appspecific/com.chrome.devtools.json"):
  
Started GET "/components" for ::1 at 2025-11-30 14:25:57 +0100
Processing by StaticPagesController#components as HTML
  Rendering layout layouts/application.html.erb
  Rendering static_pages/components.html.orb within layouts/application
  Rendered static_pages/components.html.orb within layouts/application (Duration: 0.1ms | GC: 0.0ms)
  Rendered layout layouts/application.html.erb (Duration: 0.9ms | GC: 0.0ms)
Completed 200 OK in 2ms (Views: 1.3ms | ActiveRecord: 0.0ms (0 queries, 0 cached) | GC: 0.0ms)


Started GET "/.well-known/appspecific/com.chrome.devtools.json" for ::1 at 2025-11-30 14:25:57 +0100
  
ActionController::RoutingError (No route matches [GET] "/.well-known/appspecific/com.chrome.devtools.json"):
  
Started GET "/.well-known/appspecific/com.chrome.devtools.json" for ::1 at 2025-11-30 14:25:59 +0100
  
ActionController::RoutingError (No route matches [GET] "/.well-known/appspecific/com.chrome.devtools.json"):
  
Started GET "/.well-known/appspecific/com.chrome.devtools.json" for ::1 at 2025-11-30 14:25:59 +0100
  
ActionController::RoutingError (No route matches [GET] "/.well-known/appspecific/com.chrome.devtools.json"):
  
Started GET "/" for ::1 at 2025-11-30 14:25:59 +0100
Processing by StaticPagesController#index as HTML
  Rendering layout layouts/application.html.erb
  Rendering static_pages/index.html.orb within layouts/application
  Rendered static_pages/index.html.orb within layouts/application (Duration: 12.1ms | GC: 1.1ms)
  Rendered layout layouts/application.html.erb (Duration: 12.3ms | GC: 1.1ms)
Completed 500 Internal Server Error in 13ms (ActiveRecord: 0.0ms (0 queries, 0 cached) | GC: 1.1ms)


  
ActionView::Template::Error (expected file /Volumes/Work/Scratch/orbital/demo/app/components/demo/app_frame.rb to define constant Demo::AppFrame, but didn't)
Caused by: Zeitwerk::NameError (expected file /Volumes/Work/Scratch/orbital/demo/app/components/demo/app_frame.rb to define constant Demo::AppFrame, but didn't)

Information for: ActionView::Template::Error (expected file /Volumes/Work/Scratch/orbital/demo/app/components/demo/app_frame.rb to define constant Demo::AppFrame, but didn't):
    1: <AppFrame>
    2:   <Hero>
    3:     <a href="/components">
    4:       <Badge variant="ghost">
  
app/views/static_pages/index.html.orb:1

Information for cause: Zeitwerk::NameError (expected file /Volumes/Work/Scratch/orbital/demo/app/components/demo/app_frame.rb to define constant Demo::AppFrame, but didn't):
  
app/views/static_pages/index.html.orb:1
Started GET "/.well-known/appspecific/com.chrome.devtools.json" for ::1 at 2025-11-30 14:26:00 +0100
  
ActionController::RoutingError (No route matches [GET] "/.well-known/appspecific/com.chrome.devtools.json"):
  
Started GET "/" for ::1 at 2025-11-30 14:26:08 +0100
Processing by StaticPagesController#index as HTML
  Rendering layout layouts/application.html.erb
  Rendering static_pages/index.html.orb within layouts/application
  Rendered static_pages/index.html.orb within layouts/application (Duration: 44.4ms | GC: 2.9ms)
  Rendered layout layouts/application.html.erb (Duration: 45.5ms | GC: 2.9ms)
Completed 200 OK in 47ms (Views: 46.3ms | ActiveRecord: 0.0ms (0 queries, 0 cached) | GC: 2.9ms)


Started GET "/.well-known/appspecific/com.chrome.devtools.json" for ::1 at 2025-11-30 14:26:09 +0100
  
ActionController::RoutingError (No route matches [GET] "/.well-known/appspecific/com.chrome.devtools.json"):
  
Started GET "/" for ::1 at 2025-11-30 14:26:23 +0100
Processing by StaticPagesController#index as HTML
  Rendering layout layouts/application.html.erb
  Rendering static_pages/index.html.orb within layouts/application
  Rendered static_pages/index.html.orb within layouts/application (Duration: 40.4ms | GC: 4.9ms)
  Rendered layout layouts/application.html.erb (Duration: 41.3ms | GC: 4.9ms)
Completed 200 OK in 43ms (Views: 42.2ms | ActiveRecord: 0.0ms (0 queries, 0 cached) | GC: 5.0ms)


Started GET "/.well-known/appspecific/com.chrome.devtools.json" for ::1 at 2025-11-30 14:26:23 +0100
  
ActionController::RoutingError (No route matches [GET] "/.well-known/appspecific/com.chrome.devtools.json"):
  
Started GET "/" for ::1 at 2025-11-30 14:27:25 +0100
Processing by StaticPagesController#index as HTML
  Rendering layout layouts/application.html.erb
  Rendering static_pages/index.html.orb within layouts/application
  Rendered static_pages/index.html.orb within layouts/application (Duration: 40.2ms | GC: 2.9ms)
  Rendered layout layouts/application.html.erb (Duration: 41.0ms | GC: 2.9ms)
Completed 200 OK in 43ms (Views: 42.2ms | ActiveRecord: 0.0ms (0 queries, 0 cached) | GC: 3.0ms)


Started GET "/.well-known/appspecific/com.chrome.devtools.json" for ::1 at 2025-11-30 14:27:25 +0100
  
ActionController::RoutingError (No route matches [GET] "/.well-known/appspecific/com.chrome.devtools.json"):
  
Started GET "/components" for ::1 at 2025-11-30 14:27:44 +0100
Processing by StaticPagesController#components as HTML
  Rendering layout layouts/application.html.erb
  Rendering static_pages/components.html.orb within layouts/application
  Rendered static_pages/components.html.orb within layouts/application (Duration: 0.6ms | GC: 0.0ms)
  Rendered layout layouts/application.html.erb (Duration: 1.2ms | GC: 0.0ms)
Completed 200 OK in 2ms (Views: 1.4ms | ActiveRecord: 0.0ms (0 queries, 0 cached) | GC: 0.0ms)


Started GET "/components" for ::1 at 2025-11-30 14:27:45 +0100
Processing by StaticPagesController#components as HTML
  Rendering layout layouts/application.html.erb
  Rendering static_pages/components.html.orb within layouts/application
  Rendered static_pages/components.html.orb within layouts/application (Duration: 0.0ms | GC: 0.0ms)
  Rendered layout layouts/application.html.erb (Duration: 1.2ms | GC: 0.0ms)
Completed 200 OK in 2ms (Views: 1.6ms | ActiveRecord: 0.0ms (0 queries, 0 cached) | GC: 0.0ms)


Started GET "/" for ::1 at 2025-11-30 14:28:00 +0100
Processing by StaticPagesController#index as HTML
  Rendering layout layouts/application.html.erb
  Rendering static_pages/index.html.orb within layouts/application
  Rendered static_pages/index.html.orb within layouts/application (Duration: 45.3ms | GC: 4.3ms)
  Rendered layout layouts/application.html.erb (Duration: 46.1ms | GC: 4.3ms)
Completed 200 OK in 48ms (Views: 47.2ms | ActiveRecord: 0.0ms (0 queries, 0 cached) | GC: 4.3ms)


Started GET "/.well-known/appspecific/com.chrome.devtools.json" for ::1 at 2025-11-30 14:28:00 +0100
  
ActionController::RoutingError (No route matches [GET] "/.well-known/appspecific/com.chrome.devtools.json"):
  
Started GET "/components" for ::1 at 2025-11-30 14:28:02 +0100
Processing by StaticPagesController#components as HTML
  Rendering layout layouts/application.html.erb
  Rendering static_pages/components.html.orb within layouts/application
  Rendered static_pages/components.html.orb within layouts/application (Duration: 0.6ms | GC: 0.0ms)
  Rendered layout layouts/application.html.erb (Duration: 1.1ms | GC: 0.0ms)
Completed 200 OK in 2ms (Views: 1.3ms | ActiveRecord: 0.0ms (0 queries, 0 cached) | GC: 0.2ms)


Started GET "/" for ::1 at 2025-11-30 14:28:23 +0100
  [1m[36mActiveRecord::SchemaMigration Load (0.1ms)[0m  [1m[34mSELECT "schema_migrations"."version" FROM "schema_migrations" ORDER BY "schema_migrations"."version" ASC /*application='Demo'*/[0m
Processing by StaticPagesController#index as HTML
  Rendering layout layouts/application.html.erb
  Rendering static_pages/index.html.orb within layouts/application
  Rendered static_pages/index.html.orb within layouts/application (Duration: 53.7ms | GC: 0.0ms)
  Rendered layout layouts/application.html.erb (Duration: 57.9ms | GC: 0.0ms)
Completed 200 OK in 67ms (Views: 59.5ms | ActiveRecord: 0.0ms (0 queries, 0 cached) | GC: 0.0ms)


Started GET "/.well-known/appspecific/com.chrome.devtools.json" for ::1 at 2025-11-30 14:28:23 +0100
  
ActionController::RoutingError (No route matches [GET] "/.well-known/appspecific/com.chrome.devtools.json"):
  
Started GET "/" for ::1 at 2025-11-30 14:29:37 +0100
Processing by StaticPagesController#index as HTML
  Rendering layout layouts/application.html.erb
  Rendering static_pages/index.html.orb within layouts/application
  Rendered static_pages/index.html.orb within layouts/application (Duration: 55.9ms | GC: 18.4ms)
  Rendered layout layouts/application.html.erb (Duration: 57.2ms | GC: 18.7ms)
Completed 200 OK in 60ms (Views: 58.7ms | ActiveRecord: 0.0ms (0 queries, 0 cached) | GC: 19.0ms)


Started GET "/.well-known/appspecific/com.chrome.devtools.json" for ::1 at 2025-11-30 14:29:37 +0100
  
ActionController::RoutingError (No route matches [GET] "/.well-known/appspecific/com.chrome.devtools.json"):
  
Started GET "/" for ::1 at 2025-11-30 14:29:52 +0100
Processing by StaticPagesController#index as HTML
  Rendering layout layouts/application.html.erb
  Rendering static_pages/index.html.orb within layouts/application
  Rendered static_pages/index.html.orb within layouts/application (Duration: 35.5ms | GC: 3.1ms)
  Rendered layout layouts/application.html.erb (Duration: 36.4ms | GC: 3.1ms)
Completed 200 OK in 38ms (Views: 37.1ms | ActiveRecord: 0.0ms (0 queries, 0 cached) | GC: 3.1ms)


Started GET "/.well-known/appspecific/com.chrome.devtools.json" for ::1 at 2025-11-30 14:29:52 +0100
  
ActionController::RoutingError (No route matches [GET] "/.well-known/appspecific/com.chrome.devtools.json"):
  
Started GET "/" for ::1 at 2025-11-30 14:30:03 +0100
Processing by StaticPagesController#index as HTML
  Rendering layout layouts/application.html.erb
  Rendering static_pages/index.html.orb within layouts/application
  Rendered static_pages/index.html.orb within layouts/application (Duration: 45.2ms | GC: 6.2ms)
  Rendered layout layouts/application.html.erb (Duration: 46.1ms | GC: 6.2ms)
Completed 200 OK in 48ms (Views: 47.0ms | ActiveRecord: 0.0ms (0 queries, 0 cached) | GC: 6.4ms)


Started GET "/.well-known/appspecific/com.chrome.devtools.json" for ::1 at 2025-11-30 14:30:03 +0100
  
ActionController::RoutingError (No route matches [GET] "/.well-known/appspecific/com.chrome.devtools.json"):
  
Started GET "/" for ::1 at 2025-11-30 14:30:38 +0100
  [1m[36mActiveRecord::SchemaMigration Load (0.1ms)[0m  [1m[34mSELECT "schema_migrations"."version" FROM "schema_migrations" ORDER BY "schema_migrations"."version" ASC /*application='Demo'*/[0m
Processing by StaticPagesController#index as HTML
  Rendering layout layouts/application.html.erb
  Rendering static_pages/index.html.orb within layouts/application
  Rendered static_pages/index.html.orb within layouts/application (Duration: 48.9ms | GC: 0.0ms)
  Rendered layout layouts/application.html.erb (Duration: 53.5ms | GC: 0.0ms)
Completed 200 OK in 62ms (Views: 55.4ms | ActiveRecord: 0.0ms (0 queries, 0 cached) | GC: 0.0ms)


Started GET "/.well-known/appspecific/com.chrome.devtools.json" for ::1 at 2025-11-30 14:30:38 +0100
  
ActionController::RoutingError (No route matches [GET] "/.well-known/appspecific/com.chrome.devtools.json"):
  
Started GET "/" for ::1 at 2025-11-30 14:30:57 +0100
Processing by StaticPagesController#index as HTML
  Rendering layout layouts/application.html.erb
  Rendering static_pages/index.html.orb within layouts/application
  Rendered static_pages/index.html.orb within layouts/application (Duration: 46.3ms | GC: 21.9ms)
  Rendered layout layouts/application.html.erb (Duration: 47.0ms | GC: 21.9ms)
Completed 200 OK in 48ms (Views: 47.2ms | ActiveRecord: 0.0ms (0 queries, 0 cached) | GC: 21.9ms)


Started GET "/.well-known/appspecific/com.chrome.devtools.json" for ::1 at 2025-11-30 14:30:57 +0100
  
ActionController::RoutingError (No route matches [GET] "/.well-known/appspecific/com.chrome.devtools.json"):
  
Started GET "/" for ::1 at 2025-11-30 14:31:40 +0100
Processing by StaticPagesController#index as HTML
  Rendering layout layouts/application.html.erb
  Rendering static_pages/index.html.orb within layouts/application
  Rendered static_pages/index.html.orb within layouts/application (Duration: 37.3ms | GC: 4.0ms)
  Rendered layout layouts/application.html.erb (Duration: 39.0ms | GC: 4.0ms)
Completed 200 OK in 41ms (Views: 39.8ms | ActiveRecord: 0.0ms (0 queries, 0 cached) | GC: 4.0ms)


Started GET "/.well-known/appspecific/com.chrome.devtools.json" for ::1 at 2025-11-30 14:31:40 +0100
  
ActionController::RoutingError (No route matches [GET] "/.well-known/appspecific/com.chrome.devtools.json"):
  
Started GET "/" for ::1 at 2025-11-30 14:31:52 +0100
Processing by StaticPagesController#index as HTML
  Rendering layout layouts/application.html.erb
  Rendering static_pages/index.html.orb within layouts/application
  Rendered static_pages/index.html.orb within layouts/application (Duration: 36.8ms | GC: 2.5ms)
  Rendered layout layouts/application.html.erb (Duration: 37.6ms | GC: 2.5ms)
Completed 200 OK in 39ms (Views: 38.4ms | ActiveRecord: 0.0ms (0 queries, 0 cached) | GC: 2.6ms)


Started GET "/.well-known/appspecific/com.chrome.devtools.json" for ::1 at 2025-11-30 14:31:52 +0100
  
ActionController::RoutingError (No route matches [GET] "/.well-known/appspecific/com.chrome.devtools.json"):
  
Started GET "/themes" for ::1 at 2025-11-30 14:32:13 +0100
  
ActionController::RoutingError (No route matches [GET] "/themes"):
  
Started GET "/" for ::1 at 2025-11-30 14:32:13 +0100
Processing by StaticPagesController#index as HTML
  Rendering layout layouts/application.html.erb
  Rendering static_pages/index.html.orb within layouts/application
  Rendered static_pages/index.html.orb within layouts/application (Duration: 60.5ms | GC: 21.0ms)
  Rendered layout layouts/application.html.erb (Duration: 61.5ms | GC: 21.0ms)
Completed 200 OK in 65ms (Views: 63.7ms | ActiveRecord: 0.0ms (0 queries, 0 cached) | GC: 21.8ms)


Started GET "/.well-known/appspecific/com.chrome.devtools.json" for ::1 at 2025-11-30 14:32:13 +0100
  
ActionController::RoutingError (No route matches [GET] "/.well-known/appspecific/com.chrome.devtools.json"):
  
Started GET "/components" for ::1 at 2025-11-30 14:32:14 +0100
Processing by StaticPagesController#components as HTML
  Rendering layout layouts/application.html.erb
  Rendering static_pages/components.html.orb within layouts/application
  Rendered static_pages/components.html.orb within layouts/application (Duration: 0.6ms | GC: 0.0ms)
  Rendered layout layouts/application.html.erb (Duration: 1.2ms | GC: 0.0ms)
Completed 200 OK in 2ms (Views: 1.5ms | ActiveRecord: 0.0ms (0 queries, 0 cached) | GC: 0.0ms)


Started GET "/components" for ::1 at 2025-11-30 14:35:21 +0100
Processing by StaticPagesController#components as HTML
  Rendering layout layouts/application.html.erb
  Rendering static_pages/components.html.orb within layouts/application
  Rendered static_pages/components.html.orb within layouts/application (Duration: 0.1ms | GC: 0.0ms)
  Rendered layout layouts/application.html.erb (Duration: 0.7ms | GC: 0.0ms)
Completed 200 OK in 2ms (Views: 1.0ms | ActiveRecord: 0.0ms (0 queries, 0 cached) | GC: 0.0ms)


Started GET "/" for ::1 at 2025-12-01 10:12:08 +0100
  [1m[36mActiveRecord::SchemaMigration Load (0.1ms)[0m  [1m[34mSELECT "schema_migrations"."version" FROM "schema_migrations" ORDER BY "schema_migrations"."version" ASC /*application='Demo'*/[0m
Processing by StaticPagesController#index as HTML
  Rendering layout layouts/application.html.erb
  Rendering static_pages/index.html.orb within layouts/application
  Rendered static_pages/index.html.orb within layouts/application (Duration: 55.3ms | GC: 0.0ms)
  Rendered layout layouts/application.html.erb (Duration: 61.7ms | GC: 0.0ms)
Completed 200 OK in 72ms (Views: 63.7ms | ActiveRecord: 0.0ms (0 queries, 0 cached) | GC: 0.0ms)


Started GET "/.well-known/appspecific/com.chrome.devtools.json" for ::1 at 2025-12-01 10:12:08 +0100
  
ActionController::RoutingError (No route matches [GET] "/.well-known/appspecific/com.chrome.devtools.json"):
  
Started GET "/" for ::1 at 2025-12-01 10:12:37 +0100
Processing by StaticPagesController#index as HTML
  Rendering layout layouts/application.html.erb
  Rendering static_pages/index.html.orb within layouts/application
  Rendered static_pages/index.html.orb within layouts/application (Duration: 117.1ms | GC: 21.1ms)
  Rendered layout layouts/application.html.erb (Duration: 118.5ms | GC: 21.3ms)
Completed 200 OK in 121ms (Views: 119.7ms | ActiveRecord: 0.0ms (0 queries, 0 cached) | GC: 21.8ms)


Started GET "/.well-known/appspecific/com.chrome.devtools.json" for ::1 at 2025-12-01 10:12:37 +0100
  
ActionController::RoutingError (No route matches [GET] "/.well-known/appspecific/com.chrome.devtools.json"):
  
Started GET "/" for ::1 at 2025-12-01 10:13:00 +0100
Processing by StaticPagesController#index as HTML
  Rendering layout layouts/application.html.erb
  Rendering static_pages/index.html.orb within layouts/application
  Rendered static_pages/index.html.orb within layouts/application (Duration: 36.2ms | GC: 3.5ms)
  Rendered layout layouts/application.html.erb (Duration: 37.2ms | GC: 3.5ms)
Completed 200 OK in 39ms (Views: 38.0ms | ActiveRecord: 0.0ms (0 queries, 0 cached) | GC: 3.5ms)


Started GET "/.well-known/appspecific/com.chrome.devtools.json" for ::1 at 2025-12-01 10:13:00 +0100
  
ActionController::RoutingError (No route matches [GET] "/.well-known/appspecific/com.chrome.devtools.json"):
  
Started GET "/" for ::1 at 2025-12-01 10:13:15 +0100
Processing by StaticPagesController#index as HTML
  Rendering layout layouts/application.html.erb
  Rendering static_pages/index.html.orb within layouts/application
  Rendered static_pages/index.html.orb within layouts/application (Duration: 40.5ms | GC: 5.8ms)
  Rendered layout layouts/application.html.erb (Duration: 41.3ms | GC: 5.8ms)
Completed 200 OK in 43ms (Views: 42.1ms | ActiveRecord: 0.0ms (0 queries, 0 cached) | GC: 5.8ms)


Started GET "/.well-known/appspecific/com.chrome.devtools.json" for ::1 at 2025-12-01 10:13:15 +0100
  
ActionController::RoutingError (No route matches [GET] "/.well-known/appspecific/com.chrome.devtools.json"):
  
Started GET "/" for ::1 at 2025-12-01 10:13:47 +0100
Processing by StaticPagesController#index as HTML
  Rendering layout layouts/application.html.erb
  Rendering static_pages/index.html.orb within layouts/application
  Rendered static_pages/index.html.orb within layouts/application (Duration: 25.4ms | GC: 3.4ms)
  Rendered layout layouts/application.html.erb (Duration: 27.0ms | GC: 3.4ms)
Completed 200 OK in 28ms (Views: 27.2ms | ActiveRecord: 0.0ms (0 queries, 0 cached) | GC: 3.4ms)


Started GET "/.well-known/appspecific/com.chrome.devtools.json" for ::1 at 2025-12-01 10:13:48 +0100
  
ActionController::RoutingError (No route matches [GET] "/.well-known/appspecific/com.chrome.devtools.json"):
  
Started GET "/" for ::1 at 2025-12-01 10:14:28 +0100
Processing by StaticPagesController#index as HTML
  Rendering layout layouts/application.html.erb
  Rendering static_pages/index.html.orb within layouts/application
  Rendered static_pages/index.html.orb within layouts/application (Duration: 26.0ms | GC: 3.5ms)
  Rendered layout layouts/application.html.erb (Duration: 28.0ms | GC: 3.5ms)
Completed 200 OK in 29ms (Views: 28.3ms | ActiveRecord: 0.0ms (0 queries, 0 cached) | GC: 3.5ms)


Started GET "/.well-known/appspecific/com.chrome.devtools.json" for ::1 at 2025-12-01 10:14:28 +0100
  
ActionController::RoutingError (No route matches [GET] "/.well-known/appspecific/com.chrome.devtools.json"):
  
Started GET "/" for ::1 at 2025-12-01 10:14:56 +0100
Processing by StaticPagesController#index as HTML
  Rendering layout layouts/application.html.erb
  Rendering static_pages/index.html.orb within layouts/application
  Rendered static_pages/index.html.orb within layouts/application (Duration: 26.0ms | GC: 2.1ms)
  Rendered layout layouts/application.html.erb (Duration: 28.2ms | GC: 2.1ms)
Completed 200 OK in 29ms (Views: 28.4ms | ActiveRecord: 0.0ms (0 queries, 0 cached) | GC: 2.1ms)


Started GET "/.well-known/appspecific/com.chrome.devtools.json" for ::1 at 2025-12-01 10:14:56 +0100
  
ActionController::RoutingError (No route matches [GET] "/.well-known/appspecific/com.chrome.devtools.json"):
  
Started GET "/" for ::1 at 2025-12-01 10:15:16 +0100
Processing by StaticPagesController#index as HTML
  Rendering layout layouts/application.html.erb
  Rendering static_pages/index.html.orb within layouts/application
  Rendered static_pages/index.html.orb within layouts/application (Duration: 24.9ms | GC: 2.5ms)
  Rendered layout layouts/application.html.erb (Duration: 25.4ms | GC: 2.5ms)
Completed 200 OK in 26ms (Views: 25.6ms | ActiveRecord: 0.0ms (0 queries, 0 cached) | GC: 2.5ms)


Started GET "/.well-known/appspecific/com.chrome.devtools.json" for ::1 at 2025-12-01 10:15:16 +0100
  
ActionController::RoutingError (No route matches [GET] "/.well-known/appspecific/com.chrome.devtools.json"):
  
Started GET "/components" for ::1 at 2025-12-01 10:15:17 +0100
Processing by StaticPagesController#components as HTML
  Rendering layout layouts/application.html.erb
  Rendering static_pages/components.html.orb within layouts/application
  Rendered static_pages/components.html.orb within layouts/application (Duration: 2.5ms | GC: 1.1ms)
  Rendered layout layouts/application.html.erb (Duration: 4.4ms | GC: 2.1ms)
Completed 200 OK in 7ms (Views: 5.0ms | ActiveRecord: 0.0ms (0 queries, 0 cached) | GC: 2.6ms)


Started GET "/components" for ::1 at 2025-12-01 10:15:17 +0100
Processing by StaticPagesController#components as HTML
  Rendering layout layouts/application.html.erb
  Rendering static_pages/components.html.orb within layouts/application
  Rendered static_pages/components.html.orb within layouts/application (Duration: 0.0ms | GC: 0.0ms)
  Rendered layout layouts/application.html.erb (Duration: 1.9ms | GC: 1.2ms)
Completed 200 OK in 3ms (Views: 2.2ms | ActiveRecord: 0.0ms (0 queries, 0 cached) | GC: 1.4ms)


Started GET "/" for ::1 at 2025-12-01 10:15:35 +0100
  [1m[36mActiveRecord::SchemaMigration Load (0.1ms)[0m  [1m[34mSELECT "schema_migrations"."version" FROM "schema_migrations" ORDER BY "schema_migrations"."version" ASC /*application='Demo'*/[0m
Processing by StaticPagesController#index as HTML
  Rendering layout layouts/application.html.erb
  Rendering static_pages/index.html.orb within layouts/application
  Rendered static_pages/index.html.orb within layouts/application (Duration: 51.2ms | GC: 0.0ms)
  Rendered layout layouts/application.html.erb (Duration: 55.4ms | GC: 0.0ms)
Completed 200 OK in 64ms (Views: 57.1ms | ActiveRecord: 0.0ms (0 queries, 0 cached) | GC: 0.0ms)


Started GET "/.well-known/appspecific/com.chrome.devtools.json" for ::1 at 2025-12-01 10:15:36 +0100
  
ActionController::RoutingError (No route matches [GET] "/.well-known/appspecific/com.chrome.devtools.json"):
  
Started GET "/" for ::1 at 2025-12-01 10:16:32 +0100
Processing by StaticPagesController#index as HTML
  Rendering layout layouts/application.html.erb
  Rendering static_pages/index.html.orb within layouts/application
  Rendered static_pages/index.html.orb within layouts/application (Duration: 48.9ms | GC: 24.0ms)
  Rendered layout layouts/application.html.erb (Duration: 50.2ms | GC: 24.0ms)
Completed 200 OK in 51ms (Views: 50.4ms | ActiveRecord: 0.0ms (0 queries, 0 cached) | GC: 24.0ms)


Started GET "/.well-known/appspecific/com.chrome.devtools.json" for ::1 at 2025-12-01 10:16:32 +0100
  
ActionController::RoutingError (No route matches [GET] "/.well-known/appspecific/com.chrome.devtools.json"):
  
Started GET "/" for ::1 at 2025-12-01 10:17:38 +0100
Processing by StaticPagesController#index as HTML
  Rendering layout layouts/application.html.erb
  Rendering static_pages/index.html.orb within layouts/application
  Rendered static_pages/index.html.orb within layouts/application (Duration: 32.9ms | GC: 10.3ms)
  Rendered layout layouts/application.html.erb (Duration: 35.0ms | GC: 10.5ms)
Completed 200 OK in 36ms (Views: 35.2ms | ActiveRecord: 0.0ms (0 queries, 0 cached) | GC: 10.5ms)


Started GET "/.well-known/appspecific/com.chrome.devtools.json" for ::1 at 2025-12-01 10:17:38 +0100
  
ActionController::RoutingError (No route matches [GET] "/.well-known/appspecific/com.chrome.devtools.json"):
  
Started GET "/" for ::1 at 2025-12-01 10:19:41 +0100
Processing by StaticPagesController#index as HTML
  Rendering layout layouts/application.html.erb
  Rendering static_pages/index.html.orb within layouts/application
  Rendered static_pages/index.html.orb within layouts/application (Duration: 39.3ms | GC: 3.4ms)
  Rendered layout layouts/application.html.erb (Duration: 40.2ms | GC: 3.4ms)
Completed 200 OK in 42ms (Views: 41.2ms | ActiveRecord: 0.0ms (0 queries, 0 cached) | GC: 3.4ms)


Started GET "/.well-known/appspecific/com.chrome.devtools.json" for ::1 at 2025-12-01 10:19:41 +0100
  
ActionController::RoutingError (No route matches [GET] "/.well-known/appspecific/com.chrome.devtools.json"):
  
Started GET "/" for ::1 at 2025-12-01 10:20:07 +0100
Processing by StaticPagesController#index as HTML
  Rendering layout layouts/application.html.erb
  Rendering static_pages/index.html.orb within layouts/application
  Rendered static_pages/index.html.orb within layouts/application (Duration: 39.8ms | GC: 5.6ms)
  Rendered layout layouts/application.html.erb (Duration: 40.6ms | GC: 5.6ms)
Completed 200 OK in 43ms (Views: 41.4ms | ActiveRecord: 0.0ms (0 queries, 0 cached) | GC: 5.8ms)


Started GET "/.well-known/appspecific/com.chrome.devtools.json" for ::1 at 2025-12-01 10:20:07 +0100
  
ActionController::RoutingError (No route matches [GET] "/.well-known/appspecific/com.chrome.devtools.json"):
  
Started GET "/" for ::1 at 2025-12-01 10:20:55 +0100
Processing by StaticPagesController#index as HTML
  Rendering layout layouts/application.html.erb
  Rendering static_pages/index.html.orb within layouts/application
  Rendered static_pages/index.html.orb within layouts/application (Duration: 61.4ms | GC: 23.4ms)
  Rendered layout layouts/application.html.erb (Duration: 62.4ms | GC: 23.4ms)
Completed 200 OK in 64ms (Views: 63.3ms | ActiveRecord: 0.0ms (0 queries, 0 cached) | GC: 23.5ms)


Started GET "/.well-known/appspecific/com.chrome.devtools.json" for ::1 at 2025-12-01 10:20:55 +0100
  
ActionController::RoutingError (No route matches [GET] "/.well-known/appspecific/com.chrome.devtools.json"):
  
Started GET "/" for ::1 at 2025-12-01 10:21:47 +0100
Processing by StaticPagesController#index as HTML
  Rendering layout layouts/application.html.erb
  Rendering static_pages/index.html.orb within layouts/application
  Rendered static_pages/index.html.orb within layouts/application (Duration: 27.3ms | GC: 4.6ms)
  Rendered layout layouts/application.html.erb (Duration: 29.1ms | GC: 4.6ms)
Completed 200 OK in 30ms (Views: 29.4ms | ActiveRecord: 0.0ms (0 queries, 0 cached) | GC: 4.6ms)


Started GET "/.well-known/appspecific/com.chrome.devtools.json" for ::1 at 2025-12-01 10:21:47 +0100
  
ActionController::RoutingError (No route matches [GET] "/.well-known/appspecific/com.chrome.devtools.json"):
  
Started GET "/" for ::1 at 2025-12-01 10:22:10 +0100
Processing by StaticPagesController#index as HTML
  Rendering layout layouts/application.html.erb
  Rendering static_pages/index.html.orb within layouts/application
  Rendered static_pages/index.html.orb within layouts/application (Duration: 44.6ms | GC: 3.6ms)
  Rendered layout layouts/application.html.erb (Duration: 45.5ms | GC: 3.6ms)
Completed 200 OK in 47ms (Views: 46.5ms | ActiveRecord: 0.0ms (0 queries, 0 cached) | GC: 3.6ms)


Started GET "/.well-known/appspecific/com.chrome.devtools.json" for ::1 at 2025-12-01 10:22:10 +0100
  
ActionController::RoutingError (No route matches [GET] "/.well-known/appspecific/com.chrome.devtools.json"):
  
Started GET "/" for ::1 at 2025-12-01 10:22:25 +0100
Processing by StaticPagesController#index as HTML
  Rendering layout layouts/application.html.erb
  Rendering static_pages/index.html.orb within layouts/application
  Rendered static_pages/index.html.orb within layouts/application (Duration: 61.0ms | GC: 23.9ms)
  Rendered layout layouts/application.html.erb (Duration: 62.0ms | GC: 23.9ms)
Completed 200 OK in 66ms (Views: 64.5ms | ActiveRecord: 0.0ms (0 queries, 0 cached) | GC: 25.3ms)


Started GET "/.well-known/appspecific/com.chrome.devtools.json" for ::1 at 2025-12-01 10:22:25 +0100
  
ActionController::RoutingError (No route matches [GET] "/.well-known/appspecific/com.chrome.devtools.json"):
  
Started GET "/" for ::1 at 2025-12-01 10:22:30 +0100
Processing by StaticPagesController#index as HTML
  Rendering layout layouts/application.html.erb
  Rendering static_pages/index.html.orb within layouts/application
  Rendered static_pages/index.html.orb within layouts/application (Duration: 39.1ms | GC: 3.0ms)
  Rendered layout layouts/application.html.erb (Duration: 40.0ms | GC: 3.0ms)
Completed 200 OK in 42ms (Views: 40.7ms | ActiveRecord: 0.0ms (0 queries, 0 cached) | GC: 3.1ms)


Started GET "/.well-known/appspecific/com.chrome.devtools.json" for ::1 at 2025-12-01 10:22:31 +0100
  
ActionController::RoutingError (No route matches [GET] "/.well-known/appspecific/com.chrome.devtools.json"):
  
Started GET "/" for ::1 at 2025-12-01 10:23:40 +0100
Processing by StaticPagesController#index as HTML
  Rendering layout layouts/application.html.erb
  Rendering static_pages/index.html.orb within layouts/application
  Rendered static_pages/index.html.orb within layouts/application (Duration: 29.4ms | GC: 5.4ms)
  Rendered layout layouts/application.html.erb (Duration: 31.2ms | GC: 5.4ms)
Completed 200 OK in 32ms (Views: 31.5ms | ActiveRecord: 0.0ms (0 queries, 0 cached) | GC: 5.4ms)


Started GET "/.well-known/appspecific/com.chrome.devtools.json" for ::1 at 2025-12-01 10:23:40 +0100
  
ActionController::RoutingError (No route matches [GET] "/.well-known/appspecific/com.chrome.devtools.json"):
  
Started GET "/" for ::1 at 2025-12-01 10:23:48 +0100
Processing by StaticPagesController#index as HTML
  Rendering layout layouts/application.html.erb
  Rendering static_pages/index.html.orb within layouts/application
  Rendered static_pages/index.html.orb within layouts/application (Duration: 26.4ms | GC: 3.3ms)
  Rendered layout layouts/application.html.erb (Duration: 27.7ms | GC: 3.3ms)
Completed 200 OK in 29ms (Views: 27.9ms | ActiveRecord: 0.0ms (0 queries, 0 cached) | GC: 3.3ms)


Started GET "/.well-known/appspecific/com.chrome.devtools.json" for ::1 at 2025-12-01 10:23:48 +0100
  
ActionController::RoutingError (No route matches [GET] "/.well-known/appspecific/com.chrome.devtools.json"):
  
Started GET "/" for ::1 at 2025-12-01 10:23:53 +0100
Processing by StaticPagesController#index as HTML
  Rendering layout layouts/application.html.erb
  Rendering static_pages/index.html.orb within layouts/application
  Rendered static_pages/index.html.orb within layouts/application (Duration: 26.3ms | GC: 2.8ms)
  Rendered layout layouts/application.html.erb (Duration: 27.6ms | GC: 2.8ms)
Completed 200 OK in 28ms (Views: 27.8ms | ActiveRecord: 0.0ms (0 queries, 0 cached) | GC: 2.8ms)


Started GET "/.well-known/appspecific/com.chrome.devtools.json" for ::1 at 2025-12-01 10:23:53 +0100
  
ActionController::RoutingError (No route matches [GET] "/.well-known/appspecific/com.chrome.devtools.json"):
  
Started GET "/" for ::1 at 2025-12-01 10:24:00 +0100
Processing by StaticPagesController#index as HTML
  Rendering layout layouts/application.html.erb
  Rendering static_pages/index.html.orb within layouts/application
  Rendered static_pages/index.html.orb within layouts/application (Duration: 42.5ms | GC: 18.1ms)
  Rendered layout layouts/application.html.erb (Duration: 44.0ms | GC: 18.2ms)
Completed 200 OK in 45ms (Views: 44.3ms | ActiveRecord: 0.0ms (0 queries, 0 cached) | GC: 18.2ms)


Started GET "/.well-known/appspecific/com.chrome.devtools.json" for ::1 at 2025-12-01 10:24:00 +0100
  
ActionController::RoutingError (No route matches [GET] "/.well-known/appspecific/com.chrome.devtools.json"):
  
Started GET "/" for ::1 at 2025-12-01 10:24:26 +0100
Processing by StaticPagesController#index as HTML
  Rendering layout layouts/application.html.erb
  Rendering static_pages/index.html.orb within layouts/application
  Rendered static_pages/index.html.orb within layouts/application (Duration: 42.9ms | GC: 2.8ms)
  Rendered layout layouts/application.html.erb (Duration: 43.7ms | GC: 2.8ms)
Completed 200 OK in 46ms (Views: 44.7ms | ActiveRecord: 0.0ms (0 queries, 0 cached) | GC: 2.8ms)


Started GET "/.well-known/appspecific/com.chrome.devtools.json" for ::1 at 2025-12-01 10:24:26 +0100
  
ActionController::RoutingError (No route matches [GET] "/.well-known/appspecific/com.chrome.devtools.json"):
  
Started GET "/" for ::1 at 2025-12-01 10:24:41 +0100
Processing by StaticPagesController#index as HTML
  Rendering layout layouts/application.html.erb
  Rendering static_pages/index.html.orb within layouts/application
  Rendered static_pages/index.html.orb within layouts/application (Duration: 29.5ms | GC: 5.4ms)
  Rendered layout layouts/application.html.erb (Duration: 31.3ms | GC: 5.4ms)
Completed 200 OK in 32ms (Views: 31.6ms | ActiveRecord: 0.0ms (0 queries, 0 cached) | GC: 5.4ms)


Started GET "/.well-known/appspecific/com.chrome.devtools.json" for ::1 at 2025-12-01 10:24:41 +0100
  
ActionController::RoutingError (No route matches [GET] "/.well-known/appspecific/com.chrome.devtools.json"):
  
Started GET "/" for ::1 at 2025-12-01 10:24:50 +0100
Processing by StaticPagesController#index as HTML
  Rendering layout layouts/application.html.erb
  Rendering static_pages/index.html.orb within layouts/application
  Rendered static_pages/index.html.orb within layouts/application (Duration: 40.7ms | GC: 13.6ms)
  Rendered layout layouts/application.html.erb (Duration: 43.2ms | GC: 14.5ms)
Completed 200 OK in 44ms (Views: 43.5ms | ActiveRecord: 0.0ms (0 queries, 0 cached) | GC: 14.5ms)


Started GET "/.well-known/appspecific/com.chrome.devtools.json" for ::1 at 2025-12-01 10:24:51 +0100
  
ActionController::RoutingError (No route matches [GET] "/.well-known/appspecific/com.chrome.devtools.json"):
  
Started GET "/" for ::1 at 2025-12-01 10:25:30 +0100
Processing by StaticPagesController#index as HTML
  Rendering layout layouts/application.html.erb
  Rendering static_pages/index.html.orb within layouts/application
  Rendered static_pages/index.html.orb within layouts/application (Duration: 45.2ms | GC: 3.8ms)
  Rendered layout layouts/application.html.erb (Duration: 46.6ms | GC: 3.8ms)
Completed 200 OK in 51ms (Views: 47.7ms | ActiveRecord: 0.0ms (0 queries, 0 cached) | GC: 5.6ms)


Started GET "/.well-known/appspecific/com.chrome.devtools.json" for ::1 at 2025-12-01 10:25:30 +0100
  
ActionController::RoutingError (No route matches [GET] "/.well-known/appspecific/com.chrome.devtools.json"):
  
Started GET "/" for ::1 at 2025-12-01 10:25:34 +0100
Processing by StaticPagesController#index as HTML
  Rendering layout layouts/application.html.erb
  Rendering static_pages/index.html.orb within layouts/application
  Rendered static_pages/index.html.orb within layouts/application (Duration: 41.2ms | GC: 4.6ms)
  Rendered layout layouts/application.html.erb (Duration: 42.6ms | GC: 4.6ms)
Completed 200 OK in 44ms (Views: 43.3ms | ActiveRecord: 0.0ms (0 queries, 0 cached) | GC: 4.6ms)


Started GET "/.well-known/appspecific/com.chrome.devtools.json" for ::1 at 2025-12-01 10:25:34 +0100
  
ActionController::RoutingError (No route matches [GET] "/.well-known/appspecific/com.chrome.devtools.json"):
  
Started GET "/" for ::1 at 2025-12-01 10:25:39 +0100
Processing by StaticPagesController#index as HTML
  Rendering layout layouts/application.html.erb
  Rendering static_pages/index.html.orb within layouts/application
  Rendered static_pages/index.html.orb within layouts/application (Duration: 44.0ms | GC: 3.8ms)
  Rendered layout layouts/application.html.erb (Duration: 45.8ms | GC: 3.8ms)
Completed 200 OK in 48ms (Views: 46.7ms | ActiveRecord: 0.0ms (0 queries, 0 cached) | GC: 3.8ms)


Started GET "/.well-known/appspecific/com.chrome.devtools.json" for ::1 at 2025-12-01 10:25:39 +0100
  
ActionController::RoutingError (No route matches [GET] "/.well-known/appspecific/com.chrome.devtools.json"):
  
Started GET "/" for ::1 at 2025-12-01 10:26:28 +0100
Processing by StaticPagesController#index as HTML
  Rendering layout layouts/application.html.erb
  Rendering static_pages/index.html.orb within layouts/application
  Rendered static_pages/index.html.orb within layouts/application (Duration: 47.0ms | GC: 6.1ms)
  Rendered layout layouts/application.html.erb (Duration: 48.0ms | GC: 6.3ms)
Completed 200 OK in 50ms (Views: 49.0ms | ActiveRecord: 0.0ms (0 queries, 0 cached) | GC: 6.3ms)


Started GET "/.well-known/appspecific/com.chrome.devtools.json" for ::1 at 2025-12-01 10:26:28 +0100
  
ActionController::RoutingError (No route matches [GET] "/.well-known/appspecific/com.chrome.devtools.json"):
  
Started GET "/" for ::1 at 2025-12-01 10:26:39 +0100
Processing by StaticPagesController#index as HTML
  Rendering layout layouts/application.html.erb
  Rendering static_pages/index.html.orb within layouts/application
  Rendered static_pages/index.html.orb within layouts/application (Duration: 66.5ms | GC: 25.9ms)
  Rendered layout layouts/application.html.erb (Duration: 67.7ms | GC: 26.3ms)
Completed 200 OK in 69ms (Views: 68.5ms | ActiveRecord: 0.0ms (0 queries, 0 cached) | GC: 26.3ms)


Started GET "/.well-known/appspecific/com.chrome.devtools.json" for ::1 at 2025-12-01 10:26:39 +0100
  
ActionController::RoutingError (No route matches [GET] "/.well-known/appspecific/com.chrome.devtools.json"):
  
Started GET "/" for ::1 at 2025-12-01 10:26:52 +0100
Processing by StaticPagesController#index as HTML
  Rendering layout layouts/application.html.erb
  Rendering static_pages/index.html.orb within layouts/application
  Rendered static_pages/index.html.orb within layouts/application (Duration: 39.7ms | GC: 3.1ms)
  Rendered layout layouts/application.html.erb (Duration: 40.5ms | GC: 3.1ms)
Completed 200 OK in 43ms (Views: 41.6ms | ActiveRecord: 0.0ms (0 queries, 0 cached) | GC: 3.1ms)


Started GET "/.well-known/appspecific/com.chrome.devtools.json" for ::1 at 2025-12-01 10:26:52 +0100
  
ActionController::RoutingError (No route matches [GET] "/.well-known/appspecific/com.chrome.devtools.json"):
  
Started GET "/" for ::1 at 2025-12-01 10:28:12 +0100
Processing by StaticPagesController#index as HTML
  Rendering layout layouts/application.html.erb
  Rendering static_pages/index.html.orb within layouts/application
  Rendered static_pages/index.html.orb within layouts/application (Duration: 46.7ms | GC: 6.2ms)
  Rendered layout layouts/application.html.erb (Duration: 47.6ms | GC: 6.3ms)
Completed 200 OK in 49ms (Views: 48.3ms | ActiveRecord: 0.0ms (0 queries, 0 cached) | GC: 6.3ms)


Started GET "/.well-known/appspecific/com.chrome.devtools.json" for ::1 at 2025-12-01 10:28:12 +0100
  
ActionController::RoutingError (No route matches [GET] "/.well-known/appspecific/com.chrome.devtools.json"):
  
Started GET "/" for ::1 at 2025-12-01 10:32:14 +0100
Processing by StaticPagesController#index as HTML
  Rendering layout layouts/application.html.erb
  Rendering static_pages/index.html.orb within layouts/application
  Rendered static_pages/index.html.orb within layouts/application (Duration: 50.7ms | GC: 7.4ms)
  Rendered layout layouts/application.html.erb (Duration: 51.5ms | GC: 7.4ms)
Completed 200 OK in 54ms (Views: 52.5ms | ActiveRecord: 0.0ms (0 queries, 0 cached) | GC: 7.4ms)


Started GET "/.well-known/appspecific/com.chrome.devtools.json" for ::1 at 2025-12-01 10:32:14 +0100
  
ActionController::RoutingError (No route matches [GET] "/.well-known/appspecific/com.chrome.devtools.json"):
  
Started GET "/" for ::1 at 2025-12-01 10:32:18 +0100
Processing by StaticPagesController#index as HTML
  Rendering layout layouts/application.html.erb
  Rendering static_pages/index.html.orb within layouts/application
  Rendered static_pages/index.html.orb within layouts/application (Duration: 86.7ms | GC: 6.4ms)
  Rendered layout layouts/application.html.erb (Duration: 89.0ms | GC: 6.6ms)
Completed 200 OK in 96ms (Views: 93.0ms | ActiveRecord: 0.0ms (0 queries, 0 cached) | GC: 6.6ms)


Started GET "/.well-known/appspecific/com.chrome.devtools.json" for ::1 at 2025-12-01 10:32:18 +0100
  
ActionController::RoutingError (No route matches [GET] "/.well-known/appspecific/com.chrome.devtools.json"):
  
Started GET "/" for ::1 at 2025-12-01 10:32:37 +0100
Processing by StaticPagesController#index as HTML
  Rendering layout layouts/application.html.erb
  Rendering static_pages/index.html.orb within layouts/application
  Rendered static_pages/index.html.orb within layouts/application (Duration: 49.7ms | GC: 5.1ms)
  Rendered layout layouts/application.html.erb (Duration: 50.7ms | GC: 5.1ms)
Completed 200 OK in 55ms (Views: 52.1ms | ActiveRecord: 0.0ms (0 queries, 0 cached) | GC: 5.3ms)


Started GET "/.well-known/appspecific/com.chrome.devtools.json" for ::1 at 2025-12-01 10:32:37 +0100
  
ActionController::RoutingError (No route matches [GET] "/.well-known/appspecific/com.chrome.devtools.json"):
  
Started GET "/" for ::1 at 2025-12-01 10:32:52 +0100
Processing by StaticPagesController#index as HTML
  Rendering layout layouts/application.html.erb
  Rendering static_pages/index.html.orb within layouts/application
  Rendered static_pages/index.html.orb within layouts/application (Duration: 111.4ms | GC: 30.2ms)
  Rendered layout layouts/application.html.erb (Duration: 112.5ms | GC: 30.2ms)
Completed 200 OK in 117ms (Views: 115.6ms | ActiveRecord: 0.0ms (0 queries, 0 cached) | GC: 30.2ms)


Started GET "/.well-known/appspecific/com.chrome.devtools.json" for ::1 at 2025-12-01 10:32:52 +0100
  
ActionController::RoutingError (No route matches [GET] "/.well-known/appspecific/com.chrome.devtools.json"):
  
Started GET "/" for ::1 at 2025-12-01 10:32:55 +0100
Processing by StaticPagesController#index as HTML
  Rendering layout layouts/application.html.erb
  Rendering static_pages/index.html.orb within layouts/application
  Rendered static_pages/index.html.orb within layouts/application (Duration: 83.5ms | GC: 3.4ms)
  Rendered layout layouts/application.html.erb (Duration: 84.6ms | GC: 3.4ms)
Completed 200 OK in 86ms (Views: 85.3ms | ActiveRecord: 0.0ms (0 queries, 0 cached) | GC: 3.4ms)


Started GET "/.well-known/appspecific/com.chrome.devtools.json" for ::1 at 2025-12-01 10:32:55 +0100
  
ActionController::RoutingError (No route matches [GET] "/.well-known/appspecific/com.chrome.devtools.json"):
  
Started GET "/" for ::1 at 2025-12-01 10:33:31 +0100
Processing by StaticPagesController#index as HTML
  Rendering layout layouts/application.html.erb
  Rendering static_pages/index.html.orb within layouts/application
  Rendered static_pages/index.html.orb within layouts/application (Duration: 98.5ms | GC: 4.2ms)
  Rendered layout layouts/application.html.erb (Duration: 98.6ms | GC: 4.2ms)
Completed 500 Internal Server Error in 100ms (ActiveRecord: 0.0ms (0 queries, 0 cached) | GC: 4.2ms)


  
ArgumentError (Reported error must be an Exception, got: #<SyntaxError:"/Volumes/Work/Scratch/orbital/orbital/app/components/orbital/heading.rb:42: syntax errors found\n  \e[2m40 | \e[m    when :xl\n  \e[2m41 | \e[m      \"text-heading-xl\"\n\e[1;31m> \e[m\e[2m42 | \e[m    when :2xl\n  \e[2m   | \e[m          \e[1;31m^\e[m expected a delimiter after the predicates of a `when` clause\n  \e[2m   | \e[m          \e[1;31m^\e[m invalid symbol\n  \e[2m   | \e[m           \e[1;31m^~\e[m unexpected local variable or method, expecting end-of-input\n  \e[2m43 | \e[m      \"text-heading-2xl\"\n\e[1;31m> \e[m\e[2m44 | \e[m    when :3xl\n  \e[2m   | \e[m          \e[1;31m^\e[m expected a delimiter after the predicates of a `when` clause\n  \e[2m   | \e[m          \e[1;31m^\e[m invalid symbol\n  \e[2m   | \e[m           \e[1;31m^~\e[m unexpected local variable or method, expecting end-of-input\n  \e[2m45 | \e[m      \"text-heading-3xl\"\n\e[1;31m> \e[m\e[2m46 | \e[m    when :4xl\n  \e[2m   | \e[m          \e[1;31m^\e[m expected a delimiter after the predicates of a `when` clause\n  \e[2m   | \e[m          \e[1;31m^\e[m invalid symbol\n  \e[2m   | \e[m           \e[1;31m^~\e[m unexpected local variable or method, expecting end-of-input\n  \e[2m47 | \e[m      \"text-heading-4xl\"\n  \e[2m48 | \e[m    end\n">)
Caused by: SyntaxError (/Volumes/Work/Scratch/orbital/orbital/app/components/orbital/heading.rb:42: syntax errors found
  [2m40 | [m    when :xl
  [2m41 | [m      "text-heading-xl"
[1;31m> [m[2m42 | [m    when :2xl
  [2m   | [m          [1;31m^[m expected a delimiter after the predicates of a `when` clause
  [2m   | [m          [1;31m^[m invalid symbol
  [2m   | [m           [1;31m^~[m unexpected local variable or method, expecting end-of-input
  [2m43 | [m      "text-heading-2xl"
[1;31m> [m[2m44 | [m    when :3xl
  [2m   | [m          [1;31m^[m expected a delimiter after the predicates of a `when` clause
  [2m   | [m          [1;31m^[m invalid symbol
  [2m   | [m           [1;31m^~[m unexpected local variable or method, expecting end-of-input
  [2m45 | [m      "text-heading-3xl"
[1;31m> [m[2m46 | [m    when :4xl
  [2m   | [m          [1;31m^[m expected a delimiter after the predicates of a `when` clause
  [2m   | [m          [1;31m^[m invalid symbol
  [2m   | [m           [1;31m^~[m unexpected local variable or method, expecting end-of-input
  [2m47 | [m      "text-heading-4xl"
  [2m48 | [m    end
)

Information for: ArgumentError (Reported error must be an Exception, got: #<SyntaxError:"/Volumes/Work/Scratch/orbital/orbital/app/components/orbital/heading.rb:42: syntax errors found\n  \e[2m40 | \e[m    when :xl\n  \e[2m41 | \e[m      \"text-heading-xl\"\n\e[1;31m> \e[m\e[2m42 | \e[m    when :2xl\n  \e[2m   | \e[m          \e[1;31m^\e[m expected a delimiter after the predicates of a `when` clause\n  \e[2m   | \e[m          \e[1;31m^\e[m invalid symbol\n  \e[2m   | \e[m           \e[1;31m^~\e[m unexpected local variable or method, expecting end-of-input\n  \e[2m43 | \e[m      \"text-heading-2xl\"\n\e[1;31m> \e[m\e[2m44 | \e[m    when :3xl\n  \e[2m   | \e[m          \e[1;31m^\e[m expected a delimiter after the predicates of a `when` clause\n  \e[2m   | \e[m          \e[1;31m^\e[m invalid symbol\n  \e[2m   | \e[m           \e[1;31m^~\e[m unexpected local variable or method, expecting end-of-input\n  \e[2m45 | \e[m      \"text-heading-3xl\"\n\e[1;31m> \e[m\e[2m46 | \e[m    when :4xl\n  \e[2m   | \e[m          \e[1;31m^\e[m expected a delimiter after the predicates of a `when` clause\n  \e[2m   | \e[m          \e[1;31m^\e[m invalid symbol\n  \e[2m   | \e[m           \e[1;31m^~\e[m unexpected local variable or method, expecting end-of-input\n  \e[2m47 | \e[m      \"text-heading-4xl\"\n  \e[2m48 | \e[m    end\n">):
  
activesupport (8.1.1) lib/active_support/error_reporter.rb:235:in 'ActiveSupport::ErrorReporter#report'
actionpack (8.1.1) lib/action_dispatch/middleware/executor.rb:36:in 'ActionDispatch::Executor#call'
actionpack (8.1.1) lib/action_dispatch/middleware/actionable_exceptions.rb:18:in 'ActionDispatch::ActionableExceptions#call'
actionpack (8.1.1) lib/action_dispatch/middleware/debug_exceptions.rb:31:in 'ActionDispatch::DebugExceptions#call'
web-console (4.2.1) lib/web_console/middleware.rb:132:in 'WebConsole::Middleware#call_app'
web-console (4.2.1) lib/web_console/middleware.rb:28:in 'block in WebConsole::Middleware#call'
web-console (4.2.1) lib/web_console/middleware.rb:17:in 'Kernel#catch'
web-console (4.2.1) lib/web_console/middleware.rb:17:in 'WebConsole::Middleware#call'
actionpack (8.1.1) lib/action_dispatch/middleware/show_exceptions.rb:32:in 'ActionDispatch::ShowExceptions#call'
railties (8.1.1) lib/rails/rack/logger.rb:41:in 'Rails::Rack::Logger#call_app'
railties (8.1.1) lib/rails/rack/logger.rb:29:in 'Rails::Rack::Logger#call'
propshaft (1.3.1) lib/propshaft/quiet_assets.rb:11:in 'Propshaft::QuietAssets#call'
actionpack (8.1.1) lib/action_dispatch/middleware/remote_ip.rb:98:in 'ActionDispatch::RemoteIp#call'
actionpack (8.1.1) lib/action_dispatch/middleware/request_id.rb:34:in 'ActionDispatch::RequestId#call'
rack (3.2.4) lib/rack/method_override.rb:28:in 'Rack::MethodOverride#call'
rack (3.2.4) lib/rack/runtime.rb:24:in 'Rack::Runtime#call'
actionpack (8.1.1) lib/action_dispatch/middleware/server_timing.rb:61:in 'block in ActionDispatch::ServerTiming#call'
actionpack (8.1.1) lib/action_dispatch/middleware/server_timing.rb:26:in 'ActionDispatch::ServerTiming::Subscriber#collect_events'
actionpack (8.1.1) lib/action_dispatch/middleware/server_timing.rb:60:in 'ActionDispatch::ServerTiming#call'
actionpack (8.1.1) lib/action_dispatch/middleware/executor.rb:20:in 'ActionDispatch::Executor#call'
propshaft (1.3.1) lib/propshaft/server.rb:37:in 'Propshaft::Server#call'
actionpack (8.1.1) lib/action_dispatch/middleware/static.rb:27:in 'ActionDispatch::Static#call'
rack (3.2.4) lib/rack/sendfile.rb:131:in 'Rack::Sendfile#call'
actionpack (8.1.1) lib/action_dispatch/middleware/host_authorization.rb:143:in 'ActionDispatch::HostAuthorization#call'
railties (8.1.1) lib/rails/engine.rb:534:in 'Rails::Engine#call'
puma (7.1.0) lib/puma/configuration.rb:300:in 'Puma::Configuration::ConfigMiddleware#call'
puma (7.1.0) lib/puma/request.rb:101:in 'block in Puma::Request#handle_request'
puma (7.1.0) lib/puma/thread_pool.rb:355:in 'Puma::ThreadPool#with_force_shutdown'
puma (7.1.0) lib/puma/request.rb:100:in 'Puma::Request#handle_request'
puma (7.1.0) lib/puma/server.rb:503:in 'Puma::Server#process_client'
puma (7.1.0) lib/puma/server.rb:262:in 'block in Puma::Server#run'
puma (7.1.0) lib/puma/thread_pool.rb:182:in 'block in Puma::ThreadPool#spawn_thread'

Information for cause: SyntaxError (/Volumes/Work/Scratch/orbital/orbital/app/components/orbital/heading.rb:42: syntax errors found
  [2m40 | [m    when :xl
  [2m41 | [m      "text-heading-xl"
[1;31m> [m[2m42 | [m    when :2xl
  [2m   | [m          [1;31m^[m expected a delimiter after the predicates of a `when` clause
  [2m   | [m          [1;31m^[m invalid symbol
  [2m   | [m           [1;31m^~[m unexpected local variable or method, expecting end-of-input
  [2m43 | [m      "text-heading-2xl"
[1;31m> [m[2m44 | [m    when :3xl
  [2m   | [m          [1;31m^[m expected a delimiter after the predicates of a `when` clause
  [2m   | [m          [1;31m^[m invalid symbol
  [2m   | [m           [1;31m^~[m unexpected local variable or method, expecting end-of-input
  [2m45 | [m      "text-heading-3xl"
[1;31m> [m[2m46 | [m    when :4xl
  [2m   | [m          [1;31m^[m expected a delimiter after the predicates of a `when` clause
  [2m   | [m          [1;31m^[m invalid symbol
  [2m   | [m           [1;31m^~[m unexpected local variable or method, expecting end-of-input
  [2m47 | [m      "text-heading-4xl"
  [2m48 | [m    end
):
  
app/views/static_pages/index.html.orb:27
app/components/demo/hero.rb:9:in 'Demo::Hero#call'
app/views/static_pages/index.html.orb:25
app/components/demo/app_frame.rb:43:in 'block (2 levels) in Demo::AppFrame#call'
app/components/demo/page.rb:13:in 'Demo::Page#call'
app/components/demo/app_frame.rb:6:in 'block in Demo::AppFrame#call'
app/components/demo/app_frame.rb:5:in 'Demo::AppFrame#call'
app/views/static_pages/index.html.orb:1
Started GET "/.well-known/appspecific/com.chrome.devtools.json" for ::1 at 2025-12-01 10:33:31 +0100
  
ActionController::RoutingError (No route matches [GET] "/.well-known/appspecific/com.chrome.devtools.json"):
  
Started GET "/favicon.ico" for ::1 at 2025-12-01 10:33:32 +0100
  
ActionController::RoutingError (No route matches [GET] "/favicon.ico"):
  
Started GET "/" for ::1 at 2025-12-01 10:33:52 +0100
Processing by StaticPagesController#index as HTML
  Rendering layout layouts/application.html.erb
  Rendering static_pages/index.html.orb within layouts/application
  Rendered static_pages/index.html.orb within layouts/application (Duration: 42.3ms | GC: 4.3ms)
  Rendered layout layouts/application.html.erb (Duration: 43.7ms | GC: 4.3ms)
Completed 200 OK in 45ms (Views: 44.5ms | ActiveRecord: 0.0ms (0 queries, 0 cached) | GC: 4.3ms)


Started GET "/.well-known/appspecific/com.chrome.devtools.json" for ::1 at 2025-12-01 10:33:52 +0100
  
ActionController::RoutingError (No route matches [GET] "/.well-known/appspecific/com.chrome.devtools.json"):
  
Started GET "/" for ::1 at 2025-12-01 10:34:00 +0100
Processing by StaticPagesController#index as HTML
  Rendering layout layouts/application.html.erb
  Rendering static_pages/index.html.orb within layouts/application
  Rendered static_pages/index.html.orb within layouts/application (Duration: 42.8ms | GC: 4.5ms)
  Rendered layout layouts/application.html.erb (Duration: 43.7ms | GC: 4.5ms)
Completed 200 OK in 45ms (Views: 44.4ms | ActiveRecord: 0.0ms (0 queries, 0 cached) | GC: 4.5ms)


Started GET "/.well-known/appspecific/com.chrome.devtools.json" for ::1 at 2025-12-01 10:34:00 +0100
  
ActionController::RoutingError (No route matches [GET] "/.well-known/appspecific/com.chrome.devtools.json"):
  
Started GET "/" for ::1 at 2025-12-01 10:34:15 +0100
Processing by StaticPagesController#index as HTML
  Rendering layout layouts/application.html.erb
  Rendering static_pages/index.html.orb within layouts/application
  Rendered static_pages/index.html.orb within layouts/application (Duration: 41.5ms | GC: 3.8ms)
  Rendered layout layouts/application.html.erb (Duration: 42.3ms | GC: 3.8ms)
Completed 200 OK in 44ms (Views: 43.5ms | ActiveRecord: 0.0ms (0 queries, 0 cached) | GC: 3.8ms)


Started GET "/.well-known/appspecific/com.chrome.devtools.json" for ::1 at 2025-12-01 10:34:15 +0100
  
ActionController::RoutingError (No route matches [GET] "/.well-known/appspecific/com.chrome.devtools.json"):
  
Started GET "/" for ::1 at 2025-12-01 10:34:23 +0100
Processing by StaticPagesController#index as HTML
  Rendering layout layouts/application.html.erb
  Rendering static_pages/index.html.orb within layouts/application
  Rendered static_pages/index.html.orb within layouts/application (Duration: 44.5ms | GC: 3.8ms)
  Rendered layout layouts/application.html.erb (Duration: 46.0ms | GC: 3.8ms)
Completed 200 OK in 48ms (Views: 47.1ms | ActiveRecord: 0.0ms (0 queries, 0 cached) | GC: 3.8ms)


Started GET "/.well-known/appspecific/com.chrome.devtools.json" for ::1 at 2025-12-01 10:34:24 +0100
  
ActionController::RoutingError (No route matches [GET] "/.well-known/appspecific/com.chrome.devtools.json"):
  
Started GET "/" for ::1 at 2025-12-01 10:34:50 +0100
Processing by StaticPagesController#index as HTML
  Rendering layout layouts/application.html.erb
  Rendering static_pages/index.html.orb within layouts/application
  Rendered static_pages/index.html.orb within layouts/application (Duration: 54.3ms | GC: 13.7ms)
  Rendered layout layouts/application.html.erb (Duration: 56.1ms | GC: 14.6ms)
Completed 200 OK in 58ms (Views: 57.2ms | ActiveRecord: 0.0ms (0 queries, 0 cached) | GC: 14.9ms)


Started GET "/.well-known/appspecific/com.chrome.devtools.json" for ::1 at 2025-12-01 10:34:50 +0100
  
ActionController::RoutingError (No route matches [GET] "/.well-known/appspecific/com.chrome.devtools.json"):
  
Started GET "/" for ::1 at 2025-12-01 10:35:39 +0100
Processing by StaticPagesController#index as HTML
  Rendering layout layouts/application.html.erb
  Rendering static_pages/index.html.orb within layouts/application
  Rendered static_pages/index.html.orb within layouts/application (Duration: 37.4ms | GC: 2.1ms)
  Rendered layout layouts/application.html.erb (Duration: 38.2ms | GC: 2.1ms)
Completed 200 OK in 40ms (Views: 39.3ms | ActiveRecord: 0.0ms (0 queries, 0 cached) | GC: 2.1ms)


Started GET "/.well-known/appspecific/com.chrome.devtools.json" for ::1 at 2025-12-01 10:35:39 +0100
  
ActionController::RoutingError (No route matches [GET] "/.well-known/appspecific/com.chrome.devtools.json"):
  
Started GET "/" for ::1 at 2025-12-01 10:35:54 +0100
Processing by StaticPagesController#index as HTML
  Rendering layout layouts/application.html.erb
  Rendering static_pages/index.html.orb within layouts/application
  Rendered static_pages/index.html.orb within layouts/application (Duration: 37.4ms | GC: 4.3ms)
  Rendered layout layouts/application.html.erb (Duration: 38.3ms | GC: 4.3ms)
Completed 200 OK in 40ms (Views: 39.1ms | ActiveRecord: 0.0ms (0 queries, 0 cached) | GC: 4.3ms)


Started GET "/.well-known/appspecific/com.chrome.devtools.json" for ::1 at 2025-12-01 10:35:54 +0100
  
ActionController::RoutingError (No route matches [GET] "/.well-known/appspecific/com.chrome.devtools.json"):
  
Started GET "/" for ::1 at 2025-12-01 10:36:51 +0100
Processing by StaticPagesController#index as HTML
  Rendering layout layouts/application.html.erb
  Rendering static_pages/index.html.orb within layouts/application
  Rendered static_pages/index.html.orb within layouts/application (Duration: 35.9ms | GC: 3.6ms)
  Rendered layout layouts/application.html.erb (Duration: 36.7ms | GC: 3.6ms)
Completed 200 OK in 39ms (Views: 37.5ms | ActiveRecord: 0.0ms (0 queries, 0 cached) | GC: 3.6ms)


Started GET "/.well-known/appspecific/com.chrome.devtools.json" for ::1 at 2025-12-01 10:36:51 +0100
  
ActionController::RoutingError (No route matches [GET] "/.well-known/appspecific/com.chrome.devtools.json"):
  
Started GET "/" for ::1 at 2025-12-01 10:36:55 +0100
Processing by StaticPagesController#index as HTML
  Rendering layout layouts/application.html.erb
  Rendering static_pages/index.html.orb within layouts/application
  Rendered static_pages/index.html.orb within layouts/application (Duration: 33.3ms | GC: 1.6ms)
  Rendered layout layouts/application.html.erb (Duration: 34.1ms | GC: 1.6ms)
Completed 200 OK in 36ms (Views: 34.8ms | ActiveRecord: 0.0ms (0 queries, 0 cached) | GC: 1.6ms)


Started GET "/.well-known/appspecific/com.chrome.devtools.json" for ::1 at 2025-12-01 10:36:55 +0100
  
ActionController::RoutingError (No route matches [GET] "/.well-known/appspecific/com.chrome.devtools.json"):
  
Started GET "/" for ::1 at 2025-12-01 10:37:13 +0100
Processing by StaticPagesController#index as HTML
  Rendering layout layouts/application.html.erb
  Rendering static_pages/index.html.orb within layouts/application
  Rendered static_pages/index.html.orb within layouts/application (Duration: 46.5ms | GC: 13.2ms)
  Rendered layout layouts/application.html.erb (Duration: 48.1ms | GC: 13.2ms)
Completed 200 OK in 51ms (Views: 49.4ms | ActiveRecord: 0.0ms (0 queries, 0 cached) | GC: 14.0ms)


Started GET "/.well-known/appspecific/com.chrome.devtools.json" for ::1 at 2025-12-01 10:37:13 +0100
  
ActionController::RoutingError (No route matches [GET] "/.well-known/appspecific/com.chrome.devtools.json"):
  
Started GET "/" for ::1 at 2025-12-01 10:38:02 +0100
Processing by StaticPagesController#index as HTML
  Rendering layout layouts/application.html.erb
  Rendering static_pages/index.html.orb within layouts/application
  Rendered static_pages/index.html.orb within layouts/application (Duration: 35.1ms | GC: 1.8ms)
  Rendered layout layouts/application.html.erb (Duration: 35.8ms | GC: 1.8ms)
Completed 200 OK in 37ms (Views: 36.5ms | ActiveRecord: 0.0ms (0 queries, 0 cached) | GC: 1.8ms)


Started GET "/.well-known/appspecific/com.chrome.devtools.json" for ::1 at 2025-12-01 10:38:02 +0100
  
ActionController::RoutingError (No route matches [GET] "/.well-known/appspecific/com.chrome.devtools.json"):
  
Started GET "/" for ::1 at 2025-12-01 10:38:08 +0100
Processing by StaticPagesController#index as HTML
  Rendering layout layouts/application.html.erb
  Rendering static_pages/index.html.orb within layouts/application
  Rendered static_pages/index.html.orb within layouts/application (Duration: 115.8ms | GC: 4.8ms)
  Rendered layout layouts/application.html.erb (Duration: 116.7ms | GC: 4.8ms)
Completed 200 OK in 118ms (Views: 117.5ms | ActiveRecord: 0.0ms (0 queries, 0 cached) | GC: 4.8ms)


Started GET "/.well-known/appspecific/com.chrome.devtools.json" for ::1 at 2025-12-01 10:38:08 +0100
  
ActionController::RoutingError (No route matches [GET] "/.well-known/appspecific/com.chrome.devtools.json"):
  
Started GET "/" for ::1 at 2025-12-01 10:39:58 +0100
Processing by StaticPagesController#index as HTML
  Rendering layout layouts/application.html.erb
  Rendering static_pages/index.html.orb within layouts/application
  Rendered static_pages/index.html.orb within layouts/application (Duration: 37.8ms | GC: 14.8ms)
  Rendered layout layouts/application.html.erb (Duration: 39.7ms | GC: 14.8ms)
Completed 200 OK in 41ms (Views: 40.7ms | ActiveRecord: 0.0ms (0 queries, 0 cached) | GC: 15.5ms)


Started GET "/.well-known/appspecific/com.chrome.devtools.json" for ::1 at 2025-12-01 10:39:58 +0100
  
ActionController::RoutingError (No route matches [GET] "/.well-known/appspecific/com.chrome.devtools.json"):
  
Started GET "/" for ::1 at 2025-12-01 10:40:29 +0100
Processing by StaticPagesController#index as HTML
  Rendering layout layouts/application.html.erb
  Rendering static_pages/index.html.orb within layouts/application
  Rendered static_pages/index.html.orb within layouts/application (Duration: 39.8ms | GC: 1.0ms)
  Rendered layout layouts/application.html.erb (Duration: 40.7ms | GC: 1.0ms)
Completed 200 OK in 44ms (Views: 42.8ms | ActiveRecord: 0.0ms (0 queries, 0 cached) | GC: 1.4ms)


Started GET "/.well-known/appspecific/com.chrome.devtools.json" for ::1 at 2025-12-01 10:40:30 +0100
  
ActionController::RoutingError (No route matches [GET] "/.well-known/appspecific/com.chrome.devtools.json"):
  
Started GET "/" for ::1 at 2025-12-01 10:41:10 +0100
Processing by StaticPagesController#index as HTML
  Rendering layout layouts/application.html.erb
  Rendering static_pages/index.html.orb within layouts/application
  Rendered static_pages/index.html.orb within layouts/application (Duration: 22.8ms | GC: 1.6ms)
  Rendered layout layouts/application.html.erb (Duration: 24.6ms | GC: 1.6ms)
Completed 200 OK in 26ms (Views: 25.0ms | ActiveRecord: 0.0ms (0 queries, 0 cached) | GC: 1.7ms)


Started GET "/.well-known/appspecific/com.chrome.devtools.json" for ::1 at 2025-12-01 10:41:11 +0100
  
ActionController::RoutingError (No route matches [GET] "/.well-known/appspecific/com.chrome.devtools.json"):
  
Started GET "/" for ::1 at 2025-12-01 10:41:48 +0100
Processing by StaticPagesController#index as HTML
  Rendering layout layouts/application.html.erb
  Rendering static_pages/index.html.orb within layouts/application
  Rendered static_pages/index.html.orb within layouts/application (Duration: 46.5ms | GC: 7.0ms)
  Rendered layout layouts/application.html.erb (Duration: 47.3ms | GC: 7.0ms)
Completed 200 OK in 50ms (Views: 48.8ms | ActiveRecord: 0.0ms (0 queries, 0 cached) | GC: 7.0ms)


Started GET "/.well-known/appspecific/com.chrome.devtools.json" for ::1 at 2025-12-01 10:41:48 +0100
  
ActionController::RoutingError (No route matches [GET] "/.well-known/appspecific/com.chrome.devtools.json"):
  
Started GET "/" for ::1 at 2025-12-01 10:42:19 +0100
Processing by StaticPagesController#index as HTML
  Rendering layout layouts/application.html.erb
  Rendering static_pages/index.html.orb within layouts/application
  Rendered static_pages/index.html.orb within layouts/application (Duration: 42.7ms | GC: 5.0ms)
  Rendered layout layouts/application.html.erb (Duration: 43.7ms | GC: 5.0ms)
Completed 200 OK in 46ms (Views: 44.8ms | ActiveRecord: 0.0ms (0 queries, 0 cached) | GC: 5.0ms)


Started GET "/.well-known/appspecific/com.chrome.devtools.json" for ::1 at 2025-12-01 10:42:19 +0100
  
ActionController::RoutingError (No route matches [GET] "/.well-known/appspecific/com.chrome.devtools.json"):
  
Started GET "/" for ::1 at 2025-12-01 10:42:26 +0100
Processing by StaticPagesController#index as HTML
  Rendering layout layouts/application.html.erb
  Rendering static_pages/index.html.orb within layouts/application
  Rendered static_pages/index.html.orb within layouts/application (Duration: 39.5ms | GC: 4.3ms)
  Rendered layout layouts/application.html.erb (Duration: 40.3ms | GC: 4.3ms)
Completed 200 OK in 42ms (Views: 41.0ms | ActiveRecord: 0.0ms (0 queries, 0 cached) | GC: 4.3ms)


Started GET "/.well-known/appspecific/com.chrome.devtools.json" for ::1 at 2025-12-01 10:42:26 +0100
  
ActionController::RoutingError (No route matches [GET] "/.well-known/appspecific/com.chrome.devtools.json"):
  
  [1m[36mActiveRecord::SchemaMigration Load (0.1ms)[0m  [1m[34mSELECT "schema_migrations"."version" FROM "schema_migrations" ORDER BY "schema_migrations"."version" ASC /*application='Demo'*/[0m
Started GET "/" for ::1 at 2025-12-01 11:04:07 +0100
  [1m[36mActiveRecord::SchemaMigration Load (0.1ms)[0m  [1m[34mSELECT "schema_migrations"."version" FROM "schema_migrations" ORDER BY "schema_migrations"."version" ASC /*application='Demo'*/[0m
Processing by StaticPagesController#index as HTML
  Rendering layout layouts/application.html.erb
  Rendering static_pages/index.html.orb within layouts/application
  Rendered static_pages/index.html.orb within layouts/application (Duration: 52.2ms | GC: 0.0ms)
  Rendered layout layouts/application.html.erb (Duration: 56.5ms | GC: 0.0ms)
Completed 200 OK in 66ms (Views: 58.4ms | ActiveRecord: 0.0ms (0 queries, 0 cached) | GC: 0.0ms)


Started GET "/.well-known/appspecific/com.chrome.devtools.json" for ::1 at 2025-12-01 11:04:07 +0100
  
ActionController::RoutingError (No route matches [GET] "/.well-known/appspecific/com.chrome.devtools.json"):
  
Started GET "/" for ::1 at 2025-12-01 11:05:33 +0100
Processing by StaticPagesController#index as HTML
  Rendering layout layouts/application.html.erb
  Rendering static_pages/index.html.orb within layouts/application
  Rendered static_pages/index.html.orb within layouts/application (Duration: 97.4ms | GC: 12.6ms)
  Rendered layout layouts/application.html.erb (Duration: 98.9ms | GC: 12.6ms)
Completed 200 OK in 102ms (Views: 100.5ms | ActiveRecord: 0.0ms (0 queries, 0 cached) | GC: 12.8ms)


Started GET "/.well-known/appspecific/com.chrome.devtools.json" for ::1 at 2025-12-01 11:05:33 +0100
  
ActionController::RoutingError (No route matches [GET] "/.well-known/appspecific/com.chrome.devtools.json"):
  
Started GET "/" for ::1 at 2025-12-01 11:05:40 +0100
Processing by StaticPagesController#index as HTML
  Rendering layout layouts/application.html.erb
  Rendering static_pages/index.html.orb within layouts/application
  Rendered static_pages/index.html.orb within layouts/application (Duration: 34.1ms | GC: 5.6ms)
  Rendered layout layouts/application.html.erb (Duration: 36.1ms | GC: 6.1ms)
Completed 200 OK in 38ms (Views: 36.9ms | ActiveRecord: 0.0ms (0 queries, 0 cached) | GC: 6.1ms)


Started GET "/.well-known/appspecific/com.chrome.devtools.json" for ::1 at 2025-12-01 11:05:40 +0100
  
ActionController::RoutingError (No route matches [GET] "/.well-known/appspecific/com.chrome.devtools.json"):
  
Started GET "/" for ::1 at 2025-12-01 11:06:15 +0100
Processing by StaticPagesController#index as HTML
  Rendering layout layouts/application.html.erb
  Rendering static_pages/index.html.orb within layouts/application
  Rendered static_pages/index.html.orb within layouts/application (Duration: 33.6ms | GC: 3.9ms)
  Rendered layout layouts/application.html.erb (Duration: 34.3ms | GC: 3.9ms)
Completed 200 OK in 39ms (Views: 35.2ms | ActiveRecord: 0.0ms (0 queries, 0 cached) | GC: 6.4ms)


Started GET "/.well-known/appspecific/com.chrome.devtools.json" for ::1 at 2025-12-01 11:06:15 +0100
  
ActionController::RoutingError (No route matches [GET] "/.well-known/appspecific/com.chrome.devtools.json"):
  
Started GET "/" for ::1 at 2025-12-01 11:06:25 +0100
Processing by StaticPagesController#index as HTML
  Rendering layout layouts/application.html.erb
  Rendering static_pages/index.html.orb within layouts/application
  Rendered static_pages/index.html.orb within layouts/application (Duration: 31.5ms | GC: 3.0ms)
  Rendered layout layouts/application.html.erb (Duration: 32.3ms | GC: 3.0ms)
Completed 200 OK in 34ms (Views: 33.0ms | ActiveRecord: 0.0ms (0 queries, 0 cached) | GC: 3.0ms)


Started GET "/.well-known/appspecific/com.chrome.devtools.json" for ::1 at 2025-12-01 11:06:25 +0100
  
ActionController::RoutingError (No route matches [GET] "/.well-known/appspecific/com.chrome.devtools.json"):
  
Started GET "/" for ::1 at 2025-12-01 11:06:30 +0100
Processing by StaticPagesController#index as HTML
  Rendering layout layouts/application.html.erb
  Rendering static_pages/index.html.orb within layouts/application
  Rendered static_pages/index.html.orb within layouts/application (Duration: 31.7ms | GC: 4.0ms)
  Rendered layout layouts/application.html.erb (Duration: 33.5ms | GC: 4.0ms)
Completed 200 OK in 36ms (Views: 34.5ms | ActiveRecord: 0.0ms (0 queries, 0 cached) | GC: 4.0ms)


Started GET "/.well-known/appspecific/com.chrome.devtools.json" for ::1 at 2025-12-01 11:06:30 +0100
  
ActionController::RoutingError (No route matches [GET] "/.well-known/appspecific/com.chrome.devtools.json"):
  
Started GET "/" for ::1 at 2025-12-01 11:06:54 +0100
Processing by StaticPagesController#index as HTML
  Rendering layout layouts/application.html.erb
  Rendering static_pages/index.html.orb within layouts/application
  Rendered static_pages/index.html.orb within layouts/application (Duration: 32.6ms | GC: 3.5ms)
  Rendered layout layouts/application.html.erb (Duration: 33.9ms | GC: 3.5ms)
Completed 200 OK in 36ms (Views: 34.8ms | ActiveRecord: 0.0ms (0 queries, 0 cached) | GC: 3.5ms)


Started GET "/.well-known/appspecific/com.chrome.devtools.json" for ::1 at 2025-12-01 11:06:54 +0100
  
ActionController::RoutingError (No route matches [GET] "/.well-known/appspecific/com.chrome.devtools.json"):
  
Started GET "/" for ::1 at 2025-12-01 11:06:58 +0100
Processing by StaticPagesController#index as HTML
  Rendering layout layouts/application.html.erb
  Rendering static_pages/index.html.orb within layouts/application
  Rendered static_pages/index.html.orb within layouts/application (Duration: 28.3ms | GC: 2.5ms)
  Rendered layout layouts/application.html.erb (Duration: 30.3ms | GC: 2.5ms)
Completed 200 OK in 33ms (Views: 31.5ms | ActiveRecord: 0.0ms (0 queries, 0 cached) | GC: 2.5ms)


Started GET "/.well-known/appspecific/com.chrome.devtools.json" for ::1 at 2025-12-01 11:06:58 +0100
  
ActionController::RoutingError (No route matches [GET] "/.well-known/appspecific/com.chrome.devtools.json"):
  
Started GET "/" for ::1 at 2025-12-01 11:07:09 +0100
Processing by StaticPagesController#index as HTML
  Rendering layout layouts/application.html.erb
  Rendering static_pages/index.html.orb within layouts/application
  Rendered static_pages/index.html.orb within layouts/application (Duration: 34.4ms | GC: 5.1ms)
  Rendered layout layouts/application.html.erb (Duration: 35.9ms | GC: 5.1ms)
Completed 200 OK in 38ms (Views: 36.7ms | ActiveRecord: 0.0ms (0 queries, 0 cached) | GC: 5.1ms)


Started GET "/.well-known/appspecific/com.chrome.devtools.json" for ::1 at 2025-12-01 11:07:09 +0100
  
ActionController::RoutingError (No route matches [GET] "/.well-known/appspecific/com.chrome.devtools.json"):
  
Started GET "/" for ::1 at 2025-12-01 11:07:36 +0100
Processing by StaticPagesController#index as HTML
  Rendering layout layouts/application.html.erb
  Rendering static_pages/index.html.orb within layouts/application
  Rendered static_pages/index.html.orb within layouts/application (Duration: 34.0ms | GC: 5.2ms)
  Rendered layout layouts/application.html.erb (Duration: 34.8ms | GC: 5.2ms)
Completed 200 OK in 36ms (Views: 35.4ms | ActiveRecord: 0.0ms (0 queries, 0 cached) | GC: 5.2ms)


Started GET "/.well-known/appspecific/com.chrome.devtools.json" for ::1 at 2025-12-01 11:07:36 +0100
  
ActionController::RoutingError (No route matches [GET] "/.well-known/appspecific/com.chrome.devtools.json"):
  
Started GET "/" for ::1 at 2025-12-01 11:08:29 +0100
Processing by StaticPagesController#index as HTML
  Rendering layout layouts/application.html.erb
  Rendering static_pages/index.html.orb within layouts/application
  Rendered static_pages/index.html.orb within layouts/application (Duration: 31.1ms | GC: 2.6ms)
  Rendered layout layouts/application.html.erb (Duration: 31.9ms | GC: 2.6ms)
Completed 200 OK in 34ms (Views: 32.7ms | ActiveRecord: 0.0ms (0 queries, 0 cached) | GC: 2.6ms)


Started GET "/.well-known/appspecific/com.chrome.devtools.json" for ::1 at 2025-12-01 11:08:29 +0100
  
ActionController::RoutingError (No route matches [GET] "/.well-known/appspecific/com.chrome.devtools.json"):
  
Started GET "/" for ::1 at 2025-12-01 11:09:40 +0100
Processing by StaticPagesController#index as HTML
  Rendering layout layouts/application.html.erb
  Rendering static_pages/index.html.orb within layouts/application
  Rendered static_pages/index.html.orb within layouts/application (Duration: 31.5ms | GC: 2.4ms)
  Rendered layout layouts/application.html.erb (Duration: 32.9ms | GC: 2.4ms)
Completed 200 OK in 35ms (Views: 33.6ms | ActiveRecord: 0.0ms (0 queries, 0 cached) | GC: 2.4ms)


Started GET "/.well-known/appspecific/com.chrome.devtools.json" for ::1 at 2025-12-01 11:09:40 +0100
  
ActionController::RoutingError (No route matches [GET] "/.well-known/appspecific/com.chrome.devtools.json"):
  
Started GET "/" for ::1 at 2025-12-01 11:09:44 +0100
Processing by StaticPagesController#index as HTML
  Rendering layout layouts/application.html.erb
  Rendering static_pages/index.html.orb within layouts/application
  Rendered static_pages/index.html.orb within layouts/application (Duration: 47.9ms | GC: 14.7ms)
  Rendered layout layouts/application.html.erb (Duration: 48.8ms | GC: 14.7ms)
Completed 200 OK in 52ms (Views: 50.6ms | ActiveRecord: 0.0ms (0 queries, 0 cached) | GC: 16.2ms)


Started GET "/.well-known/appspecific/com.chrome.devtools.json" for ::1 at 2025-12-01 11:09:44 +0100
  
ActionController::RoutingError (No route matches [GET] "/.well-known/appspecific/com.chrome.devtools.json"):
  
Started GET "/" for ::1 at 2025-12-01 11:09:48 +0100
Processing by StaticPagesController#index as HTML
  Rendering layout layouts/application.html.erb
  Rendering static_pages/index.html.orb within layouts/application
  Rendered static_pages/index.html.orb within layouts/application (Duration: 63.8ms | GC: 3.1ms)
  Rendered layout layouts/application.html.erb (Duration: 64.7ms | GC: 3.1ms)
Completed 200 OK in 66ms (Views: 65.5ms | ActiveRecord: 0.0ms (0 queries, 0 cached) | GC: 3.2ms)


Started GET "/.well-known/appspecific/com.chrome.devtools.json" for ::1 at 2025-12-01 11:09:48 +0100
  
ActionController::RoutingError (No route matches [GET] "/.well-known/appspecific/com.chrome.devtools.json"):
  
Started GET "/" for ::1 at 2025-12-01 11:09:51 +0100
Processing by StaticPagesController#index as HTML
  Rendering layout layouts/application.html.erb
  Rendering static_pages/index.html.orb within layouts/application
  Rendered static_pages/index.html.orb within layouts/application (Duration: 39.3ms | GC: 8.7ms)
  Rendered layout layouts/application.html.erb (Duration: 41.5ms | GC: 9.8ms)
Completed 200 OK in 43ms (Views: 42.4ms | ActiveRecord: 0.0ms (0 queries, 0 cached) | GC: 9.8ms)


Started GET "/.well-known/appspecific/com.chrome.devtools.json" for ::1 at 2025-12-01 11:09:51 +0100
  
ActionController::RoutingError (No route matches [GET] "/.well-known/appspecific/com.chrome.devtools.json"):
  
Started GET "/" for ::1 at 2025-12-01 11:10:19 +0100
Processing by StaticPagesController#index as HTML
  Rendering layout layouts/application.html.erb
  Rendering static_pages/index.html.orb within layouts/application
  Rendered static_pages/index.html.orb within layouts/application (Duration: 35.0ms | GC: 5.0ms)
  Rendered layout layouts/application.html.erb (Duration: 36.0ms | GC: 5.0ms)
Completed 200 OK in 37ms (Views: 36.7ms | ActiveRecord: 0.0ms (0 queries, 0 cached) | GC: 5.0ms)


Started GET "/.well-known/appspecific/com.chrome.devtools.json" for ::1 at 2025-12-01 11:10:19 +0100
  
ActionController::RoutingError (No route matches [GET] "/.well-known/appspecific/com.chrome.devtools.json"):
  
Started GET "/" for ::1 at 2025-12-01 11:10:23 +0100
Processing by StaticPagesController#index as HTML
  Rendering layout layouts/application.html.erb
  Rendering static_pages/index.html.orb within layouts/application
  Rendered static_pages/index.html.orb within layouts/application (Duration: 33.0ms | GC: 4.6ms)
  Rendered layout layouts/application.html.erb (Duration: 33.8ms | GC: 4.6ms)
Completed 200 OK in 36ms (Views: 34.9ms | ActiveRecord: 0.0ms (0 queries, 0 cached) | GC: 4.7ms)


Started GET "/.well-known/appspecific/com.chrome.devtools.json" for ::1 at 2025-12-01 11:10:23 +0100
  
ActionController::RoutingError (No route matches [GET] "/.well-known/appspecific/com.chrome.devtools.json"):
  
Started GET "/" for ::1 at 2025-12-01 11:10:26 +0100
Processing by StaticPagesController#index as HTML
  Rendering layout layouts/application.html.erb
  Rendering static_pages/index.html.orb within layouts/application
  Rendered static_pages/index.html.orb within layouts/application (Duration: 44.6ms | GC: 11.9ms)
  Rendered layout layouts/application.html.erb (Duration: 46.4ms | GC: 12.8ms)
Completed 200 OK in 48ms (Views: 47.2ms | ActiveRecord: 0.0ms (0 queries, 0 cached) | GC: 12.8ms)


Started GET "/.well-known/appspecific/com.chrome.devtools.json" for ::1 at 2025-12-01 11:10:26 +0100
  
ActionController::RoutingError (No route matches [GET] "/.well-known/appspecific/com.chrome.devtools.json"):
  
Started GET "/" for ::1 at 2025-12-01 11:10:32 +0100
Processing by StaticPagesController#index as HTML
  Rendering layout layouts/application.html.erb
  Rendering static_pages/index.html.orb within layouts/application
  Rendered static_pages/index.html.orb within layouts/application (Duration: 36.5ms | GC: 5.6ms)
  Rendered layout layouts/application.html.erb (Duration: 37.3ms | GC: 5.7ms)
Completed 200 OK in 39ms (Views: 38.1ms | ActiveRecord: 0.0ms (0 queries, 0 cached) | GC: 5.7ms)


Started GET "/.well-known/appspecific/com.chrome.devtools.json" for ::1 at 2025-12-01 11:10:32 +0100
  
ActionController::RoutingError (No route matches [GET] "/.well-known/appspecific/com.chrome.devtools.json"):
  
Started GET "/" for ::1 at 2025-12-01 11:10:34 +0100
Processing by StaticPagesController#index as HTML
  Rendering layout layouts/application.html.erb
  Rendering static_pages/index.html.orb within layouts/application
  Rendered static_pages/index.html.orb within layouts/application (Duration: 33.4ms | GC: 3.2ms)
  Rendered layout layouts/application.html.erb (Duration: 36.9ms | GC: 5.9ms)
Completed 200 OK in 39ms (Views: 37.7ms | ActiveRecord: 0.0ms (0 queries, 0 cached) | GC: 6.0ms)


Started GET "/.well-known/appspecific/com.chrome.devtools.json" for ::1 at 2025-12-01 11:10:34 +0100
  
ActionController::RoutingError (No route matches [GET] "/.well-known/appspecific/com.chrome.devtools.json"):
  
Started GET "/" for ::1 at 2025-12-01 11:11:15 +0100
Processing by StaticPagesController#index as HTML
  Rendering layout layouts/application.html.erb
  Rendering static_pages/index.html.orb within layouts/application
  Rendered static_pages/index.html.orb within layouts/application (Duration: 23.2ms | GC: 2.6ms)
  Rendered layout layouts/application.html.erb (Duration: 24.4ms | GC: 2.6ms)
Completed 200 OK in 25ms (Views: 24.6ms | ActiveRecord: 0.0ms (0 queries, 0 cached) | GC: 2.6ms)


Started GET "/.well-known/appspecific/com.chrome.devtools.json" for ::1 at 2025-12-01 11:11:15 +0100
  
ActionController::RoutingError (No route matches [GET] "/.well-known/appspecific/com.chrome.devtools.json"):
  
Started GET "/" for ::1 at 2025-12-01 11:11:24 +0100
Processing by StaticPagesController#index as HTML
  Rendering layout layouts/application.html.erb
  Rendering static_pages/index.html.orb within layouts/application
  Rendered static_pages/index.html.orb within layouts/application (Duration: 20.9ms | GC: 3.2ms)
  Rendered layout layouts/application.html.erb (Duration: 22.3ms | GC: 3.2ms)
Completed 200 OK in 23ms (Views: 22.6ms | ActiveRecord: 0.0ms (0 queries, 0 cached) | GC: 3.2ms)


Started GET "/.well-known/appspecific/com.chrome.devtools.json" for ::1 at 2025-12-01 11:11:24 +0100
  
ActionController::RoutingError (No route matches [GET] "/.well-known/appspecific/com.chrome.devtools.json"):
  
Started GET "/" for ::1 at 2025-12-01 11:11:45 +0100
Processing by StaticPagesController#index as HTML
  Rendering layout layouts/application.html.erb
  Rendering static_pages/index.html.orb within layouts/application
  Rendered static_pages/index.html.orb within layouts/application (Duration: 19.6ms | GC: 2.5ms)
  Rendered layout layouts/application.html.erb (Duration: 20.7ms | GC: 2.5ms)
Completed 200 OK in 22ms (Views: 21.0ms | ActiveRecord: 0.0ms (0 queries, 0 cached) | GC: 2.5ms)


Started GET "/.well-known/appspecific/com.chrome.devtools.json" for ::1 at 2025-12-01 11:11:45 +0100
  
ActionController::RoutingError (No route matches [GET] "/.well-known/appspecific/com.chrome.devtools.json"):
  
Started GET "/" for ::1 at 2025-12-01 11:11:50 +0100
Processing by StaticPagesController#index as HTML
  Rendering layout layouts/application.html.erb
  Rendering static_pages/index.html.orb within layouts/application
  Rendered static_pages/index.html.orb within layouts/application (Duration: 35.1ms | GC: 16.5ms)
  Rendered layout layouts/application.html.erb (Duration: 36.4ms | GC: 16.5ms)
Completed 200 OK in 37ms (Views: 36.9ms | ActiveRecord: 0.0ms (0 queries, 0 cached) | GC: 16.8ms)


Started GET "/.well-known/appspecific/com.chrome.devtools.json" for ::1 at 2025-12-01 11:11:50 +0100
  
ActionController::RoutingError (No route matches [GET] "/.well-known/appspecific/com.chrome.devtools.json"):
  
Started GET "/" for ::1 at 2025-12-01 11:12:06 +0100
Processing by StaticPagesController#index as HTML
  Rendering layout layouts/application.html.erb
  Rendering static_pages/index.html.orb within layouts/application
  Rendered static_pages/index.html.orb within layouts/application (Duration: 20.3ms | GC: 2.3ms)
  Rendered layout layouts/application.html.erb (Duration: 21.6ms | GC: 2.3ms)
Completed 200 OK in 23ms (Views: 21.9ms | ActiveRecord: 0.0ms (0 queries, 0 cached) | GC: 2.4ms)


Started GET "/.well-known/appspecific/com.chrome.devtools.json" for ::1 at 2025-12-01 11:12:06 +0100
  
ActionController::RoutingError (No route matches [GET] "/.well-known/appspecific/com.chrome.devtools.json"):
  
Started GET "/" for ::1 at 2025-12-01 11:12:11 +0100
Processing by StaticPagesController#index as HTML
  Rendering layout layouts/application.html.erb
  Rendering static_pages/index.html.orb within layouts/application
  Rendered static_pages/index.html.orb within layouts/application (Duration: 21.0ms | GC: 3.6ms)
  Rendered layout layouts/application.html.erb (Duration: 22.2ms | GC: 3.6ms)
Completed 200 OK in 23ms (Views: 22.4ms | ActiveRecord: 0.0ms (0 queries, 0 cached) | GC: 3.6ms)


Started GET "/.well-known/appspecific/com.chrome.devtools.json" for ::1 at 2025-12-01 11:12:11 +0100
  
ActionController::RoutingError (No route matches [GET] "/.well-known/appspecific/com.chrome.devtools.json"):
  
Started GET "/" for ::1 at 2025-12-01 11:12:46 +0100
Processing by StaticPagesController#index as HTML
  Rendering layout layouts/application.html.erb
  Rendering static_pages/index.html.orb within layouts/application
  Rendered static_pages/index.html.orb within layouts/application (Duration: 32.2ms | GC: 3.7ms)
  Rendered layout layouts/application.html.erb (Duration: 33.0ms | GC: 3.7ms)
Completed 200 OK in 35ms (Views: 33.8ms | ActiveRecord: 0.0ms (0 queries, 0 cached) | GC: 3.7ms)


Started GET "/.well-known/appspecific/com.chrome.devtools.json" for ::1 at 2025-12-01 11:12:46 +0100
  
ActionController::RoutingError (No route matches [GET] "/.well-known/appspecific/com.chrome.devtools.json"):
  
Started GET "/" for ::1 at 2025-12-01 11:14:02 +0100
Processing by StaticPagesController#index as HTML
  Rendering layout layouts/application.html.erb
  Rendering static_pages/index.html.orb within layouts/application
  Rendered static_pages/index.html.orb within layouts/application (Duration: 31.7ms | GC: 1.1ms)
  Rendered layout layouts/application.html.erb (Duration: 33.6ms | GC: 1.1ms)
Completed 200 OK in 35ms (Views: 34.4ms | ActiveRecord: 0.0ms (0 queries, 0 cached) | GC: 1.1ms)


Started GET "/.well-known/appspecific/com.chrome.devtools.json" for ::1 at 2025-12-01 11:14:02 +0100
  
ActionController::RoutingError (No route matches [GET] "/.well-known/appspecific/com.chrome.devtools.json"):
  
Started GET "/" for ::1 at 2025-12-01 11:14:14 +0100
Processing by StaticPagesController#index as HTML
  Rendering layout layouts/application.html.erb
  Rendering static_pages/index.html.orb within layouts/application
  Rendered static_pages/index.html.orb within layouts/application (Duration: 35.0ms | GC: 3.7ms)
  Rendered layout layouts/application.html.erb (Duration: 36.8ms | GC: 3.9ms)
Completed 200 OK in 39ms (Views: 38.1ms | ActiveRecord: 0.0ms (0 queries, 0 cached) | GC: 4.4ms)


Started GET "/.well-known/appspecific/com.chrome.devtools.json" for ::1 at 2025-12-01 11:14:14 +0100
  
ActionController::RoutingError (No route matches [GET] "/.well-known/appspecific/com.chrome.devtools.json"):
  
Started GET "/" for ::1 at 2025-12-01 11:14:19 +0100
Processing by StaticPagesController#index as HTML
  Rendering layout layouts/application.html.erb
  Rendering static_pages/index.html.orb within layouts/application
  Rendered static_pages/index.html.orb within layouts/application (Duration: 31.9ms | GC: 3.2ms)
  Rendered layout layouts/application.html.erb (Duration: 32.7ms | GC: 3.2ms)
Completed 200 OK in 35ms (Views: 34.6ms | ActiveRecord: 0.0ms (0 queries, 0 cached) | GC: 4.2ms)


Started GET "/.well-known/appspecific/com.chrome.devtools.json" for ::1 at 2025-12-01 11:14:19 +0100
  
ActionController::RoutingError (No route matches [GET] "/.well-known/appspecific/com.chrome.devtools.json"):
  
Started GET "/" for ::1 at 2025-12-01 11:14:30 +0100
Processing by StaticPagesController#index as HTML
  Rendering layout layouts/application.html.erb
  Rendering static_pages/index.html.orb within layouts/application
  Rendered static_pages/index.html.orb within layouts/application (Duration: 35.5ms | GC: 4.5ms)
  Rendered layout layouts/application.html.erb (Duration: 36.3ms | GC: 4.5ms)
Completed 200 OK in 38ms (Views: 37.0ms | ActiveRecord: 0.0ms (0 queries, 0 cached) | GC: 4.5ms)


Started GET "/.well-known/appspecific/com.chrome.devtools.json" for ::1 at 2025-12-01 11:14:30 +0100
  
ActionController::RoutingError (No route matches [GET] "/.well-known/appspecific/com.chrome.devtools.json"):
  
Started GET "/" for ::1 at 2025-12-01 11:14:46 +0100
Processing by StaticPagesController#index as HTML
  Rendering layout layouts/application.html.erb
  Rendering static_pages/index.html.orb within layouts/application
  Rendered static_pages/index.html.orb within layouts/application (Duration: 33.8ms | GC: 3.5ms)
  Rendered layout layouts/application.html.erb (Duration: 35.0ms | GC: 3.5ms)
Completed 200 OK in 37ms (Views: 36.0ms | ActiveRecord: 0.0ms (0 queries, 0 cached) | GC: 3.6ms)


Started GET "/.well-known/appspecific/com.chrome.devtools.json" for ::1 at 2025-12-01 11:14:46 +0100
  
ActionController::RoutingError (No route matches [GET] "/.well-known/appspecific/com.chrome.devtools.json"):
  
Started GET "/" for ::1 at 2025-12-01 11:15:00 +0100
Processing by StaticPagesController#index as HTML
  Rendering layout layouts/application.html.erb
  Rendering static_pages/index.html.orb within layouts/application
  Rendered static_pages/index.html.orb within layouts/application (Duration: 30.6ms | GC: 0.8ms)
  Rendered layout layouts/application.html.erb (Duration: 32.0ms | GC: 0.8ms)
Completed 200 OK in 34ms (Views: 32.7ms | ActiveRecord: 0.0ms (0 queries, 0 cached) | GC: 0.8ms)


Started GET "/.well-known/appspecific/com.chrome.devtools.json" for ::1 at 2025-12-01 11:15:00 +0100
  
ActionController::RoutingError (No route matches [GET] "/.well-known/appspecific/com.chrome.devtools.json"):
  
Started GET "/" for ::1 at 2025-12-01 11:15:04 +0100
Processing by StaticPagesController#index as HTML
  Rendering layout layouts/application.html.erb
  Rendering static_pages/index.html.orb within layouts/application
  Rendered static_pages/index.html.orb within layouts/application (Duration: 32.3ms | GC: 3.5ms)
  Rendered layout layouts/application.html.erb (Duration: 33.1ms | GC: 3.5ms)
Completed 200 OK in 35ms (Views: 33.8ms | ActiveRecord: 0.0ms (0 queries, 0 cached) | GC: 3.5ms)


Started GET "/.well-known/appspecific/com.chrome.devtools.json" for ::1 at 2025-12-01 11:15:04 +0100
  
ActionController::RoutingError (No route matches [GET] "/.well-known/appspecific/com.chrome.devtools.json"):
  
Started GET "/" for ::1 at 2025-12-01 11:15:31 +0100
Processing by StaticPagesController#index as HTML
  Rendering layout layouts/application.html.erb
  Rendering static_pages/index.html.orb within layouts/application
  Rendered static_pages/index.html.orb within layouts/application (Duration: 30.5ms | GC: 1.1ms)
  Rendered layout layouts/application.html.erb (Duration: 31.3ms | GC: 1.1ms)
Completed 200 OK in 33ms (Views: 32.1ms | ActiveRecord: 0.0ms (0 queries, 0 cached) | GC: 1.4ms)


Started GET "/.well-known/appspecific/com.chrome.devtools.json" for ::1 at 2025-12-01 11:15:31 +0100
  
ActionController::RoutingError (No route matches [GET] "/.well-known/appspecific/com.chrome.devtools.json"):
  
Started GET "/" for ::1 at 2025-12-01 11:15:39 +0100
Processing by StaticPagesController#index as HTML
  Rendering layout layouts/application.html.erb
  Rendering static_pages/index.html.orb within layouts/application
  Rendered static_pages/index.html.orb within layouts/application (Duration: 32.8ms | GC: 3.2ms)
  Rendered layout layouts/application.html.erb (Duration: 33.8ms | GC: 3.3ms)
Completed 200 OK in 36ms (Views: 34.6ms | ActiveRecord: 0.0ms (0 queries, 0 cached) | GC: 3.3ms)


Started GET "/.well-known/appspecific/com.chrome.devtools.json" for ::1 at 2025-12-01 11:15:39 +0100
  
ActionController::RoutingError (No route matches [GET] "/.well-known/appspecific/com.chrome.devtools.json"):
  
Started GET "/" for ::1 at 2025-12-01 11:15:44 +0100
Processing by StaticPagesController#index as HTML
  Rendering layout layouts/application.html.erb
  Rendering static_pages/index.html.orb within layouts/application
  Rendered static_pages/index.html.orb within layouts/application (Duration: 30.8ms | GC: 1.4ms)
  Rendered layout layouts/application.html.erb (Duration: 33.3ms | GC: 3.1ms)
Completed 200 OK in 35ms (Views: 34.1ms | ActiveRecord: 0.0ms (0 queries, 0 cached) | GC: 3.1ms)


Started GET "/.well-known/appspecific/com.chrome.devtools.json" for ::1 at 2025-12-01 11:15:44 +0100
  
ActionController::RoutingError (No route matches [GET] "/.well-known/appspecific/com.chrome.devtools.json"):
  
Started GET "/" for ::1 at 2025-12-01 11:15:48 +0100
Processing by StaticPagesController#index as HTML
  Rendering layout layouts/application.html.erb
  Rendering static_pages/index.html.orb within layouts/application
  Rendered static_pages/index.html.orb within layouts/application (Duration: 32.4ms | GC: 3.2ms)
  Rendered layout layouts/application.html.erb (Duration: 33.8ms | GC: 3.2ms)
Completed 200 OK in 35ms (Views: 34.5ms | ActiveRecord: 0.0ms (0 queries, 0 cached) | GC: 3.2ms)


Started GET "/.well-known/appspecific/com.chrome.devtools.json" for ::1 at 2025-12-01 11:15:48 +0100
  
ActionController::RoutingError (No route matches [GET] "/.well-known/appspecific/com.chrome.devtools.json"):
  
Started GET "/" for ::1 at 2025-12-01 11:15:58 +0100
Processing by StaticPagesController#index as HTML
  Rendering layout layouts/application.html.erb
  Rendering static_pages/index.html.orb within layouts/application
  Rendered static_pages/index.html.orb within layouts/application (Duration: 28.5ms | GC: 2.5ms)
  Rendered layout layouts/application.html.erb (Duration: 28.6ms | GC: 2.5ms)
Completed 500 Internal Server Error in 31ms (ActiveRecord: 0.0ms (0 queries, 0 cached) | GC: 3.6ms)


  
ActionView::Template::Error (Icon 'checkmark' with variant 'regular' not found.)
Caused by: ArgumentError (Icon 'checkmark' with variant 'regular' not found.)

Information for: ActionView::Template::Error (Icon 'checkmark' with variant 'regular' not found.):
    48:         </Text>
    49:         <div class="flex gap-2 mt-auto">
    50:           <Icon name="github" variant=brands />
    51:           <Icon name="checkmark" variant=regular />
    52:         </div>
    53:       </div>
    54:     </div>
  
app/views/static_pages/index.html.orb:51
app/components/demo/hero.rb:9:in 'Demo::Hero#call'
app/views/static_pages/index.html.orb:25
app/components/demo/app_frame.rb:43:in 'block (2 levels) in Demo::AppFrame#call'
app/components/demo/page.rb:13:in 'Demo::Page#call'
app/components/demo/app_frame.rb:6:in 'block in Demo::AppFrame#call'
app/components/demo/app_frame.rb:5:in 'Demo::AppFrame#call'
app/views/static_pages/index.html.orb:1

Information for cause: ArgumentError (Icon 'checkmark' with variant 'regular' not found.):
  
app/views/static_pages/index.html.orb:51
app/components/demo/hero.rb:9:in 'Demo::Hero#call'
app/views/static_pages/index.html.orb:25
app/components/demo/app_frame.rb:43:in 'block (2 levels) in Demo::AppFrame#call'
app/components/demo/page.rb:13:in 'Demo::Page#call'
app/components/demo/app_frame.rb:6:in 'block in Demo::AppFrame#call'
app/components/demo/app_frame.rb:5:in 'Demo::AppFrame#call'
app/views/static_pages/index.html.orb:1
Started GET "/.well-known/appspecific/com.chrome.devtools.json" for ::1 at 2025-12-01 11:15:58 +0100
  
ActionController::RoutingError (No route matches [GET] "/.well-known/appspecific/com.chrome.devtools.json"):
  
Started GET "/" for ::1 at 2025-12-01 11:16:04 +0100
Processing by StaticPagesController#index as HTML
  Rendering layout layouts/application.html.erb
  Rendering static_pages/index.html.orb within layouts/application
  Rendered static_pages/index.html.orb within layouts/application (Duration: 27.1ms | GC: 2.4ms)
  Rendered layout layouts/application.html.erb (Duration: 27.2ms | GC: 2.4ms)
Completed 500 Internal Server Error in 29ms (ActiveRecord: 0.0ms (0 queries, 0 cached) | GC: 2.4ms)


  
ActionView::Template::Error (Icon 'check' with variant 'regular' not found.)
Caused by: ArgumentError (Icon 'check' with variant 'regular' not found.)

Information for: ActionView::Template::Error (Icon 'check' with variant 'regular' not found.):
    48:         </Text>
    49:         <div class="flex gap-2 mt-auto">
    50:           <Icon name="github" variant=brands />
    51:           <Icon name="check" variant=regular />
    52:         </div>
    53:       </div>
    54:     </div>
  
app/views/static_pages/index.html.orb:51
app/components/demo/hero.rb:9:in 'Demo::Hero#call'
app/views/static_pages/index.html.orb:25
app/components/demo/app_frame.rb:43:in 'block (2 levels) in Demo::AppFrame#call'
app/components/demo/page.rb:13:in 'Demo::Page#call'
app/components/demo/app_frame.rb:6:in 'block in Demo::AppFrame#call'
app/components/demo/app_frame.rb:5:in 'Demo::AppFrame#call'
app/views/static_pages/index.html.orb:1

Information for cause: ArgumentError (Icon 'check' with variant 'regular' not found.):
  
app/views/static_pages/index.html.orb:51
app/components/demo/hero.rb:9:in 'Demo::Hero#call'
app/views/static_pages/index.html.orb:25
app/components/demo/app_frame.rb:43:in 'block (2 levels) in Demo::AppFrame#call'
app/components/demo/page.rb:13:in 'Demo::Page#call'
app/components/demo/app_frame.rb:6:in 'block in Demo::AppFrame#call'
app/components/demo/app_frame.rb:5:in 'Demo::AppFrame#call'
app/views/static_pages/index.html.orb:1
Started GET "/.well-known/appspecific/com.chrome.devtools.json" for ::1 at 2025-12-01 11:16:04 +0100
  
ActionController::RoutingError (No route matches [GET] "/.well-known/appspecific/com.chrome.devtools.json"):
  
Started GET "/" for ::1 at 2025-12-01 11:24:40 +0100
Processing by StaticPagesController#index as HTML
  Rendering layout layouts/application.html.erb
  Rendering static_pages/index.html.orb within layouts/application
  Rendered static_pages/index.html.orb within layouts/application (Duration: 36.5ms | GC: 2.8ms)
  Rendered layout layouts/application.html.erb (Duration: 37.4ms | GC: 2.8ms)
Completed 200 OK in 39ms (Views: 38.3ms | ActiveRecord: 0.0ms (0 queries, 0 cached) | GC: 2.8ms)


Started GET "/.well-known/appspecific/com.chrome.devtools.json" for ::1 at 2025-12-01 11:24:40 +0100
  
ActionController::RoutingError (No route matches [GET] "/.well-known/appspecific/com.chrome.devtools.json"):
  
Started GET "/" for ::1 at 2025-12-01 11:25:01 +0100
Processing by StaticPagesController#index as HTML
  Rendering layout layouts/application.html.erb
  Rendering static_pages/index.html.orb within layouts/application
  Rendered static_pages/index.html.orb within layouts/application (Duration: 38.9ms | GC: 5.9ms)
  Rendered layout layouts/application.html.erb (Duration: 39.8ms | GC: 6.0ms)
Completed 200 OK in 42ms (Views: 40.7ms | ActiveRecord: 0.0ms (0 queries, 0 cached) | GC: 6.0ms)


Started GET "/.well-known/appspecific/com.chrome.devtools.json" for ::1 at 2025-12-01 11:25:01 +0100
  
ActionController::RoutingError (No route matches [GET] "/.well-known/appspecific/com.chrome.devtools.json"):
  
Started GET "/" for ::1 at 2025-12-01 11:25:08 +0100
Processing by StaticPagesController#index as HTML
  Rendering layout layouts/application.html.erb
  Rendering static_pages/index.html.orb within layouts/application
  Rendered static_pages/index.html.orb within layouts/application (Duration: 31.6ms | GC: 3.3ms)
  Rendered layout layouts/application.html.erb (Duration: 32.5ms | GC: 3.3ms)
Completed 200 OK in 34ms (Views: 33.3ms | ActiveRecord: 0.0ms (0 queries, 0 cached) | GC: 3.5ms)


Started GET "/.well-known/appspecific/com.chrome.devtools.json" for ::1 at 2025-12-01 11:25:08 +0100
  
ActionController::RoutingError (No route matches [GET] "/.well-known/appspecific/com.chrome.devtools.json"):
  
Started GET "/" for ::1 at 2025-12-01 11:29:17 +0100
Processing by StaticPagesController#index as HTML
  Rendering layout layouts/application.html.erb
  Rendering static_pages/index.html.orb within layouts/application
  Rendered static_pages/index.html.orb within layouts/application (Duration: 37.3ms | GC: 3.1ms)
  Rendered layout layouts/application.html.erb (Duration: 39.1ms | GC: 3.1ms)
Completed 200 OK in 41ms (Views: 40.2ms | ActiveRecord: 0.0ms (0 queries, 0 cached) | GC: 3.1ms)


Started GET "/.well-known/appspecific/com.chrome.devtools.json" for ::1 at 2025-12-01 11:29:17 +0100
  
ActionController::RoutingError (No route matches [GET] "/.well-known/appspecific/com.chrome.devtools.json"):
  
Started GET "/" for ::1 at 2025-12-01 11:30:07 +0100
Processing by StaticPagesController#index as HTML
  Rendering layout layouts/application.html.erb
  Rendering static_pages/index.html.orb within layouts/application
  Rendered static_pages/index.html.orb within layouts/application (Duration: 38.2ms | GC: 4.8ms)
  Rendered layout layouts/application.html.erb (Duration: 40.3ms | GC: 4.8ms)
Completed 200 OK in 43ms (Views: 41.3ms | ActiveRecord: 0.0ms (0 queries, 0 cached) | GC: 4.8ms)


Started GET "/.well-known/appspecific/com.chrome.devtools.json" for ::1 at 2025-12-01 11:30:07 +0100
  
ActionController::RoutingError (No route matches [GET] "/.well-known/appspecific/com.chrome.devtools.json"):
  
Started GET "/" for ::1 at 2025-12-01 11:30:30 +0100
Processing by StaticPagesController#index as HTML
  Rendering layout layouts/application.html.erb
  Rendering static_pages/index.html.orb within layouts/application
  Rendered static_pages/index.html.orb within layouts/application (Duration: 42.6ms | GC: 6.5ms)
  Rendered layout layouts/application.html.erb (Duration: 43.8ms | GC: 6.8ms)
Completed 200 OK in 46ms (Views: 44.9ms | ActiveRecord: 0.0ms (0 queries, 0 cached) | GC: 6.8ms)


Started GET "/.well-known/appspecific/com.chrome.devtools.json" for ::1 at 2025-12-01 11:30:30 +0100
  
ActionController::RoutingError (No route matches [GET] "/.well-known/appspecific/com.chrome.devtools.json"):
  
Started GET "/" for ::1 at 2025-12-01 11:30:47 +0100
Processing by StaticPagesController#index as HTML
  Rendering layout layouts/application.html.erb
  Rendering static_pages/index.html.orb within layouts/application
  Rendered static_pages/index.html.orb within layouts/application (Duration: 34.7ms | GC: 2.5ms)
  Rendered layout layouts/application.html.erb (Duration: 35.6ms | GC: 2.5ms)
Completed 200 OK in 37ms (Views: 36.4ms | ActiveRecord: 0.0ms (0 queries, 0 cached) | GC: 2.5ms)


Started GET "/.well-known/appspecific/com.chrome.devtools.json" for ::1 at 2025-12-01 11:30:48 +0100
  
ActionController::RoutingError (No route matches [GET] "/.well-known/appspecific/com.chrome.devtools.json"):
  
Started GET "/" for ::1 at 2025-12-01 11:30:58 +0100
Processing by StaticPagesController#index as HTML
  Rendering layout layouts/application.html.erb
  Rendering static_pages/index.html.orb within layouts/application
  Rendered static_pages/index.html.orb within layouts/application (Duration: 32.3ms | GC: 2.2ms)
  Rendered layout layouts/application.html.erb (Duration: 34.4ms | GC: 2.2ms)
Completed 200 OK in 36ms (Views: 35.2ms | ActiveRecord: 0.0ms (0 queries, 0 cached) | GC: 2.5ms)


Started GET "/.well-known/appspecific/com.chrome.devtools.json" for ::1 at 2025-12-01 11:30:58 +0100
  
ActionController::RoutingError (No route matches [GET] "/.well-known/appspecific/com.chrome.devtools.json"):
  
Started GET "/" for ::1 at 2025-12-01 11:31:12 +0100
Processing by StaticPagesController#index as HTML
  Rendering layout layouts/application.html.erb
  Rendering static_pages/index.html.orb within layouts/application
  Rendered static_pages/index.html.orb within layouts/application (Duration: 32.8ms | GC: 2.5ms)
  Rendered layout layouts/application.html.erb (Duration: 33.8ms | GC: 2.5ms)
Completed 200 OK in 36ms (Views: 34.7ms | ActiveRecord: 0.0ms (0 queries, 0 cached) | GC: 2.9ms)


Started GET "/.well-known/appspecific/com.chrome.devtools.json" for ::1 at 2025-12-01 11:31:12 +0100
  
ActionController::RoutingError (No route matches [GET] "/.well-known/appspecific/com.chrome.devtools.json"):
  
Started GET "/" for ::1 at 2025-12-01 11:31:33 +0100
Processing by StaticPagesController#index as HTML
  Rendering layout layouts/application.html.erb
  Rendering static_pages/index.html.orb within layouts/application
  Rendered static_pages/index.html.orb within layouts/application (Duration: 36.1ms | GC: 3.9ms)
  Rendered layout layouts/application.html.erb (Duration: 38.2ms | GC: 4.1ms)
Completed 200 OK in 40ms (Views: 39.3ms | ActiveRecord: 0.0ms (0 queries, 0 cached) | GC: 4.4ms)


Started GET "/.well-known/appspecific/com.chrome.devtools.json" for ::1 at 2025-12-01 11:31:34 +0100
  
ActionController::RoutingError (No route matches [GET] "/.well-known/appspecific/com.chrome.devtools.json"):
  
Started GET "/" for ::1 at 2025-12-01 11:32:40 +0100
Processing by StaticPagesController#index as HTML
  Rendering layout layouts/application.html.erb
  Rendering static_pages/index.html.orb within layouts/application
  Rendered static_pages/index.html.orb within layouts/application (Duration: 36.6ms | GC: 6.0ms)
  Rendered layout layouts/application.html.erb (Duration: 38.1ms | GC: 6.0ms)
Completed 200 OK in 42ms (Views: 41.1ms | ActiveRecord: 0.0ms (0 queries, 0 cached) | GC: 8.2ms)


Started GET "/.well-known/appspecific/com.chrome.devtools.json" for ::1 at 2025-12-01 11:32:40 +0100
  
ActionController::RoutingError (No route matches [GET] "/.well-known/appspecific/com.chrome.devtools.json"):
  
Started GET "/colors" for ::1 at 2025-12-01 11:32:48 +0100
  
ActionController::RoutingError (No route matches [GET] "/colors"):
  
Started GET "/docs" for ::1 at 2025-12-01 11:32:50 +0100
  
ActionController::RoutingError (No route matches [GET] "/docs"):
  
Started GET "/colors" for ::1 at 2025-12-01 11:32:51 +0100
  
ActionController::RoutingError (No route matches [GET] "/colors"):
  
Started GET "/colors" for ::1 at 2025-12-01 11:33:03 +0100
  
ActionController::RoutingError (No route matches [GET] "/colors"):
  
Started GET "/components" for ::1 at 2025-12-01 11:33:04 +0100
Processing by StaticPagesController#components as HTML
  Rendering layout layouts/application.html.erb
  Rendering static_pages/components.html.orb within layouts/application
  Rendered static_pages/components.html.orb within layouts/application (Duration: 0.9ms | GC: 0.2ms)
  Rendered layout layouts/application.html.erb (Duration: 1.6ms | GC: 0.2ms)
Completed 200 OK in 2ms (Views: 1.8ms | ActiveRecord: 0.0ms (0 queries, 0 cached) | GC: 0.2ms)


Started GET "/docs" for ::1 at 2025-12-01 11:33:04 +0100
  
ActionController::RoutingError (No route matches [GET] "/docs"):
  
Started GET "/" for ::1 at 2025-12-01 11:33:51 +0100
Processing by StaticPagesController#index as HTML
  Rendering layout layouts/application.html.erb
  Rendering static_pages/index.html.orb within layouts/application
  Rendered static_pages/index.html.orb within layouts/application (Duration: 34.5ms | GC: 4.5ms)
  Rendered layout layouts/application.html.erb (Duration: 35.3ms | GC: 4.5ms)
Completed 200 OK in 37ms (Views: 35.9ms | ActiveRecord: 0.0ms (0 queries, 0 cached) | GC: 4.5ms)


Started GET "/.well-known/appspecific/com.chrome.devtools.json" for ::1 at 2025-12-01 11:33:51 +0100
  
ActionController::RoutingError (No route matches [GET] "/.well-known/appspecific/com.chrome.devtools.json"):
  
Started GET "/" for ::1 at 2025-12-01 11:34:01 +0100
Processing by StaticPagesController#index as HTML
  Rendering layout layouts/application.html.erb
  Rendering static_pages/index.html.orb within layouts/application
  Rendered static_pages/index.html.orb within layouts/application (Duration: 33.2ms | GC: 4.6ms)
  Rendered layout layouts/application.html.erb (Duration: 34.0ms | GC: 4.6ms)
Completed 200 OK in 35ms (Views: 34.7ms | ActiveRecord: 0.0ms (0 queries, 0 cached) | GC: 4.6ms)


Started GET "/.well-known/appspecific/com.chrome.devtools.json" for ::1 at 2025-12-01 11:34:01 +0100
  
ActionController::RoutingError (No route matches [GET] "/.well-known/appspecific/com.chrome.devtools.json"):
  
Started GET "/" for ::1 at 2025-12-01 11:34:28 +0100
Processing by StaticPagesController#index as HTML
  Rendering layout layouts/application.html.erb
  Rendering static_pages/index.html.orb within layouts/application
  Rendered static_pages/index.html.orb within layouts/application (Duration: 31.8ms | GC: 2.5ms)
  Rendered layout layouts/application.html.erb (Duration: 32.6ms | GC: 2.5ms)
Completed 200 OK in 34ms (Views: 33.4ms | ActiveRecord: 0.0ms (0 queries, 0 cached) | GC: 2.5ms)


Started GET "/.well-known/appspecific/com.chrome.devtools.json" for ::1 at 2025-12-01 11:34:28 +0100
  
ActionController::RoutingError (No route matches [GET] "/.well-known/appspecific/com.chrome.devtools.json"):
  
Started GET "/" for ::1 at 2025-12-01 11:34:37 +0100
Processing by StaticPagesController#index as HTML
  Rendering layout layouts/application.html.erb
  Rendering static_pages/index.html.orb within layouts/application
  Rendered static_pages/index.html.orb within layouts/application (Duration: 31.5ms | GC: 1.9ms)
  Rendered layout layouts/application.html.erb (Duration: 32.3ms | GC: 1.9ms)
Completed 200 OK in 34ms (Views: 32.9ms | ActiveRecord: 0.0ms (0 queries, 0 cached) | GC: 1.9ms)


Started GET "/.well-known/appspecific/com.chrome.devtools.json" for ::1 at 2025-12-01 11:34:38 +0100
  
ActionController::RoutingError (No route matches [GET] "/.well-known/appspecific/com.chrome.devtools.json"):
  
Started GET "/" for ::1 at 2025-12-01 11:34:49 +0100
Processing by StaticPagesController#index as HTML
  Rendering layout layouts/application.html.erb
  Rendering static_pages/index.html.orb within layouts/application
  Rendered static_pages/index.html.orb within layouts/application (Duration: 32.1ms | GC: 2.5ms)
  Rendered layout layouts/application.html.erb (Duration: 33.1ms | GC: 2.5ms)
Completed 200 OK in 35ms (Views: 33.9ms | ActiveRecord: 0.0ms (0 queries, 0 cached) | GC: 2.5ms)


Started GET "/.well-known/appspecific/com.chrome.devtools.json" for ::1 at 2025-12-01 11:34:49 +0100
  
ActionController::RoutingError (No route matches [GET] "/.well-known/appspecific/com.chrome.devtools.json"):
  
Started GET "/" for ::1 at 2025-12-01 11:35:29 +0100
Processing by StaticPagesController#index as HTML
  Rendering layout layouts/application.html.erb
  Rendering static_pages/index.html.orb within layouts/application
  Rendered static_pages/index.html.orb within layouts/application (Duration: 36.3ms | GC: 3.6ms)
  Rendered layout layouts/application.html.erb (Duration: 37.3ms | GC: 3.6ms)
Completed 200 OK in 39ms (Views: 38.3ms | ActiveRecord: 0.0ms (0 queries, 0 cached) | GC: 3.9ms)


Started GET "/.well-known/appspecific/com.chrome.devtools.json" for ::1 at 2025-12-01 11:35:29 +0100
  
ActionController::RoutingError (No route matches [GET] "/.well-known/appspecific/com.chrome.devtools.json"):
  
Started GET "/" for ::1 at 2025-12-01 11:35:39 +0100
Processing by StaticPagesController#index as HTML
  Rendering layout layouts/application.html.erb
  Rendering static_pages/index.html.orb within layouts/application
  Rendered static_pages/index.html.orb within layouts/application (Duration: 77.3ms | GC: 4.7ms)
  Rendered layout layouts/application.html.erb (Duration: 80.5ms | GC: 4.8ms)
Completed 200 OK in 83ms (Views: 81.7ms | ActiveRecord: 0.0ms (0 queries, 0 cached) | GC: 4.8ms)


Started GET "/.well-known/appspecific/com.chrome.devtools.json" for ::1 at 2025-12-01 11:35:40 +0100
  
ActionController::RoutingError (No route matches [GET] "/.well-known/appspecific/com.chrome.devtools.json"):
  
Started GET "/" for ::1 at 2025-12-01 11:36:00 +0100
Processing by StaticPagesController#index as HTML
  Rendering layout layouts/application.html.erb
  Rendering static_pages/index.html.orb within layouts/application
  Rendered static_pages/index.html.orb within layouts/application (Duration: 98.9ms | GC: 3.3ms)
  Rendered layout layouts/application.html.erb (Duration: 100.0ms | GC: 3.3ms)
Completed 200 OK in 102ms (Views: 100.7ms | ActiveRecord: 0.0ms (0 queries, 0 cached) | GC: 3.3ms)


Started GET "/.well-known/appspecific/com.chrome.devtools.json" for ::1 at 2025-12-01 11:36:00 +0100
  
ActionController::RoutingError (No route matches [GET] "/.well-known/appspecific/com.chrome.devtools.json"):
  
Started GET "/" for ::1 at 2025-12-01 11:36:18 +0100
Processing by StaticPagesController#index as HTML
  Rendering layout layouts/application.html.erb
  Rendering static_pages/index.html.orb within layouts/application
  Rendered static_pages/index.html.orb within layouts/application (Duration: 81.9ms | GC: 1.9ms)
  Rendered layout layouts/application.html.erb (Duration: 83.1ms | GC: 1.9ms)
Completed 200 OK in 90ms (Views: 88.7ms | ActiveRecord: 0.0ms (0 queries, 0 cached) | GC: 2.2ms)


Started GET "/.well-known/appspecific/com.chrome.devtools.json" for ::1 at 2025-12-01 11:36:18 +0100
  
ActionController::RoutingError (No route matches [GET] "/.well-known/appspecific/com.chrome.devtools.json"):
  
Started GET "/" for ::1 at 2025-12-01 11:36:21 +0100
Processing by StaticPagesController#index as HTML
  Rendering layout layouts/application.html.erb
  Rendering static_pages/index.html.orb within layouts/application
  Rendered static_pages/index.html.orb within layouts/application (Duration: 114.3ms | GC: 2.1ms)
  Rendered layout layouts/application.html.erb (Duration: 116.6ms | GC: 2.1ms)
Completed 200 OK in 118ms (Views: 117.3ms | ActiveRecord: 0.0ms (0 queries, 0 cached) | GC: 2.1ms)


Started GET "/.well-known/appspecific/com.chrome.devtools.json" for ::1 at 2025-12-01 11:36:21 +0100
  
ActionController::RoutingError (No route matches [GET] "/.well-known/appspecific/com.chrome.devtools.json"):
  
Started GET "/" for ::1 at 2025-12-01 11:36:46 +0100
Processing by StaticPagesController#index as HTML
  Rendering layout layouts/application.html.erb
  Rendering static_pages/index.html.orb within layouts/application
  Rendered static_pages/index.html.orb within layouts/application (Duration: 36.5ms | GC: 3.3ms)
  Rendered layout layouts/application.html.erb (Duration: 37.4ms | GC: 3.3ms)
Completed 200 OK in 39ms (Views: 38.2ms | ActiveRecord: 0.0ms (0 queries, 0 cached) | GC: 3.3ms)


Started GET "/.well-known/appspecific/com.chrome.devtools.json" for ::1 at 2025-12-01 11:36:46 +0100
  
ActionController::RoutingError (No route matches [GET] "/.well-known/appspecific/com.chrome.devtools.json"):
  
Started GET "/" for ::1 at 2025-12-01 11:36:55 +0100
Processing by StaticPagesController#index as HTML
  Rendering layout layouts/application.html.erb
  Rendering static_pages/index.html.orb within layouts/application
  Rendered static_pages/index.html.orb within layouts/application (Duration: 38.4ms | GC: 5.7ms)
  Rendered layout layouts/application.html.erb (Duration: 39.5ms | GC: 5.9ms)
Completed 200 OK in 42ms (Views: 40.8ms | ActiveRecord: 0.0ms (0 queries, 0 cached) | GC: 6.3ms)


Started GET "/.well-known/appspecific/com.chrome.devtools.json" for ::1 at 2025-12-01 11:36:55 +0100
  
ActionController::RoutingError (No route matches [GET] "/.well-known/appspecific/com.chrome.devtools.json"):
  
Started GET "/" for ::1 at 2025-12-01 11:37:04 +0100
Processing by StaticPagesController#index as HTML
  Rendering layout layouts/application.html.erb
  Rendering static_pages/index.html.orb within layouts/application
  Rendered static_pages/index.html.orb within layouts/application (Duration: 32.7ms | GC: 2.6ms)
  Rendered layout layouts/application.html.erb (Duration: 33.5ms | GC: 2.6ms)
Completed 200 OK in 35ms (Views: 34.5ms | ActiveRecord: 0.0ms (0 queries, 0 cached) | GC: 2.6ms)


Started GET "/.well-known/appspecific/com.chrome.devtools.json" for ::1 at 2025-12-01 11:37:04 +0100
  
ActionController::RoutingError (No route matches [GET] "/.well-known/appspecific/com.chrome.devtools.json"):
  
Started GET "/" for ::1 at 2025-12-01 11:37:47 +0100
Processing by StaticPagesController#index as HTML
  Rendering layout layouts/application.html.erb
  Rendering static_pages/index.html.orb within layouts/application
  Rendered static_pages/index.html.orb within layouts/application (Duration: 34.7ms | GC: 2.9ms)
  Rendered layout layouts/application.html.erb (Duration: 35.5ms | GC: 2.9ms)
Completed 200 OK in 37ms (Views: 36.2ms | ActiveRecord: 0.0ms (0 queries, 0 cached) | GC: 2.9ms)


Started GET "/.well-known/appspecific/com.chrome.devtools.json" for ::1 at 2025-12-01 11:37:47 +0100
  
ActionController::RoutingError (No route matches [GET] "/.well-known/appspecific/com.chrome.devtools.json"):
  
Started GET "/" for ::1 at 2025-12-01 11:38:13 +0100
Processing by StaticPagesController#index as HTML
  Rendering layout layouts/application.html.erb
  Rendering static_pages/index.html.orb within layouts/application
  Rendered static_pages/index.html.orb within layouts/application (Duration: 34.7ms | GC: 2.5ms)
  Rendered layout layouts/application.html.erb (Duration: 35.6ms | GC: 2.5ms)
Completed 200 OK in 39ms (Views: 36.7ms | ActiveRecord: 0.0ms (0 queries, 0 cached) | GC: 3.1ms)


Started GET "/.well-known/appspecific/com.chrome.devtools.json" for ::1 at 2025-12-01 11:38:13 +0100
  
ActionController::RoutingError (No route matches [GET] "/.well-known/appspecific/com.chrome.devtools.json"):
  
Started GET "/" for ::1 at 2025-12-01 11:38:24 +0100
Processing by StaticPagesController#index as HTML
  Rendering layout layouts/application.html.erb
  Rendering static_pages/index.html.orb within layouts/application
  Rendered static_pages/index.html.orb within layouts/application (Duration: 48.0ms | GC: 5.1ms)
  Rendered layout layouts/application.html.erb (Duration: 48.9ms | GC: 5.1ms)
Completed 200 OK in 51ms (Views: 49.7ms | ActiveRecord: 0.0ms (0 queries, 0 cached) | GC: 5.1ms)


Started GET "/.well-known/appspecific/com.chrome.devtools.json" for ::1 at 2025-12-01 11:38:24 +0100
  
ActionController::RoutingError (No route matches [GET] "/.well-known/appspecific/com.chrome.devtools.json"):
  
Started GET "/" for ::1 at 2025-12-01 11:38:33 +0100
Processing by StaticPagesController#index as HTML
  Rendering layout layouts/application.html.erb
  Rendering static_pages/index.html.orb within layouts/application
  Rendered static_pages/index.html.orb within layouts/application (Duration: 44.8ms | GC: 5.8ms)
  Rendered layout layouts/application.html.erb (Duration: 47.0ms | GC: 5.9ms)
Completed 200 OK in 49ms (Views: 47.8ms | ActiveRecord: 0.0ms (0 queries, 0 cached) | GC: 5.9ms)


Started GET "/.well-known/appspecific/com.chrome.devtools.json" for ::1 at 2025-12-01 11:38:33 +0100
  
ActionController::RoutingError (No route matches [GET] "/.well-known/appspecific/com.chrome.devtools.json"):
  
Started GET "/" for ::1 at 2025-12-01 11:38:40 +0100
Processing by StaticPagesController#index as HTML
  Rendering layout layouts/application.html.erb
  Rendering static_pages/index.html.orb within layouts/application
  Rendered static_pages/index.html.orb within layouts/application (Duration: 38.1ms | GC: 5.3ms)
  Rendered layout layouts/application.html.erb (Duration: 40.0ms | GC: 6.3ms)
Completed 200 OK in 42ms (Views: 40.8ms | ActiveRecord: 0.0ms (0 queries, 0 cached) | GC: 6.3ms)


Started GET "/.well-known/appspecific/com.chrome.devtools.json" for ::1 at 2025-12-01 11:38:40 +0100
  
ActionController::RoutingError (No route matches [GET] "/.well-known/appspecific/com.chrome.devtools.json"):
  
Started GET "/" for ::1 at 2025-12-01 11:39:04 +0100
Processing by StaticPagesController#index as HTML
  Rendering layout layouts/application.html.erb
  Rendering static_pages/index.html.orb within layouts/application
  Rendered static_pages/index.html.orb within layouts/application (Duration: 38.7ms | GC: 6.1ms)
  Rendered layout layouts/application.html.erb (Duration: 39.6ms | GC: 6.1ms)
Completed 200 OK in 42ms (Views: 40.7ms | ActiveRecord: 0.0ms (0 queries, 0 cached) | GC: 6.1ms)


Started GET "/.well-known/appspecific/com.chrome.devtools.json" for ::1 at 2025-12-01 11:39:04 +0100
  
ActionController::RoutingError (No route matches [GET] "/.well-known/appspecific/com.chrome.devtools.json"):
  
Started GET "/" for ::1 at 2025-12-01 11:39:09 +0100
Processing by StaticPagesController#index as HTML
  Rendering layout layouts/application.html.erb
  Rendering static_pages/index.html.orb within layouts/application
  Rendered static_pages/index.html.orb within layouts/application (Duration: 39.1ms | GC: 5.6ms)
  Rendered layout layouts/application.html.erb (Duration: 40.0ms | GC: 5.6ms)
Completed 200 OK in 42ms (Views: 40.7ms | ActiveRecord: 0.0ms (0 queries, 0 cached) | GC: 5.6ms)


Started GET "/.well-known/appspecific/com.chrome.devtools.json" for ::1 at 2025-12-01 11:39:09 +0100
  
ActionController::RoutingError (No route matches [GET] "/.well-known/appspecific/com.chrome.devtools.json"):
  
Started GET "/" for ::1 at 2025-12-01 11:39:36 +0100
Processing by StaticPagesController#index as HTML
  Rendering layout layouts/application.html.erb
  Rendering static_pages/index.html.orb within layouts/application
  Rendered static_pages/index.html.orb within layouts/application (Duration: 36.8ms | GC: 4.9ms)
  Rendered layout layouts/application.html.erb (Duration: 37.6ms | GC: 4.9ms)
Completed 200 OK in 39ms (Views: 38.4ms | ActiveRecord: 0.0ms (0 queries, 0 cached) | GC: 4.9ms)


Started GET "/.well-known/appspecific/com.chrome.devtools.json" for ::1 at 2025-12-01 11:39:36 +0100
  
ActionController::RoutingError (No route matches [GET] "/.well-known/appspecific/com.chrome.devtools.json"):
  
Started GET "/" for ::1 at 2025-12-01 11:39:50 +0100
Processing by StaticPagesController#index as HTML
  Rendering layout layouts/application.html.erb
  Rendering static_pages/index.html.orb within layouts/application
  Rendered static_pages/index.html.orb within layouts/application (Duration: 38.9ms | GC: 5.0ms)
  Rendered layout layouts/application.html.erb (Duration: 40.3ms | GC: 5.0ms)
Completed 200 OK in 42ms (Views: 41.1ms | ActiveRecord: 0.0ms (0 queries, 0 cached) | GC: 5.0ms)


Started GET "/.well-known/appspecific/com.chrome.devtools.json" for ::1 at 2025-12-01 11:39:50 +0100
  
ActionController::RoutingError (No route matches [GET] "/.well-known/appspecific/com.chrome.devtools.json"):
  
Started GET "/" for ::1 at 2025-12-01 11:40:08 +0100
Processing by StaticPagesController#index as HTML
  Rendering layout layouts/application.html.erb
  Rendering static_pages/index.html.orb within layouts/application
  Rendered static_pages/index.html.orb within layouts/application (Duration: 37.3ms | GC: 4.1ms)
  Rendered layout layouts/application.html.erb (Duration: 38.8ms | GC: 4.3ms)
Completed 200 OK in 40ms (Views: 39.5ms | ActiveRecord: 0.0ms (0 queries, 0 cached) | GC: 4.3ms)


Started GET "/.well-known/appspecific/com.chrome.devtools.json" for ::1 at 2025-12-01 11:40:08 +0100
  
ActionController::RoutingError (No route matches [GET] "/.well-known/appspecific/com.chrome.devtools.json"):
  
Started GET "/" for ::1 at 2025-12-01 11:40:26 +0100
Processing by StaticPagesController#index as HTML
  Rendering layout layouts/application.html.erb
  Rendering static_pages/index.html.orb within layouts/application
  Rendered static_pages/index.html.orb within layouts/application (Duration: 64.7ms | GC: 30.0ms)
  Rendered layout layouts/application.html.erb (Duration: 65.6ms | GC: 30.0ms)
Completed 200 OK in 67ms (Views: 66.3ms | ActiveRecord: 0.0ms (0 queries, 0 cached) | GC: 30.0ms)


Started GET "/.well-known/appspecific/com.chrome.devtools.json" for ::1 at 2025-12-01 11:40:27 +0100
  
ActionController::RoutingError (No route matches [GET] "/.well-known/appspecific/com.chrome.devtools.json"):
  
Started GET "/" for ::1 at 2025-12-01 11:40:35 +0100
Processing by StaticPagesController#index as HTML
  Rendering layout layouts/application.html.erb
  Rendering static_pages/index.html.orb within layouts/application
  Rendered static_pages/index.html.orb within layouts/application (Duration: 37.8ms | GC: 4.2ms)
  Rendered layout layouts/application.html.erb (Duration: 38.9ms | GC: 4.4ms)
Completed 200 OK in 40ms (Views: 39.6ms | ActiveRecord: 0.0ms (0 queries, 0 cached) | GC: 4.4ms)


Started GET "/.well-known/appspecific/com.chrome.devtools.json" for ::1 at 2025-12-01 11:40:35 +0100
  
ActionController::RoutingError (No route matches [GET] "/.well-known/appspecific/com.chrome.devtools.json"):
  
Started GET "/" for ::1 at 2025-12-01 11:40:39 +0100
Processing by StaticPagesController#index as HTML
  Rendering layout layouts/application.html.erb
  Rendering static_pages/index.html.orb within layouts/application
  Rendered static_pages/index.html.orb within layouts/application (Duration: 36.9ms | GC: 4.8ms)
  Rendered layout layouts/application.html.erb (Duration: 37.7ms | GC: 4.8ms)
Completed 200 OK in 39ms (Views: 38.5ms | ActiveRecord: 0.0ms (0 queries, 0 cached) | GC: 4.8ms)


Started GET "/.well-known/appspecific/com.chrome.devtools.json" for ::1 at 2025-12-01 11:40:40 +0100
  
ActionController::RoutingError (No route matches [GET] "/.well-known/appspecific/com.chrome.devtools.json"):
  
Started GET "/" for ::1 at 2025-12-01 11:40:48 +0100
Processing by StaticPagesController#index as HTML
  Rendering layout layouts/application.html.erb
  Rendering static_pages/index.html.orb within layouts/application
  Rendered static_pages/index.html.orb within layouts/application (Duration: 37.7ms | GC: 5.0ms)
  Rendered layout layouts/application.html.erb (Duration: 38.7ms | GC: 5.0ms)
Completed 200 OK in 40ms (Views: 39.5ms | ActiveRecord: 0.0ms (0 queries, 0 cached) | GC: 5.0ms)


Started GET "/.well-known/appspecific/com.chrome.devtools.json" for ::1 at 2025-12-01 11:40:48 +0100
  
ActionController::RoutingError (No route matches [GET] "/.well-known/appspecific/com.chrome.devtools.json"):
  
Started GET "/" for ::1 at 2025-12-01 11:40:58 +0100
Processing by StaticPagesController#index as HTML
  Rendering layout layouts/application.html.erb
  Rendering static_pages/index.html.orb within layouts/application
  Rendered static_pages/index.html.orb within layouts/application (Duration: 35.0ms | GC: 3.7ms)
  Rendered layout layouts/application.html.erb (Duration: 36.0ms | GC: 3.7ms)
Completed 200 OK in 38ms (Views: 37.2ms | ActiveRecord: 0.0ms (0 queries, 0 cached) | GC: 4.1ms)


Started GET "/.well-known/appspecific/com.chrome.devtools.json" for ::1 at 2025-12-01 11:40:58 +0100
  
ActionController::RoutingError (No route matches [GET] "/.well-known/appspecific/com.chrome.devtools.json"):
  
Started GET "/" for ::1 at 2025-12-01 11:41:08 +0100
Processing by StaticPagesController#index as HTML
  Rendering layout layouts/application.html.erb
  Rendering static_pages/index.html.orb within layouts/application
  Rendered static_pages/index.html.orb within layouts/application (Duration: 36.3ms | GC: 5.2ms)
  Rendered layout layouts/application.html.erb (Duration: 37.2ms | GC: 5.2ms)
Completed 200 OK in 39ms (Views: 38.0ms | ActiveRecord: 0.0ms (0 queries, 0 cached) | GC: 5.2ms)


Started GET "/.well-known/appspecific/com.chrome.devtools.json" for ::1 at 2025-12-01 11:41:08 +0100
  
ActionController::RoutingError (No route matches [GET] "/.well-known/appspecific/com.chrome.devtools.json"):
  
Started GET "/" for ::1 at 2025-12-01 11:41:12 +0100
Processing by StaticPagesController#index as HTML
  Rendering layout layouts/application.html.erb
  Rendering static_pages/index.html.orb within layouts/application
  Rendered static_pages/index.html.orb within layouts/application (Duration: 39.5ms | GC: 5.8ms)
  Rendered layout layouts/application.html.erb (Duration: 40.4ms | GC: 5.8ms)
Completed 200 OK in 42ms (Views: 41.1ms | ActiveRecord: 0.0ms (0 queries, 0 cached) | GC: 5.8ms)


Started GET "/.well-known/appspecific/com.chrome.devtools.json" for ::1 at 2025-12-01 11:41:12 +0100
  
ActionController::RoutingError (No route matches [GET] "/.well-known/appspecific/com.chrome.devtools.json"):
  
Started GET "/" for ::1 at 2025-12-01 11:41:51 +0100
Processing by StaticPagesController#index as HTML
  Rendering layout layouts/application.html.erb
  Rendering static_pages/index.html.orb within layouts/application
  Rendered static_pages/index.html.orb within layouts/application (Duration: 40.0ms | GC: 6.4ms)
  Rendered layout layouts/application.html.erb (Duration: 40.8ms | GC: 6.4ms)
Completed 200 OK in 42ms (Views: 41.5ms | ActiveRecord: 0.0ms (0 queries, 0 cached) | GC: 6.4ms)


Started GET "/.well-known/appspecific/com.chrome.devtools.json" for ::1 at 2025-12-01 11:41:52 +0100
  
ActionController::RoutingError (No route matches [GET] "/.well-known/appspecific/com.chrome.devtools.json"):
  
Started GET "/" for ::1 at 2025-12-01 11:41:57 +0100
Processing by StaticPagesController#index as HTML
  Rendering layout layouts/application.html.erb
  Rendering static_pages/index.html.orb within layouts/application
  Rendered static_pages/index.html.orb within layouts/application (Duration: 42.9ms | GC: 6.5ms)
  Rendered layout layouts/application.html.erb (Duration: 43.8ms | GC: 6.5ms)
Completed 200 OK in 45ms (Views: 44.5ms | ActiveRecord: 0.0ms (0 queries, 0 cached) | GC: 6.5ms)


Started GET "/.well-known/appspecific/com.chrome.devtools.json" for ::1 at 2025-12-01 11:41:57 +0100
  
ActionController::RoutingError (No route matches [GET] "/.well-known/appspecific/com.chrome.devtools.json"):
  
Started GET "/" for ::1 at 2025-12-01 11:42:03 +0100
Processing by StaticPagesController#index as HTML
  Rendering layout layouts/application.html.erb
  Rendering static_pages/index.html.orb within layouts/application
  Rendered static_pages/index.html.orb within layouts/application (Duration: 37.4ms | GC: 4.2ms)
  Rendered layout layouts/application.html.erb (Duration: 38.3ms | GC: 4.2ms)
Completed 200 OK in 40ms (Views: 39.3ms | ActiveRecord: 0.0ms (0 queries, 0 cached) | GC: 4.2ms)


Started GET "/.well-known/appspecific/com.chrome.devtools.json" for ::1 at 2025-12-01 11:42:04 +0100
  
ActionController::RoutingError (No route matches [GET] "/.well-known/appspecific/com.chrome.devtools.json"):
  
Started GET "/" for ::1 at 2025-12-01 13:18:59 +0100
  [1m[36mActiveRecord::SchemaMigration Load (0.1ms)[0m  [1m[34mSELECT "schema_migrations"."version" FROM "schema_migrations" ORDER BY "schema_migrations"."version" ASC /*application='Demo'*/[0m
Processing by StaticPagesController#index as HTML
  Rendering layout layouts/application.html.erb
  Rendering static_pages/index.html.orb within layouts/application
  Rendered static_pages/index.html.orb within layouts/application (Duration: 54.1ms | GC: 0.2ms)
  Rendered layout layouts/application.html.erb (Duration: 58.3ms | GC: 0.2ms)
Completed 200 OK in 69ms (Views: 60.5ms | ActiveRecord: 0.0ms (0 queries, 0 cached) | GC: 0.8ms)


Started GET "/.well-known/appspecific/com.chrome.devtools.json" for ::1 at 2025-12-01 13:18:59 +0100
  
ActionController::RoutingError (No route matches [GET] "/.well-known/appspecific/com.chrome.devtools.json"):
  
Started GET "/components" for ::1 at 2025-12-01 13:19:01 +0100
Processing by StaticPagesController#components as HTML
  Rendering layout layouts/application.html.erb
  Rendering static_pages/components.html.orb within layouts/application
  Rendered static_pages/components.html.orb within layouts/application (Duration: 18.0ms | GC: 1.1ms)
  Rendered layout layouts/application.html.erb (Duration: 18.6ms | GC: 1.1ms)
Completed 200 OK in 20ms (Views: 19.2ms | ActiveRecord: 0.0ms (0 queries, 0 cached) | GC: 1.4ms)


Started GET "/components" for ::1 at 2025-12-01 13:19:28 +0100
Processing by StaticPagesController#components as HTML
  Rendering layout layouts/application.html.erb
  Rendering static_pages/components.html.orb within layouts/application
  Rendered static_pages/components.html.orb within layouts/application (Duration: 124.7ms | GC: 13.6ms)
  Rendered layout layouts/application.html.erb (Duration: 126.7ms | GC: 13.9ms)
Completed 200 OK in 128ms (Views: 127.5ms | ActiveRecord: 0.0ms (0 queries, 0 cached) | GC: 13.9ms)


Started GET "/.well-known/appspecific/com.chrome.devtools.json" for ::1 at 2025-12-01 13:19:28 +0100
  
ActionController::RoutingError (No route matches [GET] "/.well-known/appspecific/com.chrome.devtools.json"):
  
Started GET "/components" for ::1 at 2025-12-01 13:19:41 +0100
Processing by StaticPagesController#components as HTML
  Rendering layout layouts/application.html.erb
  Rendering static_pages/components.html.orb within layouts/application
  Rendered static_pages/components.html.orb within layouts/application (Duration: 65.2ms | GC: 8.7ms)
  Rendered layout layouts/application.html.erb (Duration: 69.3ms | GC: 9.2ms)
Completed 200 OK in 71ms (Views: 70.2ms | ActiveRecord: 0.0ms (0 queries, 0 cached) | GC: 9.2ms)


Started GET "/.well-known/appspecific/com.chrome.devtools.json" for ::1 at 2025-12-01 13:19:41 +0100
  
ActionController::RoutingError (No route matches [GET] "/.well-known/appspecific/com.chrome.devtools.json"):
  
Started GET "/components" for ::1 at 2025-12-01 13:19:55 +0100
Processing by StaticPagesController#components as HTML
  Rendering layout layouts/application.html.erb
  Rendering static_pages/components.html.orb within layouts/application
  Rendered static_pages/components.html.orb within layouts/application (Duration: 25.2ms | GC: 5.3ms)
  Rendered layout layouts/application.html.erb (Duration: 26.3ms | GC: 5.4ms)
Completed 200 OK in 28ms (Views: 27.2ms | ActiveRecord: 0.0ms (0 queries, 0 cached) | GC: 5.4ms)


Started GET "/.well-known/appspecific/com.chrome.devtools.json" for ::1 at 2025-12-01 13:19:55 +0100
  
ActionController::RoutingError (No route matches [GET] "/.well-known/appspecific/com.chrome.devtools.json"):
  
Started GET "/components" for ::1 at 2025-12-01 13:20:36 +0100
Processing by StaticPagesController#components as HTML
  Rendering layout layouts/application.html.erb
  Rendering static_pages/components.html.orb within layouts/application
  Rendered static_pages/components.html.orb within layouts/application (Duration: 24.0ms | GC: 4.8ms)
  Rendered layout layouts/application.html.erb (Duration: 25.0ms | GC: 4.8ms)
Completed 200 OK in 27ms (Views: 26.0ms | ActiveRecord: 0.0ms (0 queries, 0 cached) | GC: 5.1ms)


Started GET "/.well-known/appspecific/com.chrome.devtools.json" for ::1 at 2025-12-01 13:20:36 +0100
  
ActionController::RoutingError (No route matches [GET] "/.well-known/appspecific/com.chrome.devtools.json"):
  
Started GET "/components" for ::1 at 2025-12-01 13:21:13 +0100
Processing by StaticPagesController#components as HTML
  Rendering layout layouts/application.html.erb
  Rendering static_pages/components.html.orb within layouts/application
  Rendered static_pages/components.html.orb within layouts/application (Duration: 20.6ms | GC: 2.6ms)
  Rendered layout layouts/application.html.erb (Duration: 21.4ms | GC: 2.6ms)
Completed 200 OK in 23ms (Views: 22.1ms | ActiveRecord: 0.0ms (0 queries, 0 cached) | GC: 2.6ms)


Started GET "/.well-known/appspecific/com.chrome.devtools.json" for ::1 at 2025-12-01 13:21:13 +0100
  
ActionController::RoutingError (No route matches [GET] "/.well-known/appspecific/com.chrome.devtools.json"):
  
Started GET "/components" for ::1 at 2025-12-01 13:21:26 +0100
Processing by StaticPagesController#components as HTML
  Rendering layout layouts/application.html.erb
  Rendering static_pages/components.html.orb within layouts/application
  Rendered static_pages/components.html.orb within layouts/application (Duration: 21.1ms | GC: 2.2ms)
  Rendered layout layouts/application.html.erb (Duration: 21.9ms | GC: 2.2ms)
Completed 200 OK in 23ms (Views: 22.6ms | ActiveRecord: 0.0ms (0 queries, 0 cached) | GC: 2.2ms)


Started GET "/.well-known/appspecific/com.chrome.devtools.json" for ::1 at 2025-12-01 13:21:26 +0100
  
ActionController::RoutingError (No route matches [GET] "/.well-known/appspecific/com.chrome.devtools.json"):
  
Started GET "/components" for ::1 at 2025-12-01 13:21:48 +0100
Processing by StaticPagesController#components as HTML
  Rendering layout layouts/application.html.erb
  Rendering static_pages/components.html.orb within layouts/application
  Rendered static_pages/components.html.orb within layouts/application (Duration: 21.8ms | GC: 1.6ms)
  Rendered layout layouts/application.html.erb (Duration: 23.7ms | GC: 1.6ms)
Completed 200 OK in 25ms (Views: 24.7ms | ActiveRecord: 0.0ms (0 queries, 0 cached) | GC: 1.7ms)


Started GET "/.well-known/appspecific/com.chrome.devtools.json" for ::1 at 2025-12-01 13:21:48 +0100
  
ActionController::RoutingError (No route matches [GET] "/.well-known/appspecific/com.chrome.devtools.json"):
  
Started GET "/components" for ::1 at 2025-12-01 13:22:01 +0100
Processing by StaticPagesController#components as HTML
  Rendering layout layouts/application.html.erb
  Rendering static_pages/components.html.orb within layouts/application
  Rendered static_pages/components.html.orb within layouts/application (Duration: 21.9ms | GC: 1.4ms)
  Rendered layout layouts/application.html.erb (Duration: 22.8ms | GC: 1.4ms)
Completed 200 OK in 25ms (Views: 24.3ms | ActiveRecord: 0.0ms (0 queries, 0 cached) | GC: 1.4ms)


Started GET "/.well-known/appspecific/com.chrome.devtools.json" for ::1 at 2025-12-01 13:22:01 +0100
  
ActionController::RoutingError (No route matches [GET] "/.well-known/appspecific/com.chrome.devtools.json"):
  
Started GET "/components" for ::1 at 2025-12-01 13:22:16 +0100
Processing by StaticPagesController#components as HTML
  Rendering layout layouts/application.html.erb
  Rendering static_pages/components.html.orb within layouts/application
  Rendered static_pages/components.html.orb within layouts/application (Duration: 20.9ms | GC: 1.6ms)
  Rendered layout layouts/application.html.erb (Duration: 21.9ms | GC: 1.6ms)
Completed 200 OK in 23ms (Views: 22.6ms | ActiveRecord: 0.0ms (0 queries, 0 cached) | GC: 1.6ms)


Started GET "/.well-known/appspecific/com.chrome.devtools.json" for ::1 at 2025-12-01 13:22:16 +0100
  
ActionController::RoutingError (No route matches [GET] "/.well-known/appspecific/com.chrome.devtools.json"):
  
Started GET "/components" for ::1 at 2025-12-01 13:23:12 +0100
Processing by StaticPagesController#components as HTML
  Rendering layout layouts/application.html.erb
  Rendering static_pages/components.html.orb within layouts/application
  Rendered static_pages/components.html.orb within layouts/application (Duration: 25.2ms | GC: 3.3ms)
  Rendered layout layouts/application.html.erb (Duration: 26.1ms | GC: 3.3ms)
Completed 200 OK in 28ms (Views: 27.0ms | ActiveRecord: 0.0ms (0 queries, 0 cached) | GC: 3.4ms)


Started GET "/.well-known/appspecific/com.chrome.devtools.json" for ::1 at 2025-12-01 13:23:12 +0100
  
ActionController::RoutingError (No route matches [GET] "/.well-known/appspecific/com.chrome.devtools.json"):
  
Started GET "/components" for ::1 at 2025-12-01 13:23:23 +0100
Processing by StaticPagesController#components as HTML
  Rendering layout layouts/application.html.erb
  Rendering static_pages/components.html.orb within layouts/application
  Rendered static_pages/components.html.orb within layouts/application (Duration: 20.0ms | GC: 1.9ms)
  Rendered layout layouts/application.html.erb (Duration: 20.8ms | GC: 1.9ms)
Completed 200 OK in 22ms (Views: 21.5ms | ActiveRecord: 0.0ms (0 queries, 0 cached) | GC: 2.0ms)


Started GET "/.well-known/appspecific/com.chrome.devtools.json" for ::1 at 2025-12-01 13:23:24 +0100
  
ActionController::RoutingError (No route matches [GET] "/.well-known/appspecific/com.chrome.devtools.json"):
  
Started GET "/components" for ::1 at 2025-12-01 13:23:37 +0100
Processing by StaticPagesController#components as HTML
  Rendering layout layouts/application.html.erb
  Rendering static_pages/components.html.orb within layouts/application
  Rendered static_pages/components.html.orb within layouts/application (Duration: 22.9ms | GC: 2.7ms)
  Rendered layout layouts/application.html.erb (Duration: 23.8ms | GC: 2.7ms)
Completed 200 OK in 25ms (Views: 24.5ms | ActiveRecord: 0.0ms (0 queries, 0 cached) | GC: 2.7ms)


Started GET "/.well-known/appspecific/com.chrome.devtools.json" for ::1 at 2025-12-01 13:23:37 +0100
  
ActionController::RoutingError (No route matches [GET] "/.well-known/appspecific/com.chrome.devtools.json"):
  
Started GET "/components" for ::1 at 2025-12-01 13:23:52 +0100
Processing by StaticPagesController#components as HTML
  Rendering layout layouts/application.html.erb
  Rendering static_pages/components.html.orb within layouts/application
  Rendered static_pages/components.html.orb within layouts/application (Duration: 26.3ms | GC: 4.1ms)
  Rendered layout layouts/application.html.erb (Duration: 27.1ms | GC: 4.1ms)
Completed 200 OK in 29ms (Views: 28.0ms | ActiveRecord: 0.0ms (0 queries, 0 cached) | GC: 4.1ms)


Started GET "/.well-known/appspecific/com.chrome.devtools.json" for ::1 at 2025-12-01 13:23:52 +0100
  
ActionController::RoutingError (No route matches [GET] "/.well-known/appspecific/com.chrome.devtools.json"):
  
Started GET "/components" for ::1 at 2025-12-01 13:24:10 +0100
Processing by StaticPagesController#components as HTML
  Rendering layout layouts/application.html.erb
  Rendering static_pages/components.html.orb within layouts/application
  Rendered static_pages/components.html.orb within layouts/application (Duration: 20.4ms | GC: 1.9ms)
  Rendered layout layouts/application.html.erb (Duration: 21.5ms | GC: 1.9ms)
Completed 200 OK in 23ms (Views: 22.3ms | ActiveRecord: 0.0ms (0 queries, 0 cached) | GC: 1.9ms)


Started GET "/.well-known/appspecific/com.chrome.devtools.json" for ::1 at 2025-12-01 13:24:10 +0100
  
ActionController::RoutingError (No route matches [GET] "/.well-known/appspecific/com.chrome.devtools.json"):
  
Started GET "/components" for ::1 at 2025-12-01 13:24:23 +0100
Processing by StaticPagesController#components as HTML
  Rendering layout layouts/application.html.erb
  Rendering static_pages/components.html.orb within layouts/application
  Rendered static_pages/components.html.orb within layouts/application (Duration: 23.5ms | GC: 3.5ms)
  Rendered layout layouts/application.html.erb (Duration: 24.3ms | GC: 3.5ms)
Completed 200 OK in 26ms (Views: 25.1ms | ActiveRecord: 0.0ms (0 queries, 0 cached) | GC: 3.5ms)


Started GET "/.well-known/appspecific/com.chrome.devtools.json" for ::1 at 2025-12-01 13:24:24 +0100
  
ActionController::RoutingError (No route matches [GET] "/.well-known/appspecific/com.chrome.devtools.json"):
  
Started GET "/components" for ::1 at 2025-12-01 13:24:34 +0100
Processing by StaticPagesController#components as HTML
  Rendering layout layouts/application.html.erb
  Rendering static_pages/components.html.orb within layouts/application
  Rendered static_pages/components.html.orb within layouts/application (Duration: 21.5ms | GC: 2.0ms)
  Rendered layout layouts/application.html.erb (Duration: 22.5ms | GC: 2.0ms)
Completed 200 OK in 24ms (Views: 23.2ms | ActiveRecord: 0.0ms (0 queries, 0 cached) | GC: 2.0ms)


Started GET "/.well-known/appspecific/com.chrome.devtools.json" for ::1 at 2025-12-01 13:24:34 +0100
  
ActionController::RoutingError (No route matches [GET] "/.well-known/appspecific/com.chrome.devtools.json"):
  
Started GET "/components" for ::1 at 2025-12-01 13:24:47 +0100
Processing by StaticPagesController#components as HTML
  Rendering layout layouts/application.html.erb
  Rendering static_pages/components.html.orb within layouts/application
  Rendered static_pages/components.html.orb within layouts/application (Duration: 21.6ms | GC: 2.2ms)
  Rendered layout layouts/application.html.erb (Duration: 23.0ms | GC: 2.9ms)
Completed 200 OK in 24ms (Views: 23.7ms | ActiveRecord: 0.0ms (0 queries, 0 cached) | GC: 2.9ms)


Started GET "/.well-known/appspecific/com.chrome.devtools.json" for ::1 at 2025-12-01 13:24:47 +0100
  
ActionController::RoutingError (No route matches [GET] "/.well-known/appspecific/com.chrome.devtools.json"):
  
Started GET "/components" for ::1 at 2025-12-01 13:26:17 +0100
Processing by StaticPagesController#components as HTML
  Rendering layout layouts/application.html.erb
  Rendering static_pages/components.html.orb within layouts/application
  Rendered static_pages/components.html.orb within layouts/application (Duration: 23.3ms | GC: 3.8ms)
  Rendered layout layouts/application.html.erb (Duration: 24.1ms | GC: 3.8ms)
Completed 200 OK in 26ms (Views: 24.9ms | ActiveRecord: 0.0ms (0 queries, 0 cached) | GC: 3.8ms)


Started GET "/.well-known/appspecific/com.chrome.devtools.json" for ::1 at 2025-12-01 13:26:17 +0100
  
ActionController::RoutingError (No route matches [GET] "/.well-known/appspecific/com.chrome.devtools.json"):
  
Started GET "/components" for ::1 at 2025-12-01 13:26:46 +0100
Processing by StaticPagesController#components as HTML
  Rendering layout layouts/application.html.erb
  Rendering static_pages/components.html.orb within layouts/application
  Rendered static_pages/components.html.orb within layouts/application (Duration: 22.6ms | GC: 2.9ms)
  Rendered layout layouts/application.html.erb (Duration: 23.4ms | GC: 2.9ms)
Completed 200 OK in 25ms (Views: 24.2ms | ActiveRecord: 0.0ms (0 queries, 0 cached) | GC: 2.9ms)


Started GET "/.well-known/appspecific/com.chrome.devtools.json" for ::1 at 2025-12-01 13:26:46 +0100
  
ActionController::RoutingError (No route matches [GET] "/.well-known/appspecific/com.chrome.devtools.json"):
  
Started GET "/components" for ::1 at 2025-12-01 13:27:10 +0100
Processing by StaticPagesController#components as HTML
  Rendering layout layouts/application.html.erb
  Rendering static_pages/components.html.orb within layouts/application
  Rendered static_pages/components.html.orb within layouts/application (Duration: 33.2ms | GC: 10.8ms)
  Rendered layout layouts/application.html.erb (Duration: 34.2ms | GC: 10.9ms)
Completed 200 OK in 37ms (Views: 35.6ms | ActiveRecord: 0.0ms (0 queries, 0 cached) | GC: 11.6ms)


Started GET "/.well-known/appspecific/com.chrome.devtools.json" for ::1 at 2025-12-01 13:27:10 +0100
  
ActionController::RoutingError (No route matches [GET] "/.well-known/appspecific/com.chrome.devtools.json"):
  
Started GET "/components" for ::1 at 2025-12-01 13:27:48 +0100
Processing by StaticPagesController#components as HTML
  Rendering layout layouts/application.html.erb
  Rendering static_pages/components.html.orb within layouts/application
  Rendered static_pages/components.html.orb within layouts/application (Duration: 23.6ms | GC: 2.6ms)
  Rendered layout layouts/application.html.erb (Duration: 24.6ms | GC: 2.8ms)
Completed 200 OK in 26ms (Views: 25.4ms | ActiveRecord: 0.0ms (0 queries, 0 cached) | GC: 2.8ms)


Started GET "/.well-known/appspecific/com.chrome.devtools.json" for ::1 at 2025-12-01 13:27:48 +0100
  
ActionController::RoutingError (No route matches [GET] "/.well-known/appspecific/com.chrome.devtools.json"):
  
Started GET "/components" for ::1 at 2025-12-01 13:31:21 +0100
Processing by StaticPagesController#components as HTML
  Rendering layout layouts/application.html.erb
  Rendering static_pages/components.html.orb within layouts/application
  Rendered static_pages/components.html.orb within layouts/application (Duration: 28.2ms | GC: 3.5ms)
  Rendered layout layouts/application.html.erb (Duration: 29.0ms | GC: 3.5ms)
Completed 200 OK in 31ms (Views: 29.9ms | ActiveRecord: 0.0ms (0 queries, 0 cached) | GC: 3.5ms)


Started GET "/.well-known/appspecific/com.chrome.devtools.json" for ::1 at 2025-12-01 13:31:21 +0100
  
ActionController::RoutingError (No route matches [GET] "/.well-known/appspecific/com.chrome.devtools.json"):
  
Started GET "/components" for ::1 at 2025-12-01 13:31:33 +0100
Processing by StaticPagesController#components as HTML
  Rendering layout layouts/application.html.erb
  Rendering static_pages/components.html.orb within layouts/application
  Rendered static_pages/components.html.orb within layouts/application (Duration: 23.0ms | GC: 2.0ms)
  Rendered layout layouts/application.html.erb (Duration: 24.0ms | GC: 2.0ms)
Completed 200 OK in 25ms (Views: 24.9ms | ActiveRecord: 0.0ms (0 queries, 0 cached) | GC: 2.0ms)


Started GET "/.well-known/appspecific/com.chrome.devtools.json" for ::1 at 2025-12-01 13:31:33 +0100
  
ActionController::RoutingError (No route matches [GET] "/.well-known/appspecific/com.chrome.devtools.json"):
  
Started GET "/components" for ::1 at 2025-12-01 13:32:23 +0100
Processing by StaticPagesController#components as HTML
  Rendering layout layouts/application.html.erb
  Rendering static_pages/components.html.orb within layouts/application
  Rendered static_pages/components.html.orb within layouts/application (Duration: 16.8ms | GC: 3.6ms)
  Rendered layout layouts/application.html.erb (Duration: 16.9ms | GC: 3.6ms)
Completed 500 Internal Server Error in 18ms (ActiveRecord: 0.0ms (0 queries, 0 cached) | GC: 3.6ms)


  
ArgumentError (Reported error must be an Exception, got: #<SyntaxError:"/Volumes/Work/Scratch/orbital/orbital/app/components/orbital/text_field.rb:40: syntax error found\n  \e[2m38 | \e[m; @output_buffer.safe_concat((\"        </label>\".freeze)); end; \n  \e[2m39 | \e[m; @output_buffer.safe_concat((\"        <div class=\\\"Orbital-Input relative flex items-center\\\">          \".freeze)); \n\e[1;31m> \e[m\e[2m40 | \e[m... {@icon_left}))).to_s)); \n  \e[2m   | \e[m    \e[1;31m^~~~~~~~~~~~\e[m unexpected '{' after a method call without parenthesis\n  \e[2m41 | \e[m; @output_buffer.safe_concat((\"        </div>      </div><!-- END /Volumes/Work/Scratch/orbital/orbital/app/components/orbital/text_field.rb -->\\n\".freeze)); \n  \e[2m42 | \e[m; \n">)
Caused by: SyntaxError (/Volumes/Work/Scratch/orbital/orbital/app/components/orbital/text_field.rb:40: syntax error found
  [2m38 | [m; @output_buffer.safe_concat(("        </label>".freeze)); end; 
  [2m39 | [m; @output_buffer.safe_concat(("        <div class=\"Orbital-Input relative flex items-center\">          ".freeze)); 
[1;31m> [m[2m40 | [m... {@icon_left}))).to_s)); 
  [2m   | [m    [1;31m^~~~~~~~~~~~[m unexpected '{' after a method call without parenthesis
  [2m41 | [m; @output_buffer.safe_concat(("        </div>      </div><!-- END /Volumes/Work/Scratch/orbital/orbital/app/components/orbital/text_field.rb -->\n".freeze)); 
  [2m42 | [m; 
)

Information for: ArgumentError (Reported error must be an Exception, got: #<SyntaxError:"/Volumes/Work/Scratch/orbital/orbital/app/components/orbital/text_field.rb:40: syntax error found\n  \e[2m38 | \e[m; @output_buffer.safe_concat((\"        </label>\".freeze)); end; \n  \e[2m39 | \e[m; @output_buffer.safe_concat((\"        <div class=\\\"Orbital-Input relative flex items-center\\\">          \".freeze)); \n\e[1;31m> \e[m\e[2m40 | \e[m... {@icon_left}))).to_s)); \n  \e[2m   | \e[m    \e[1;31m^~~~~~~~~~~~\e[m unexpected '{' after a method call without parenthesis\n  \e[2m41 | \e[m; @output_buffer.safe_concat((\"        </div>      </div><!-- END /Volumes/Work/Scratch/orbital/orbital/app/components/orbital/text_field.rb -->\\n\".freeze)); \n  \e[2m42 | \e[m; \n">):
  
activesupport (8.1.1) lib/active_support/error_reporter.rb:235:in 'ActiveSupport::ErrorReporter#report'
actionpack (8.1.1) lib/action_dispatch/middleware/executor.rb:36:in 'ActionDispatch::Executor#call'
actionpack (8.1.1) lib/action_dispatch/middleware/actionable_exceptions.rb:18:in 'ActionDispatch::ActionableExceptions#call'
actionpack (8.1.1) lib/action_dispatch/middleware/debug_exceptions.rb:31:in 'ActionDispatch::DebugExceptions#call'
web-console (4.2.1) lib/web_console/middleware.rb:132:in 'WebConsole::Middleware#call_app'
web-console (4.2.1) lib/web_console/middleware.rb:28:in 'block in WebConsole::Middleware#call'
web-console (4.2.1) lib/web_console/middleware.rb:17:in 'Kernel#catch'
web-console (4.2.1) lib/web_console/middleware.rb:17:in 'WebConsole::Middleware#call'
actionpack (8.1.1) lib/action_dispatch/middleware/show_exceptions.rb:32:in 'ActionDispatch::ShowExceptions#call'
railties (8.1.1) lib/rails/rack/logger.rb:41:in 'Rails::Rack::Logger#call_app'
railties (8.1.1) lib/rails/rack/logger.rb:29:in 'Rails::Rack::Logger#call'
propshaft (1.3.1) lib/propshaft/quiet_assets.rb:11:in 'Propshaft::QuietAssets#call'
actionpack (8.1.1) lib/action_dispatch/middleware/remote_ip.rb:98:in 'ActionDispatch::RemoteIp#call'
actionpack (8.1.1) lib/action_dispatch/middleware/request_id.rb:34:in 'ActionDispatch::RequestId#call'
rack (3.2.4) lib/rack/method_override.rb:28:in 'Rack::MethodOverride#call'
rack (3.2.4) lib/rack/runtime.rb:24:in 'Rack::Runtime#call'
actionpack (8.1.1) lib/action_dispatch/middleware/server_timing.rb:61:in 'block in ActionDispatch::ServerTiming#call'
actionpack (8.1.1) lib/action_dispatch/middleware/server_timing.rb:26:in 'ActionDispatch::ServerTiming::Subscriber#collect_events'
actionpack (8.1.1) lib/action_dispatch/middleware/server_timing.rb:60:in 'ActionDispatch::ServerTiming#call'
actionpack (8.1.1) lib/action_dispatch/middleware/executor.rb:20:in 'ActionDispatch::Executor#call'
propshaft (1.3.1) lib/propshaft/server.rb:37:in 'Propshaft::Server#call'
actionpack (8.1.1) lib/action_dispatch/middleware/static.rb:27:in 'ActionDispatch::Static#call'
rack (3.2.4) lib/rack/sendfile.rb:131:in 'Rack::Sendfile#call'
actionpack (8.1.1) lib/action_dispatch/middleware/host_authorization.rb:143:in 'ActionDispatch::HostAuthorization#call'
railties (8.1.1) lib/rails/engine.rb:534:in 'Rails::Engine#call'
puma (7.1.0) lib/puma/configuration.rb:300:in 'Puma::Configuration::ConfigMiddleware#call'
puma (7.1.0) lib/puma/request.rb:101:in 'block in Puma::Request#handle_request'
puma (7.1.0) lib/puma/thread_pool.rb:355:in 'Puma::ThreadPool#with_force_shutdown'
puma (7.1.0) lib/puma/request.rb:100:in 'Puma::Request#handle_request'
puma (7.1.0) lib/puma/server.rb:503:in 'Puma::Server#process_client'
puma (7.1.0) lib/puma/server.rb:262:in 'block in Puma::Server#run'
puma (7.1.0) lib/puma/thread_pool.rb:182:in 'block in Puma::ThreadPool#spawn_thread'

Information for cause: SyntaxError (/Volumes/Work/Scratch/orbital/orbital/app/components/orbital/text_field.rb:40: syntax error found
  [2m38 | [m; @output_buffer.safe_concat(("        </label>".freeze)); end; 
  [2m39 | [m; @output_buffer.safe_concat(("        <div class=\"Orbital-Input relative flex items-center\">          ".freeze)); 
[1;31m> [m[2m40 | [m... {@icon_left}))).to_s)); 
  [2m   | [m    [1;31m^~~~~~~~~~~~[m unexpected '{' after a method call without parenthesis
  [2m41 | [m; @output_buffer.safe_concat(("        </div>      </div><!-- END /Volumes/Work/Scratch/orbital/orbital/app/components/orbital/text_field.rb -->\n".freeze)); 
  [2m42 | [m; 
):
  
app/views/static_pages/components.html.orb:3
app/components/demo/app_frame.rb:43:in 'block (2 levels) in Demo::AppFrame#call'
app/components/demo/page.rb:13:in 'Demo::Page#call'
app/components/demo/app_frame.rb:6:in 'block in Demo::AppFrame#call'
app/components/demo/app_frame.rb:5:in 'Demo::AppFrame#call'
app/views/static_pages/components.html.orb:1
Started GET "/.well-known/appspecific/com.chrome.devtools.json" for ::1 at 2025-12-01 13:32:24 +0100
  
ActionController::RoutingError (No route matches [GET] "/.well-known/appspecific/com.chrome.devtools.json"):
  
Started GET "/components" for ::1 at 2025-12-01 13:32:34 +0100
Processing by StaticPagesController#components as HTML
  Rendering layout layouts/application.html.erb
  Rendering static_pages/components.html.orb within layouts/application
  Rendered static_pages/components.html.orb within layouts/application (Duration: 26.9ms | GC: 3.5ms)
  Rendered layout layouts/application.html.erb (Duration: 27.7ms | GC: 3.5ms)
Completed 200 OK in 29ms (Views: 28.5ms | ActiveRecord: 0.0ms (0 queries, 0 cached) | GC: 3.5ms)


Started GET "/.well-known/appspecific/com.chrome.devtools.json" for ::1 at 2025-12-01 13:32:34 +0100
  
ActionController::RoutingError (No route matches [GET] "/.well-known/appspecific/com.chrome.devtools.json"):
  
Started GET "/components" for ::1 at 2025-12-01 13:33:11 +0100
Processing by StaticPagesController#components as HTML
  Rendering layout layouts/application.html.erb
  Rendering static_pages/components.html.orb within layouts/application
  Rendered static_pages/components.html.orb within layouts/application (Duration: 21.4ms | GC: 0.0ms)
  Rendered layout layouts/application.html.erb (Duration: 24.4ms | GC: 2.0ms)
Completed 200 OK in 26ms (Views: 25.2ms | ActiveRecord: 0.0ms (0 queries, 0 cached) | GC: 2.0ms)


Started GET "/.well-known/appspecific/com.chrome.devtools.json" for ::1 at 2025-12-01 13:33:11 +0100
  
ActionController::RoutingError (No route matches [GET] "/.well-known/appspecific/com.chrome.devtools.json"):
  
Started GET "/components" for ::1 at 2025-12-01 13:33:25 +0100
Processing by StaticPagesController#components as HTML
  Rendering layout layouts/application.html.erb
  Rendering static_pages/components.html.orb within layouts/application
  Rendered static_pages/components.html.orb within layouts/application (Duration: 25.0ms | GC: 2.4ms)
  Rendered layout layouts/application.html.erb (Duration: 25.8ms | GC: 2.4ms)
Completed 200 OK in 28ms (Views: 26.7ms | ActiveRecord: 0.0ms (0 queries, 0 cached) | GC: 2.7ms)


Started GET "/.well-known/appspecific/com.chrome.devtools.json" for ::1 at 2025-12-01 13:33:25 +0100
  
ActionController::RoutingError (No route matches [GET] "/.well-known/appspecific/com.chrome.devtools.json"):
  
Started GET "/components" for ::1 at 2025-12-01 13:33:56 +0100
Processing by StaticPagesController#components as HTML
  Rendering layout layouts/application.html.erb
  Rendering static_pages/components.html.orb within layouts/application
  Rendered static_pages/components.html.orb within layouts/application (Duration: 28.5ms | GC: 2.6ms)
  Rendered layout layouts/application.html.erb (Duration: 30.8ms | GC: 2.6ms)
Completed 200 OK in 32ms (Views: 31.8ms | ActiveRecord: 0.0ms (0 queries, 0 cached) | GC: 2.6ms)


Started GET "/.well-known/appspecific/com.chrome.devtools.json" for ::1 at 2025-12-01 13:33:57 +0100
  
ActionController::RoutingError (No route matches [GET] "/.well-known/appspecific/com.chrome.devtools.json"):
  
Started GET "/components" for ::1 at 2025-12-01 13:34:02 +0100
Processing by StaticPagesController#components as HTML
  Rendering layout layouts/application.html.erb
  Rendering static_pages/components.html.orb within layouts/application
  Rendered static_pages/components.html.orb within layouts/application (Duration: 27.4ms | GC: 4.0ms)
  Rendered layout layouts/application.html.erb (Duration: 28.5ms | GC: 4.0ms)
Completed 200 OK in 30ms (Views: 29.3ms | ActiveRecord: 0.0ms (0 queries, 0 cached) | GC: 4.0ms)


Started GET "/.well-known/appspecific/com.chrome.devtools.json" for ::1 at 2025-12-01 13:34:02 +0100
  
ActionController::RoutingError (No route matches [GET] "/.well-known/appspecific/com.chrome.devtools.json"):
  
Started GET "/components" for ::1 at 2025-12-01 13:34:10 +0100
Processing by StaticPagesController#components as HTML
  Rendering layout layouts/application.html.erb
  Rendering static_pages/components.html.orb within layouts/application
  Rendered static_pages/components.html.orb within layouts/application (Duration: 26.6ms | GC: 2.7ms)
  Rendered layout layouts/application.html.erb (Duration: 27.3ms | GC: 2.7ms)
Completed 200 OK in 31ms (Views: 30.3ms | ActiveRecord: 0.0ms (0 queries, 0 cached) | GC: 4.8ms)


Started GET "/.well-known/appspecific/com.chrome.devtools.json" for ::1 at 2025-12-01 13:34:10 +0100
  
ActionController::RoutingError (No route matches [GET] "/.well-known/appspecific/com.chrome.devtools.json"):
  
Started GET "/components" for ::1 at 2025-12-01 13:34:25 +0100
Processing by StaticPagesController#components as HTML
  Rendering layout layouts/application.html.erb
  Rendering static_pages/components.html.orb within layouts/application
  Rendered static_pages/components.html.orb within layouts/application (Duration: 28.6ms | GC: 3.8ms)
  Rendered layout layouts/application.html.erb (Duration: 29.5ms | GC: 3.8ms)
Completed 200 OK in 31ms (Views: 30.3ms | ActiveRecord: 0.0ms (0 queries, 0 cached) | GC: 3.9ms)


Started GET "/.well-known/appspecific/com.chrome.devtools.json" for ::1 at 2025-12-01 13:34:25 +0100
  
ActionController::RoutingError (No route matches [GET] "/.well-known/appspecific/com.chrome.devtools.json"):
  
Started GET "/components" for ::1 at 2025-12-01 13:34:30 +0100
Processing by StaticPagesController#components as HTML
  Rendering layout layouts/application.html.erb
  Rendering static_pages/components.html.orb within layouts/application
  Rendered static_pages/components.html.orb within layouts/application (Duration: 26.2ms | GC: 2.9ms)
  Rendered layout layouts/application.html.erb (Duration: 27.1ms | GC: 3.0ms)
Completed 200 OK in 29ms (Views: 28.1ms | ActiveRecord: 0.0ms (0 queries, 0 cached) | GC: 3.0ms)


Started GET "/.well-known/appspecific/com.chrome.devtools.json" for ::1 at 2025-12-01 13:34:30 +0100
  
ActionController::RoutingError (No route matches [GET] "/.well-known/appspecific/com.chrome.devtools.json"):
  
Started GET "/components" for ::1 at 2025-12-01 13:34:35 +0100
Processing by StaticPagesController#components as HTML
  Rendering layout layouts/application.html.erb
  Rendering static_pages/components.html.orb within layouts/application
  Rendered static_pages/components.html.orb within layouts/application (Duration: 27.4ms | GC: 4.1ms)
  Rendered layout layouts/application.html.erb (Duration: 28.1ms | GC: 4.1ms)
Completed 200 OK in 30ms (Views: 28.9ms | ActiveRecord: 0.0ms (0 queries, 0 cached) | GC: 4.1ms)


Started GET "/.well-known/appspecific/com.chrome.devtools.json" for ::1 at 2025-12-01 13:34:35 +0100
  
ActionController::RoutingError (No route matches [GET] "/.well-known/appspecific/com.chrome.devtools.json"):
  
Started GET "/components" for ::1 at 2025-12-01 13:34:42 +0100
Processing by StaticPagesController#components as HTML
  Rendering layout layouts/application.html.erb
  Rendering static_pages/components.html.orb within layouts/application
  Rendered static_pages/components.html.orb within layouts/application (Duration: 26.7ms | GC: 1.5ms)
  Rendered layout layouts/application.html.erb (Duration: 27.5ms | GC: 1.5ms)
Completed 200 OK in 29ms (Views: 28.6ms | ActiveRecord: 0.0ms (0 queries, 0 cached) | GC: 1.5ms)


Started GET "/.well-known/appspecific/com.chrome.devtools.json" for ::1 at 2025-12-01 13:34:42 +0100
  
ActionController::RoutingError (No route matches [GET] "/.well-known/appspecific/com.chrome.devtools.json"):
  
Started GET "/components" for ::1 at 2025-12-01 13:34:59 +0100
Processing by StaticPagesController#components as HTML
  Rendering layout layouts/application.html.erb
  Rendering static_pages/components.html.orb within layouts/application
  Rendered static_pages/components.html.orb within layouts/application (Duration: 24.9ms | GC: 2.3ms)
  Rendered layout layouts/application.html.erb (Duration: 25.7ms | GC: 2.3ms)
Completed 200 OK in 27ms (Views: 26.7ms | ActiveRecord: 0.0ms (0 queries, 0 cached) | GC: 2.5ms)


Started GET "/.well-known/appspecific/com.chrome.devtools.json" for ::1 at 2025-12-01 13:34:59 +0100
  
ActionController::RoutingError (No route matches [GET] "/.well-known/appspecific/com.chrome.devtools.json"):
  
Started GET "/components" for ::1 at 2025-12-01 13:36:48 +0100
Processing by StaticPagesController#components as HTML
  Rendering layout layouts/application.html.erb
  Rendering static_pages/components.html.orb within layouts/application
  Rendered static_pages/components.html.orb within layouts/application (Duration: 26.0ms | GC: 0.9ms)
  Rendered layout layouts/application.html.erb (Duration: 27.0ms | GC: 0.9ms)
Completed 200 OK in 28ms (Views: 27.8ms | ActiveRecord: 0.0ms (0 queries, 0 cached) | GC: 0.9ms)


Started GET "/.well-known/appspecific/com.chrome.devtools.json" for ::1 at 2025-12-01 13:36:48 +0100
  
ActionController::RoutingError (No route matches [GET] "/.well-known/appspecific/com.chrome.devtools.json"):
  
Started GET "/components" for ::1 at 2025-12-01 13:37:08 +0100
Processing by StaticPagesController#components as HTML
  Rendering layout layouts/application.html.erb
  Rendering static_pages/components.html.orb within layouts/application
  Rendered static_pages/components.html.orb within layouts/application (Duration: 26.3ms | GC: 2.8ms)
  Rendered layout layouts/application.html.erb (Duration: 27.1ms | GC: 2.8ms)
Completed 200 OK in 30ms (Views: 28.9ms | ActiveRecord: 0.0ms (0 queries, 0 cached) | GC: 3.3ms)


Started GET "/.well-known/appspecific/com.chrome.devtools.json" for ::1 at 2025-12-01 13:37:08 +0100
  
ActionController::RoutingError (No route matches [GET] "/.well-known/appspecific/com.chrome.devtools.json"):
  
Started GET "/components" for ::1 at 2025-12-01 13:37:19 +0100
Processing by StaticPagesController#components as HTML
  Rendering layout layouts/application.html.erb
  Rendering static_pages/components.html.orb within layouts/application
  Rendered static_pages/components.html.orb within layouts/application (Duration: 27.1ms | GC: 3.0ms)
  Rendered layout layouts/application.html.erb (Duration: 28.1ms | GC: 3.0ms)
Completed 200 OK in 30ms (Views: 29.0ms | ActiveRecord: 0.0ms (0 queries, 0 cached) | GC: 3.0ms)


Started GET "/.well-known/appspecific/com.chrome.devtools.json" for ::1 at 2025-12-01 13:37:19 +0100
  
ActionController::RoutingError (No route matches [GET] "/.well-known/appspecific/com.chrome.devtools.json"):
  
Started GET "/components" for ::1 at 2025-12-01 13:37:39 +0100
Processing by StaticPagesController#components as HTML
  Rendering layout layouts/application.html.erb
  Rendering static_pages/components.html.orb within layouts/application
  Rendered static_pages/components.html.orb within layouts/application (Duration: 26.2ms | GC: 2.1ms)
  Rendered layout layouts/application.html.erb (Duration: 27.0ms | GC: 2.1ms)
Completed 200 OK in 30ms (Views: 27.8ms | ActiveRecord: 0.0ms (0 queries, 0 cached) | GC: 4.0ms)


Started GET "/.well-known/appspecific/com.chrome.devtools.json" for ::1 at 2025-12-01 13:37:39 +0100
  
ActionController::RoutingError (No route matches [GET] "/.well-known/appspecific/com.chrome.devtools.json"):
  
Started GET "/components" for ::1 at 2025-12-01 13:38:57 +0100
Processing by StaticPagesController#components as HTML
  Rendering layout layouts/application.html.erb
  Rendering static_pages/components.html.orb within layouts/application
  Rendered static_pages/components.html.orb within layouts/application (Duration: 32.6ms | GC: 3.7ms)
  Rendered layout layouts/application.html.erb (Duration: 34.8ms | GC: 3.7ms)
Completed 200 OK in 37ms (Views: 35.9ms | ActiveRecord: 0.0ms (0 queries, 0 cached) | GC: 3.7ms)


Started GET "/.well-known/appspecific/com.chrome.devtools.json" for ::1 at 2025-12-01 13:38:58 +0100
  
ActionController::RoutingError (No route matches [GET] "/.well-known/appspecific/com.chrome.devtools.json"):
  
Started GET "/components" for ::1 at 2025-12-01 13:39:02 +0100
Processing by StaticPagesController#components as HTML
  Rendering layout layouts/application.html.erb
  Rendering static_pages/components.html.orb within layouts/application
  Rendered static_pages/components.html.orb within layouts/application (Duration: 26.1ms | GC: 1.8ms)
  Rendered layout layouts/application.html.erb (Duration: 27.6ms | GC: 1.8ms)
Completed 200 OK in 31ms (Views: 28.4ms | ActiveRecord: 0.0ms (0 queries, 0 cached) | GC: 3.7ms)


Started GET "/.well-known/appspecific/com.chrome.devtools.json" for ::1 at 2025-12-01 13:39:02 +0100
  
ActionController::RoutingError (No route matches [GET] "/.well-known/appspecific/com.chrome.devtools.json"):
  
Started GET "/components" for ::1 at 2025-12-01 13:39:09 +0100
Processing by StaticPagesController#components as HTML
  Rendering layout layouts/application.html.erb
  Rendering static_pages/components.html.orb within layouts/application
  Rendered static_pages/components.html.orb within layouts/application (Duration: 27.4ms | GC: 1.7ms)
  Rendered layout layouts/application.html.erb (Duration: 28.2ms | GC: 1.7ms)
Completed 200 OK in 29ms (Views: 28.9ms | ActiveRecord: 0.0ms (0 queries, 0 cached) | GC: 1.7ms)


Started GET "/.well-known/appspecific/com.chrome.devtools.json" for ::1 at 2025-12-01 13:39:09 +0100
  
ActionController::RoutingError (No route matches [GET] "/.well-known/appspecific/com.chrome.devtools.json"):
  
Started GET "/components" for ::1 at 2025-12-01 13:39:23 +0100
Processing by StaticPagesController#components as HTML
  Rendering layout layouts/application.html.erb
  Rendering static_pages/components.html.orb within layouts/application
  Rendered static_pages/components.html.orb within layouts/application (Duration: 25.9ms | GC: 0.9ms)
  Rendered layout layouts/application.html.erb (Duration: 27.4ms | GC: 0.9ms)
Completed 200 OK in 29ms (Views: 28.1ms | ActiveRecord: 0.0ms (0 queries, 0 cached) | GC: 0.9ms)


Started GET "/.well-known/appspecific/com.chrome.devtools.json" for ::1 at 2025-12-01 13:39:24 +0100
  
ActionController::RoutingError (No route matches [GET] "/.well-known/appspecific/com.chrome.devtools.json"):
  
Started GET "/components" for ::1 at 2025-12-01 13:39:27 +0100
Processing by StaticPagesController#components as HTML
  Rendering layout layouts/application.html.erb
  Rendering static_pages/components.html.orb within layouts/application
  Rendered static_pages/components.html.orb within layouts/application (Duration: 26.0ms | GC: 1.4ms)
  Rendered layout layouts/application.html.erb (Duration: 27.7ms | GC: 1.4ms)
Completed 200 OK in 30ms (Views: 28.9ms | ActiveRecord: 0.0ms (0 queries, 0 cached) | GC: 1.4ms)


Started GET "/.well-known/appspecific/com.chrome.devtools.json" for ::1 at 2025-12-01 13:39:27 +0100
  
ActionController::RoutingError (No route matches [GET] "/.well-known/appspecific/com.chrome.devtools.json"):
  
Started GET "/components" for ::1 at 2025-12-01 13:40:13 +0100
Processing by StaticPagesController#components as HTML
  Rendering layout layouts/application.html.erb
  Rendering static_pages/components.html.orb within layouts/application
  Rendered static_pages/components.html.orb within layouts/application (Duration: 31.4ms | GC: 5.8ms)
  Rendered layout layouts/application.html.erb (Duration: 32.3ms | GC: 5.8ms)
Completed 200 OK in 34ms (Views: 33.2ms | ActiveRecord: 0.0ms (0 queries, 0 cached) | GC: 5.8ms)


Started GET "/.well-known/appspecific/com.chrome.devtools.json" for ::1 at 2025-12-01 13:40:13 +0100
  
ActionController::RoutingError (No route matches [GET] "/.well-known/appspecific/com.chrome.devtools.json"):
  
Started GET "/components" for ::1 at 2025-12-01 13:40:16 +0100
Processing by StaticPagesController#components as HTML
  Rendering layout layouts/application.html.erb
  Rendering static_pages/components.html.orb within layouts/application
  Rendered static_pages/components.html.orb within layouts/application (Duration: 23.0ms | GC: 4.1ms)
  Rendered layout layouts/application.html.erb (Duration: 23.8ms | GC: 4.1ms)
Completed 200 OK in 25ms (Views: 24.2ms | ActiveRecord: 0.0ms (0 queries, 0 cached) | GC: 4.4ms)


Started GET "/.well-known/appspecific/com.chrome.devtools.json" for ::1 at 2025-12-01 13:40:16 +0100
  
ActionController::RoutingError (No route matches [GET] "/.well-known/appspecific/com.chrome.devtools.json"):
  
Started GET "/components" for ::1 at 2025-12-01 13:40:22 +0100
Processing by StaticPagesController#components as HTML
  Rendering layout layouts/application.html.erb
  Rendering static_pages/components.html.orb within layouts/application
  Rendered static_pages/components.html.orb within layouts/application (Duration: 29.3ms | GC: 3.8ms)
  Rendered layout layouts/application.html.erb (Duration: 30.2ms | GC: 3.8ms)
Completed 200 OK in 32ms (Views: 31.2ms | ActiveRecord: 0.0ms (0 queries, 0 cached) | GC: 3.8ms)


Started GET "/.well-known/appspecific/com.chrome.devtools.json" for ::1 at 2025-12-01 13:40:22 +0100
  
ActionController::RoutingError (No route matches [GET] "/.well-known/appspecific/com.chrome.devtools.json"):
  
Started GET "/components" for ::1 at 2025-12-01 13:40:38 +0100
Processing by StaticPagesController#components as HTML
  Rendering layout layouts/application.html.erb
  Rendering static_pages/components.html.orb within layouts/application
  Rendered static_pages/components.html.orb within layouts/application (Duration: 29.3ms | GC: 2.8ms)
  Rendered layout layouts/application.html.erb (Duration: 30.1ms | GC: 2.8ms)
Completed 200 OK in 32ms (Views: 30.9ms | ActiveRecord: 0.0ms (0 queries, 0 cached) | GC: 2.8ms)


Started GET "/.well-known/appspecific/com.chrome.devtools.json" for ::1 at 2025-12-01 13:40:38 +0100
  
ActionController::RoutingError (No route matches [GET] "/.well-known/appspecific/com.chrome.devtools.json"):
  
Started GET "/components" for ::1 at 2025-12-01 13:40:56 +0100
Processing by StaticPagesController#components as HTML
  Rendering layout layouts/application.html.erb
  Rendering static_pages/components.html.orb within layouts/application
  Rendered static_pages/components.html.orb within layouts/application (Duration: 16.5ms | GC: 0.0ms)
  Rendered layout layouts/application.html.erb (Duration: 16.6ms | GC: 0.0ms)
Completed 500 Internal Server Error in 18ms (ActiveRecord: 0.0ms (0 queries, 0 cached) | GC: 0.0ms)


  
ActionView::Template::Error (Misssing required attribute :name)
Caused by: RuntimeError (Misssing required attribute :name)

Information for: ActionView::Template::Error (Misssing required attribute :name):
    1: <AppFrame>
    2:   <div class="flex flex-1 flex-col mx-auto items-center justify-center gap-8 w-56">
    3:     <TextField name="hello" />
    4:     <TextField name="hello" prefix="$" help="the dollar amount" />
    5:     <TextField name="hello" suffix=".com" error="cannot be empty" />
    6:     <TextField name="hello" icon_left="user" />
    7:     <TextField name="hello" disabled placeholder="disabled"/>
  
app/views/static_pages/components.html.orb:4
app/components/demo/app_frame.rb:43:in 'block (2 levels) in Demo::AppFrame#call'
app/components/demo/page.rb:13:in 'Demo::Page#call'
app/components/demo/app_frame.rb:6:in 'block in Demo::AppFrame#call'
app/components/demo/app_frame.rb:5:in 'Demo::AppFrame#call'
app/views/static_pages/components.html.orb:1

Information for cause: RuntimeError (Misssing required attribute :name):
  
app/views/static_pages/components.html.orb:4
app/components/demo/app_frame.rb:43:in 'block (2 levels) in Demo::AppFrame#call'
app/components/demo/page.rb:13:in 'Demo::Page#call'
app/components/demo/app_frame.rb:6:in 'block in Demo::AppFrame#call'
app/components/demo/app_frame.rb:5:in 'Demo::AppFrame#call'
app/views/static_pages/components.html.orb:1
Started GET "/.well-known/appspecific/com.chrome.devtools.json" for ::1 at 2025-12-01 13:40:57 +0100
  
ActionController::RoutingError (No route matches [GET] "/.well-known/appspecific/com.chrome.devtools.json"):
  
Started GET "/components" for ::1 at 2025-12-01 13:41:09 +0100
Processing by StaticPagesController#components as HTML
  Rendering layout layouts/application.html.erb
  Rendering static_pages/components.html.orb within layouts/application
  Rendered static_pages/components.html.orb within layouts/application (Duration: 29.5ms | GC: 2.2ms)
  Rendered layout layouts/application.html.erb (Duration: 30.4ms | GC: 2.2ms)
Completed 200 OK in 32ms (Views: 31.5ms | ActiveRecord: 0.0ms (0 queries, 0 cached) | GC: 2.2ms)


Started GET "/.well-known/appspecific/com.chrome.devtools.json" for ::1 at 2025-12-01 13:41:09 +0100
  
ActionController::RoutingError (No route matches [GET] "/.well-known/appspecific/com.chrome.devtools.json"):
  
Started GET "/components" for ::1 at 2025-12-01 13:41:16 +0100
Processing by StaticPagesController#components as HTML
  Rendering layout layouts/application.html.erb
  Rendering static_pages/components.html.orb within layouts/application
  Rendered static_pages/components.html.orb within layouts/application (Duration: 33.0ms | GC: 6.0ms)
  Rendered layout layouts/application.html.erb (Duration: 33.9ms | GC: 6.1ms)
Completed 200 OK in 35ms (Views: 34.7ms | ActiveRecord: 0.0ms (0 queries, 0 cached) | GC: 6.1ms)


Started GET "/.well-known/appspecific/com.chrome.devtools.json" for ::1 at 2025-12-01 13:41:16 +0100
  
ActionController::RoutingError (No route matches [GET] "/.well-known/appspecific/com.chrome.devtools.json"):
  
Started GET "/components" for ::1 at 2025-12-01 13:41:30 +0100
Processing by StaticPagesController#components as HTML
  Rendering layout layouts/application.html.erb
  Rendering static_pages/components.html.orb within layouts/application
  Rendered static_pages/components.html.orb within layouts/application (Duration: 28.7ms | GC: 3.6ms)
  Rendered layout layouts/application.html.erb (Duration: 29.6ms | GC: 3.6ms)
Completed 200 OK in 31ms (Views: 30.4ms | ActiveRecord: 0.0ms (0 queries, 0 cached) | GC: 3.6ms)


Started GET "/.well-known/appspecific/com.chrome.devtools.json" for ::1 at 2025-12-01 13:41:30 +0100
  
ActionController::RoutingError (No route matches [GET] "/.well-known/appspecific/com.chrome.devtools.json"):
  
Started GET "/components" for ::1 at 2025-12-01 13:41:35 +0100
Processing by StaticPagesController#components as HTML
  Rendering layout layouts/application.html.erb
  Rendering static_pages/components.html.orb within layouts/application
  Rendered static_pages/components.html.orb within layouts/application (Duration: 15.4ms | GC: 0.0ms)
  Rendered layout layouts/application.html.erb (Duration: 15.5ms | GC: 0.0ms)
Completed 500 Internal Server Error in 17ms (ActiveRecord: 0.0ms (0 queries, 0 cached) | GC: 0.0ms)


  
ActionView::Template::Error (Icon 'bill' with variant 'solid' not found.)
Caused by: ArgumentError (Icon 'bill' with variant 'solid' not found.)

Information for: ActionView::Template::Error (Icon 'bill' with variant 'solid' not found.):
    1: <AppFrame>
    2:   <div class="flex flex-1 flex-col mx-auto items-center justify-center gap-8 w-56">
    3:     <TextField name="hello" />
    4:     <TextField name="hello" prefix="$" icon_left="bill" help="the dollar amount" />
    5:     <TextField name="hello" suffix=".com" error="cannot be empty" />
    6:     <TextField name="hello" icon_left="user" />
    7:     <TextField name="hello" disabled placeholder="disabled"/>
  
app/views/static_pages/components.html.orb:4
app/components/demo/app_frame.rb:43:in 'block (2 levels) in Demo::AppFrame#call'
app/components/demo/page.rb:13:in 'Demo::Page#call'
app/components/demo/app_frame.rb:6:in 'block in Demo::AppFrame#call'
app/components/demo/app_frame.rb:5:in 'Demo::AppFrame#call'
app/views/static_pages/components.html.orb:1

Information for cause: ArgumentError (Icon 'bill' with variant 'solid' not found.):
  
app/views/static_pages/components.html.orb:4
app/components/demo/app_frame.rb:43:in 'block (2 levels) in Demo::AppFrame#call'
app/components/demo/page.rb:13:in 'Demo::Page#call'
app/components/demo/app_frame.rb:6:in 'block in Demo::AppFrame#call'
app/components/demo/app_frame.rb:5:in 'Demo::AppFrame#call'
app/views/static_pages/components.html.orb:1
Started GET "/.well-known/appspecific/com.chrome.devtools.json" for ::1 at 2025-12-01 13:41:35 +0100
  
ActionController::RoutingError (No route matches [GET] "/.well-known/appspecific/com.chrome.devtools.json"):
  
Started GET "/components" for ::1 at 2025-12-01 13:41:55 +0100
Processing by StaticPagesController#components as HTML
  Rendering layout layouts/application.html.erb
  Rendering static_pages/components.html.orb within layouts/application
  Rendered static_pages/components.html.orb within layouts/application (Duration: 30.2ms | GC: 2.9ms)
  Rendered layout layouts/application.html.erb (Duration: 31.1ms | GC: 2.9ms)
Completed 200 OK in 33ms (Views: 32.3ms | ActiveRecord: 0.0ms (0 queries, 0 cached) | GC: 2.9ms)


Started GET "/.well-known/appspecific/com.chrome.devtools.json" for ::1 at 2025-12-01 13:41:56 +0100
  
ActionController::RoutingError (No route matches [GET] "/.well-known/appspecific/com.chrome.devtools.json"):
  
Started GET "/components" for ::1 at 2025-12-01 13:42:10 +0100
Processing by StaticPagesController#components as HTML
  Rendering layout layouts/application.html.erb
  Rendering static_pages/components.html.orb within layouts/application
  Rendered static_pages/components.html.orb within layouts/application (Duration: 30.9ms | GC: 5.0ms)
  Rendered layout layouts/application.html.erb (Duration: 31.7ms | GC: 5.0ms)
Completed 200 OK in 34ms (Views: 32.6ms | ActiveRecord: 0.0ms (0 queries, 0 cached) | GC: 5.0ms)


Started GET "/.well-known/appspecific/com.chrome.devtools.json" for ::1 at 2025-12-01 13:42:10 +0100
  
ActionController::RoutingError (No route matches [GET] "/.well-known/appspecific/com.chrome.devtools.json"):
  
Started GET "/components" for ::1 at 2025-12-01 13:42:15 +0100
Processing by StaticPagesController#components as HTML
  Rendering layout layouts/application.html.erb
  Rendering static_pages/components.html.orb within layouts/application
  Rendered static_pages/components.html.orb within layouts/application (Duration: 28.0ms | GC: 2.8ms)
  Rendered layout layouts/application.html.erb (Duration: 29.8ms | GC: 2.8ms)
Completed 200 OK in 31ms (Views: 30.5ms | ActiveRecord: 0.0ms (0 queries, 0 cached) | GC: 2.8ms)


Started GET "/.well-known/appspecific/com.chrome.devtools.json" for ::1 at 2025-12-01 13:42:15 +0100
  
ActionController::RoutingError (No route matches [GET] "/.well-known/appspecific/com.chrome.devtools.json"):
  
Started GET "/components" for ::1 at 2025-12-01 13:42:49 +0100
Processing by StaticPagesController#components as HTML
  Rendering layout layouts/application.html.erb
  Rendering static_pages/components.html.orb within layouts/application
  Rendered static_pages/components.html.orb within layouts/application (Duration: 27.8ms | GC: 2.0ms)
  Rendered layout layouts/application.html.erb (Duration: 29.3ms | GC: 2.0ms)
Completed 200 OK in 31ms (Views: 30.1ms | ActiveRecord: 0.0ms (0 queries, 0 cached) | GC: 2.0ms)


Started GET "/.well-known/appspecific/com.chrome.devtools.json" for ::1 at 2025-12-01 13:42:49 +0100
  
ActionController::RoutingError (No route matches [GET] "/.well-known/appspecific/com.chrome.devtools.json"):
  
Started GET "/components" for ::1 at 2025-12-01 13:42:59 +0100
Processing by StaticPagesController#components as HTML
  Rendering layout layouts/application.html.erb
  Rendering static_pages/components.html.orb within layouts/application
  Rendered static_pages/components.html.orb within layouts/application (Duration: 29.0ms | GC: 1.9ms)
  Rendered layout layouts/application.html.erb (Duration: 30.4ms | GC: 1.9ms)
Completed 200 OK in 33ms (Views: 32.0ms | ActiveRecord: 0.0ms (0 queries, 0 cached) | GC: 2.4ms)


Started GET "/.well-known/appspecific/com.chrome.devtools.json" for ::1 at 2025-12-01 13:42:59 +0100
  
ActionController::RoutingError (No route matches [GET] "/.well-known/appspecific/com.chrome.devtools.json"):
  
Started GET "/components" for ::1 at 2025-12-01 13:43:09 +0100
Processing by StaticPagesController#components as HTML
  Rendering layout layouts/application.html.erb
  Rendering static_pages/components.html.orb within layouts/application
  Rendered static_pages/components.html.orb within layouts/application (Duration: 30.1ms | GC: 4.8ms)
  Rendered layout layouts/application.html.erb (Duration: 30.9ms | GC: 4.8ms)
Completed 200 OK in 32ms (Views: 31.6ms | ActiveRecord: 0.0ms (0 queries, 0 cached) | GC: 4.8ms)


Started GET "/.well-known/appspecific/com.chrome.devtools.json" for ::1 at 2025-12-01 13:43:10 +0100
  
ActionController::RoutingError (No route matches [GET] "/.well-known/appspecific/com.chrome.devtools.json"):
  
Started GET "/components" for ::1 at 2025-12-01 13:43:21 +0100
Processing by StaticPagesController#components as HTML
  Rendering layout layouts/application.html.erb
  Rendering static_pages/components.html.orb within layouts/application
  Rendered static_pages/components.html.orb within layouts/application (Duration: 28.8ms | GC: 3.9ms)
  Rendered layout layouts/application.html.erb (Duration: 30.3ms | GC: 3.9ms)
Completed 200 OK in 32ms (Views: 31.0ms | ActiveRecord: 0.0ms (0 queries, 0 cached) | GC: 3.9ms)


Started GET "/.well-known/appspecific/com.chrome.devtools.json" for ::1 at 2025-12-01 13:43:21 +0100
  
ActionController::RoutingError (No route matches [GET] "/.well-known/appspecific/com.chrome.devtools.json"):
  
Started GET "/components" for ::1 at 2025-12-01 13:43:27 +0100
Processing by StaticPagesController#components as HTML
  Rendering layout layouts/application.html.erb
  Rendering static_pages/components.html.orb within layouts/application
  Rendered static_pages/components.html.orb within layouts/application (Duration: 29.3ms | GC: 4.7ms)
  Rendered layout layouts/application.html.erb (Duration: 30.0ms | GC: 4.7ms)
Completed 200 OK in 32ms (Views: 31.1ms | ActiveRecord: 0.0ms (0 queries, 0 cached) | GC: 4.7ms)


Started GET "/.well-known/appspecific/com.chrome.devtools.json" for ::1 at 2025-12-01 13:43:28 +0100
  
ActionController::RoutingError (No route matches [GET] "/.well-known/appspecific/com.chrome.devtools.json"):
  
Started GET "/components" for ::1 at 2025-12-01 13:43:33 +0100
Processing by StaticPagesController#components as HTML
  Rendering layout layouts/application.html.erb
  Rendering static_pages/components.html.orb within layouts/application
  Rendered static_pages/components.html.orb within layouts/application (Duration: 39.9ms | GC: 13.2ms)
  Rendered layout layouts/application.html.erb (Duration: 41.0ms | GC: 13.4ms)
Completed 200 OK in 43ms (Views: 42.1ms | ActiveRecord: 0.0ms (0 queries, 0 cached) | GC: 13.7ms)


Started GET "/.well-known/appspecific/com.chrome.devtools.json" for ::1 at 2025-12-01 13:43:33 +0100
  
ActionController::RoutingError (No route matches [GET] "/.well-known/appspecific/com.chrome.devtools.json"):
  
Started GET "/components" for ::1 at 2025-12-01 13:43:47 +0100
Processing by StaticPagesController#components as HTML
  Rendering layout layouts/application.html.erb
  Rendering static_pages/components.html.orb within layouts/application
  Rendered static_pages/components.html.orb within layouts/application (Duration: 27.6ms | GC: 3.2ms)
  Rendered layout layouts/application.html.erb (Duration: 28.4ms | GC: 3.2ms)
Completed 200 OK in 30ms (Views: 29.1ms | ActiveRecord: 0.0ms (0 queries, 0 cached) | GC: 3.2ms)


Started GET "/.well-known/appspecific/com.chrome.devtools.json" for ::1 at 2025-12-01 13:43:48 +0100
  
ActionController::RoutingError (No route matches [GET] "/.well-known/appspecific/com.chrome.devtools.json"):
  
Started GET "/components" for ::1 at 2025-12-01 13:46:20 +0100
Processing by StaticPagesController#components as HTML
  Rendering layout layouts/application.html.erb
  Rendering static_pages/components.html.orb within layouts/application
  Rendered static_pages/components.html.orb within layouts/application (Duration: 30.8ms | GC: 1.9ms)
  Rendered layout layouts/application.html.erb (Duration: 33.0ms | GC: 1.9ms)
Completed 200 OK in 35ms (Views: 34.0ms | ActiveRecord: 0.0ms (0 queries, 0 cached) | GC: 1.9ms)


Started GET "/.well-known/appspecific/com.chrome.devtools.json" for ::1 at 2025-12-01 13:46:20 +0100
  
ActionController::RoutingError (No route matches [GET] "/.well-known/appspecific/com.chrome.devtools.json"):
  
Started GET "/components" for ::1 at 2025-12-01 13:46:27 +0100
Processing by StaticPagesController#components as HTML
  Rendering layout layouts/application.html.erb
  Rendering static_pages/components.html.orb within layouts/application
  Rendered static_pages/components.html.orb within layouts/application (Duration: 29.1ms | GC: 2.4ms)
  Rendered layout layouts/application.html.erb (Duration: 30.0ms | GC: 2.4ms)
Completed 200 OK in 32ms (Views: 30.9ms | ActiveRecord: 0.0ms (0 queries, 0 cached) | GC: 2.4ms)


Started GET "/.well-known/appspecific/com.chrome.devtools.json" for ::1 at 2025-12-01 13:46:27 +0100
  
ActionController::RoutingError (No route matches [GET] "/.well-known/appspecific/com.chrome.devtools.json"):
  
Started GET "/components" for ::1 at 2025-12-01 13:46:41 +0100
Processing by StaticPagesController#components as HTML
  Rendering layout layouts/application.html.erb
  Rendering static_pages/components.html.orb within layouts/application
  Rendered static_pages/components.html.orb within layouts/application (Duration: 31.6ms | GC: 4.6ms)
  Rendered layout layouts/application.html.erb (Duration: 32.4ms | GC: 4.6ms)
Completed 200 OK in 34ms (Views: 33.2ms | ActiveRecord: 0.0ms (0 queries, 0 cached) | GC: 4.6ms)


Started GET "/.well-known/appspecific/com.chrome.devtools.json" for ::1 at 2025-12-01 13:46:41 +0100
  
ActionController::RoutingError (No route matches [GET] "/.well-known/appspecific/com.chrome.devtools.json"):
  
Started GET "/components" for ::1 at 2025-12-01 13:46:53 +0100
Processing by StaticPagesController#components as HTML
  Rendering layout layouts/application.html.erb
  Rendering static_pages/components.html.orb within layouts/application
  Rendered static_pages/components.html.orb within layouts/application (Duration: 30.4ms | GC: 3.6ms)
  Rendered layout layouts/application.html.erb (Duration: 31.4ms | GC: 3.6ms)
Completed 200 OK in 33ms (Views: 32.2ms | ActiveRecord: 0.0ms (0 queries, 0 cached) | GC: 3.6ms)


Started GET "/.well-known/appspecific/com.chrome.devtools.json" for ::1 at 2025-12-01 13:46:53 +0100
  
ActionController::RoutingError (No route matches [GET] "/.well-known/appspecific/com.chrome.devtools.json"):
  
Started GET "/components" for ::1 at 2025-12-01 13:47:03 +0100
Processing by StaticPagesController#components as HTML
  Rendering layout layouts/application.html.erb
  Rendering static_pages/components.html.orb within layouts/application
  Rendered static_pages/components.html.orb within layouts/application (Duration: 29.6ms | GC: 4.0ms)
  Rendered layout layouts/application.html.erb (Duration: 32.0ms | GC: 4.0ms)
Completed 200 OK in 34ms (Views: 32.9ms | ActiveRecord: 0.0ms (0 queries, 0 cached) | GC: 4.0ms)


Started GET "/.well-known/appspecific/com.chrome.devtools.json" for ::1 at 2025-12-01 13:47:03 +0100
  
ActionController::RoutingError (No route matches [GET] "/.well-known/appspecific/com.chrome.devtools.json"):
  
Started GET "/components" for ::1 at 2025-12-01 13:47:14 +0100
Processing by StaticPagesController#components as HTML
  Rendering layout layouts/application.html.erb
  Rendering static_pages/components.html.orb within layouts/application
  Rendered static_pages/components.html.orb within layouts/application (Duration: 27.3ms | GC: 2.6ms)
  Rendered layout layouts/application.html.erb (Duration: 28.9ms | GC: 2.8ms)
Completed 200 OK in 30ms (Views: 29.7ms | ActiveRecord: 0.0ms (0 queries, 0 cached) | GC: 2.8ms)


Started GET "/.well-known/appspecific/com.chrome.devtools.json" for ::1 at 2025-12-01 13:47:15 +0100
  
ActionController::RoutingError (No route matches [GET] "/.well-known/appspecific/com.chrome.devtools.json"):
  
Started GET "/components" for ::1 at 2025-12-01 13:47:34 +0100
Processing by StaticPagesController#components as HTML
  Rendering layout layouts/application.html.erb
  Rendering static_pages/components.html.orb within layouts/application
  Rendered static_pages/components.html.orb within layouts/application (Duration: 26.7ms | GC: 1.3ms)
  Rendered layout layouts/application.html.erb (Duration: 28.1ms | GC: 1.3ms)
Completed 200 OK in 29ms (Views: 28.8ms | ActiveRecord: 0.0ms (0 queries, 0 cached) | GC: 1.3ms)


Started GET "/.well-known/appspecific/com.chrome.devtools.json" for ::1 at 2025-12-01 13:47:34 +0100
  
ActionController::RoutingError (No route matches [GET] "/.well-known/appspecific/com.chrome.devtools.json"):
  
Started GET "/components" for ::1 at 2025-12-01 13:47:38 +0100
Processing by StaticPagesController#components as HTML
  Rendering layout layouts/application.html.erb
  Rendering static_pages/components.html.orb within layouts/application
  Rendered static_pages/components.html.orb within layouts/application (Duration: 26.0ms | GC: 1.4ms)
  Rendered layout layouts/application.html.erb (Duration: 27.9ms | GC: 1.4ms)
Completed 200 OK in 29ms (Views: 28.7ms | ActiveRecord: 0.0ms (0 queries, 0 cached) | GC: 1.4ms)


Started GET "/.well-known/appspecific/com.chrome.devtools.json" for ::1 at 2025-12-01 13:47:38 +0100
  
ActionController::RoutingError (No route matches [GET] "/.well-known/appspecific/com.chrome.devtools.json"):
  
Started GET "/components" for ::1 at 2025-12-01 13:49:49 +0100
Processing by StaticPagesController#components as HTML
  Rendering layout layouts/application.html.erb
  Rendering static_pages/components.html.orb within layouts/application
  Rendered static_pages/components.html.orb within layouts/application (Duration: 27.8ms | GC: 1.6ms)
  Rendered layout layouts/application.html.erb (Duration: 29.3ms | GC: 1.6ms)
Completed 200 OK in 31ms (Views: 30.3ms | ActiveRecord: 0.0ms (0 queries, 0 cached) | GC: 1.6ms)


Started GET "/.well-known/appspecific/com.chrome.devtools.json" for ::1 at 2025-12-01 13:49:49 +0100
  
ActionController::RoutingError (No route matches [GET] "/.well-known/appspecific/com.chrome.devtools.json"):
  
Started GET "/components" for ::1 at 2025-12-01 13:50:56 +0100
Processing by StaticPagesController#components as HTML
  Rendering layout layouts/application.html.erb
  Rendering static_pages/components.html.orb within layouts/application
  Rendered static_pages/components.html.orb within layouts/application (Duration: 28.2ms | GC: 1.9ms)
  Rendered layout layouts/application.html.erb (Duration: 29.0ms | GC: 1.9ms)
Completed 200 OK in 30ms (Views: 29.8ms | ActiveRecord: 0.0ms (0 queries, 0 cached) | GC: 1.9ms)


Started GET "/.well-known/appspecific/com.chrome.devtools.json" for ::1 at 2025-12-01 13:50:56 +0100
  
ActionController::RoutingError (No route matches [GET] "/.well-known/appspecific/com.chrome.devtools.json"):
  
Started GET "/components" for ::1 at 2025-12-01 13:51:12 +0100
Processing by StaticPagesController#components as HTML
  Rendering layout layouts/application.html.erb
  Rendering static_pages/components.html.orb within layouts/application
  Rendered static_pages/components.html.orb within layouts/application (Duration: 28.9ms | GC: 4.3ms)
  Rendered layout layouts/application.html.erb (Duration: 30.8ms | GC: 4.3ms)
Completed 200 OK in 32ms (Views: 31.6ms | ActiveRecord: 0.0ms (0 queries, 0 cached) | GC: 4.3ms)


Started GET "/.well-known/appspecific/com.chrome.devtools.json" for ::1 at 2025-12-01 13:51:13 +0100
  
ActionController::RoutingError (No route matches [GET] "/.well-known/appspecific/com.chrome.devtools.json"):
  
Started GET "/components" for ::1 at 2025-12-01 13:51:22 +0100
Processing by StaticPagesController#components as HTML
  Rendering layout layouts/application.html.erb
  Rendering static_pages/components.html.orb within layouts/application
  Rendered static_pages/components.html.orb within layouts/application (Duration: 29.1ms | GC: 3.1ms)
  Rendered layout layouts/application.html.erb (Duration: 30.5ms | GC: 3.1ms)
Completed 200 OK in 32ms (Views: 31.5ms | ActiveRecord: 0.0ms (0 queries, 0 cached) | GC: 3.1ms)


Started GET "/.well-known/appspecific/com.chrome.devtools.json" for ::1 at 2025-12-01 13:51:22 +0100
  
ActionController::RoutingError (No route matches [GET] "/.well-known/appspecific/com.chrome.devtools.json"):
  
Started GET "/components" for ::1 at 2025-12-01 13:51:39 +0100
Processing by StaticPagesController#components as HTML
  Rendering layout layouts/application.html.erb
  Rendering static_pages/components.html.orb within layouts/application
  Rendered static_pages/components.html.orb within layouts/application (Duration: 25.8ms | GC: 1.9ms)
  Rendered layout layouts/application.html.erb (Duration: 26.6ms | GC: 1.9ms)
Completed 200 OK in 28ms (Views: 27.6ms | ActiveRecord: 0.0ms (0 queries, 0 cached) | GC: 2.2ms)


Started GET "/.well-known/appspecific/com.chrome.devtools.json" for ::1 at 2025-12-01 13:51:39 +0100
  
ActionController::RoutingError (No route matches [GET] "/.well-known/appspecific/com.chrome.devtools.json"):
  
Started GET "/components" for ::1 at 2025-12-01 13:52:02 +0100
Processing by StaticPagesController#components as HTML
  Rendering layout layouts/application.html.erb
  Rendering static_pages/components.html.orb within layouts/application
  Rendered static_pages/components.html.orb within layouts/application (Duration: 30.6ms | GC: 2.2ms)
  Rendered layout layouts/application.html.erb (Duration: 31.5ms | GC: 2.2ms)
Completed 200 OK in 34ms (Views: 33.1ms | ActiveRecord: 0.0ms (0 queries, 0 cached) | GC: 2.8ms)


Started GET "/.well-known/appspecific/com.chrome.devtools.json" for ::1 at 2025-12-01 13:52:02 +0100
  
ActionController::RoutingError (No route matches [GET] "/.well-known/appspecific/com.chrome.devtools.json"):
  
Started GET "/components" for ::1 at 2025-12-01 13:52:10 +0100
Processing by StaticPagesController#components as HTML
  Rendering layout layouts/application.html.erb
  Rendering static_pages/components.html.orb within layouts/application
  Rendered static_pages/components.html.orb within layouts/application (Duration: 27.1ms | GC: 2.0ms)
  Rendered layout layouts/application.html.erb (Duration: 28.0ms | GC: 2.0ms)
Completed 200 OK in 30ms (Views: 29.1ms | ActiveRecord: 0.0ms (0 queries, 0 cached) | GC: 2.0ms)


Started GET "/.well-known/appspecific/com.chrome.devtools.json" for ::1 at 2025-12-01 13:52:10 +0100
  
ActionController::RoutingError (No route matches [GET] "/.well-known/appspecific/com.chrome.devtools.json"):
  
Started GET "/components" for ::1 at 2025-12-01 13:52:38 +0100
Processing by StaticPagesController#components as HTML
  Rendering layout layouts/application.html.erb
  Rendering static_pages/components.html.orb within layouts/application
  Rendered static_pages/components.html.orb within layouts/application (Duration: 41.2ms | GC: 2.6ms)
  Rendered layout layouts/application.html.erb (Duration: 42.7ms | GC: 2.6ms)
Completed 200 OK in 44ms (Views: 43.6ms | ActiveRecord: 0.0ms (0 queries, 0 cached) | GC: 2.6ms)


Started GET "/.well-known/appspecific/com.chrome.devtools.json" for ::1 at 2025-12-01 13:52:38 +0100
  
ActionController::RoutingError (No route matches [GET] "/.well-known/appspecific/com.chrome.devtools.json"):
  
Started GET "/components" for ::1 at 2025-12-01 13:52:44 +0100
Processing by StaticPagesController#components as HTML
  Rendering layout layouts/application.html.erb
  Rendering static_pages/components.html.orb within layouts/application
  Rendered static_pages/components.html.orb within layouts/application (Duration: 28.4ms | GC: 2.1ms)
  Rendered layout layouts/application.html.erb (Duration: 30.6ms | GC: 2.1ms)
Completed 200 OK in 32ms (Views: 31.4ms | ActiveRecord: 0.0ms (0 queries, 0 cached) | GC: 2.1ms)


Started GET "/.well-known/appspecific/com.chrome.devtools.json" for ::1 at 2025-12-01 13:52:44 +0100
  
ActionController::RoutingError (No route matches [GET] "/.well-known/appspecific/com.chrome.devtools.json"):
  
Started GET "/components" for ::1 at 2025-12-01 13:52:54 +0100
Processing by StaticPagesController#components as HTML
  Rendering layout layouts/application.html.erb
  Rendering static_pages/components.html.orb within layouts/application
  Rendered static_pages/components.html.orb within layouts/application (Duration: 97.4ms | GC: 6.3ms)
  Rendered layout layouts/application.html.erb (Duration: 98.4ms | GC: 6.3ms)
Completed 200 OK in 117ms (Views: 99.5ms | ActiveRecord: 0.0ms (0 queries, 0 cached) | GC: 6.3ms)


Started GET "/.well-known/appspecific/com.chrome.devtools.json" for ::1 at 2025-12-01 13:52:54 +0100
  
ActionController::RoutingError (No route matches [GET] "/.well-known/appspecific/com.chrome.devtools.json"):
  
Started GET "/components" for ::1 at 2025-12-01 13:53:32 +0100
Processing by StaticPagesController#components as HTML
  Rendering layout layouts/application.html.erb
  Rendering static_pages/components.html.orb within layouts/application
  Rendered static_pages/components.html.orb within layouts/application (Duration: 28.1ms | GC: 4.2ms)
  Rendered layout layouts/application.html.erb (Duration: 28.9ms | GC: 4.3ms)
Completed 200 OK in 30ms (Views: 29.7ms | ActiveRecord: 0.0ms (0 queries, 0 cached) | GC: 4.3ms)


Started GET "/.well-known/appspecific/com.chrome.devtools.json" for ::1 at 2025-12-01 13:53:32 +0100
  
ActionController::RoutingError (No route matches [GET] "/.well-known/appspecific/com.chrome.devtools.json"):
  
Started GET "/components" for ::1 at 2025-12-01 13:55:04 +0100
Processing by StaticPagesController#components as HTML
  Rendering layout layouts/application.html.erb
  Rendering static_pages/components.html.orb within layouts/application
  Rendered static_pages/components.html.orb within layouts/application (Duration: 29.6ms | GC: 3.7ms)
  Rendered layout layouts/application.html.erb (Duration: 30.5ms | GC: 3.7ms)
Completed 200 OK in 32ms (Views: 31.6ms | ActiveRecord: 0.0ms (0 queries, 0 cached) | GC: 3.7ms)


Started GET "/.well-known/appspecific/com.chrome.devtools.json" for ::1 at 2025-12-01 13:55:04 +0100
  
ActionController::RoutingError (No route matches [GET] "/.well-known/appspecific/com.chrome.devtools.json"):
  
Started GET "/components" for ::1 at 2025-12-01 13:55:31 +0100
Processing by StaticPagesController#components as HTML
  Rendering layout layouts/application.html.erb
  Rendering static_pages/components.html.orb within layouts/application
  Rendered static_pages/components.html.orb within layouts/application (Duration: 28.3ms | GC: 3.6ms)
  Rendered layout layouts/application.html.erb (Duration: 29.1ms | GC: 3.6ms)
Completed 200 OK in 31ms (Views: 30.1ms | ActiveRecord: 0.0ms (0 queries, 0 cached) | GC: 3.6ms)


Started GET "/.well-known/appspecific/com.chrome.devtools.json" for ::1 at 2025-12-01 13:55:31 +0100
  
ActionController::RoutingError (No route matches [GET] "/.well-known/appspecific/com.chrome.devtools.json"):
  
Started GET "/components" for ::1 at 2025-12-01 13:55:42 +0100
Processing by StaticPagesController#components as HTML
  Rendering layout layouts/application.html.erb
  Rendering static_pages/components.html.orb within layouts/application
  Rendered static_pages/components.html.orb within layouts/application (Duration: 30.1ms | GC: 4.2ms)
  Rendered layout layouts/application.html.erb (Duration: 31.0ms | GC: 4.2ms)
Completed 200 OK in 33ms (Views: 32.1ms | ActiveRecord: 0.0ms (0 queries, 0 cached) | GC: 4.2ms)


Started GET "/.well-known/appspecific/com.chrome.devtools.json" for ::1 at 2025-12-01 13:55:42 +0100
  
ActionController::RoutingError (No route matches [GET] "/.well-known/appspecific/com.chrome.devtools.json"):
  
Started GET "/" for ::1 at 2025-12-01 13:57:31 +0100
Processing by StaticPagesController#index as HTML
  Rendering layout layouts/application.html.erb
  Rendering static_pages/index.html.orb within layouts/application
  Rendered static_pages/index.html.orb within layouts/application (Duration: 44.7ms | GC: 4.8ms)
  Rendered layout layouts/application.html.erb (Duration: 45.8ms | GC: 4.8ms)
Completed 200 OK in 48ms (Views: 46.8ms | ActiveRecord: 0.0ms (0 queries, 0 cached) | GC: 4.8ms)


Started GET "/" for ::1 at 2025-12-01 13:57:54 +0100
Processing by StaticPagesController#index as HTML
  Rendering layout layouts/application.html.erb
  Rendering static_pages/index.html.orb within layouts/application
  Rendered static_pages/index.html.orb within layouts/application (Duration: 41.9ms | GC: 4.6ms)
  Rendered layout layouts/application.html.erb (Duration: 42.7ms | GC: 4.6ms)
Completed 200 OK in 44ms (Views: 43.5ms | ActiveRecord: 0.0ms (0 queries, 0 cached) | GC: 4.6ms)


Started GET "/.well-known/appspecific/com.chrome.devtools.json" for ::1 at 2025-12-01 13:57:54 +0100
  
ActionController::RoutingError (No route matches [GET] "/.well-known/appspecific/com.chrome.devtools.json"):
  
Started GET "/" for ::1 at 2025-12-01 13:58:16 +0100
Processing by StaticPagesController#index as HTML
  Rendering layout layouts/application.html.erb
  Rendering static_pages/index.html.orb within layouts/application
  Rendered static_pages/index.html.orb within layouts/application (Duration: 43.4ms | GC: 10.5ms)
  Rendered layout layouts/application.html.erb (Duration: 44.6ms | GC: 10.8ms)
Completed 200 OK in 47ms (Views: 45.9ms | ActiveRecord: 0.0ms (0 queries, 0 cached) | GC: 11.3ms)


Started GET "/.well-known/appspecific/com.chrome.devtools.json" for ::1 at 2025-12-01 13:58:16 +0100
  
ActionController::RoutingError (No route matches [GET] "/.well-known/appspecific/com.chrome.devtools.json"):
  
Started GET "/" for ::1 at 2025-12-01 13:59:03 +0100
Processing by StaticPagesController#index as HTML
  Rendering layout layouts/application.html.erb
  Rendering static_pages/index.html.orb within layouts/application
  Rendered static_pages/index.html.orb within layouts/application (Duration: 45.8ms | GC: 4.8ms)
  Rendered layout layouts/application.html.erb (Duration: 46.7ms | GC: 4.8ms)
Completed 200 OK in 49ms (Views: 47.6ms | ActiveRecord: 0.0ms (0 queries, 0 cached) | GC: 4.8ms)


Started GET "/.well-known/appspecific/com.chrome.devtools.json" for ::1 at 2025-12-01 13:59:04 +0100
  
ActionController::RoutingError (No route matches [GET] "/.well-known/appspecific/com.chrome.devtools.json"):
  
Started GET "/" for ::1 at 2025-12-01 13:59:27 +0100
Processing by StaticPagesController#index as HTML
  Rendering layout layouts/application.html.erb
  Rendering static_pages/index.html.orb within layouts/application
  Rendered static_pages/index.html.orb within layouts/application (Duration: 50.1ms | GC: 6.4ms)
  Rendered layout layouts/application.html.erb (Duration: 51.0ms | GC: 6.4ms)
Completed 200 OK in 53ms (Views: 51.9ms | ActiveRecord: 0.0ms (0 queries, 0 cached) | GC: 6.5ms)


Started GET "/.well-known/appspecific/com.chrome.devtools.json" for ::1 at 2025-12-01 13:59:27 +0100
  
ActionController::RoutingError (No route matches [GET] "/.well-known/appspecific/com.chrome.devtools.json"):
  
Started GET "/" for ::1 at 2025-12-01 13:59:30 +0100
Processing by StaticPagesController#index as HTML
  Rendering layout layouts/application.html.erb
  Rendering static_pages/index.html.orb within layouts/application
  Rendered static_pages/index.html.orb within layouts/application (Duration: 46.8ms | GC: 7.0ms)
  Rendered layout layouts/application.html.erb (Duration: 47.8ms | GC: 7.2ms)
Completed 200 OK in 50ms (Views: 48.7ms | ActiveRecord: 0.0ms (0 queries, 0 cached) | GC: 7.2ms)


Started GET "/.well-known/appspecific/com.chrome.devtools.json" for ::1 at 2025-12-01 13:59:30 +0100
  
ActionController::RoutingError (No route matches [GET] "/.well-known/appspecific/com.chrome.devtools.json"):
  
Started GET "/" for ::1 at 2025-12-01 13:59:37 +0100
Processing by StaticPagesController#index as HTML
  Rendering layout layouts/application.html.erb
  Rendering static_pages/index.html.orb within layouts/application
  Rendered static_pages/index.html.orb within layouts/application (Duration: 47.1ms | GC: 7.5ms)
  Rendered layout layouts/application.html.erb (Duration: 48.2ms | GC: 7.5ms)
Completed 200 OK in 50ms (Views: 48.9ms | ActiveRecord: 0.0ms (0 queries, 0 cached) | GC: 7.5ms)


Started GET "/.well-known/appspecific/com.chrome.devtools.json" for ::1 at 2025-12-01 13:59:38 +0100
  
ActionController::RoutingError (No route matches [GET] "/.well-known/appspecific/com.chrome.devtools.json"):
  
Started GET "/" for ::1 at 2025-12-01 13:59:46 +0100
Processing by StaticPagesController#index as HTML
  Rendering layout layouts/application.html.erb
  Rendering static_pages/index.html.orb within layouts/application
  Rendered static_pages/index.html.orb within layouts/application (Duration: 44.7ms | GC: 4.9ms)
  Rendered layout layouts/application.html.erb (Duration: 45.4ms | GC: 4.9ms)
Completed 200 OK in 47ms (Views: 46.2ms | ActiveRecord: 0.0ms (0 queries, 0 cached) | GC: 4.9ms)


Started GET "/.well-known/appspecific/com.chrome.devtools.json" for ::1 at 2025-12-01 13:59:46 +0100
  
ActionController::RoutingError (No route matches [GET] "/.well-known/appspecific/com.chrome.devtools.json"):
  
Started GET "/" for ::1 at 2025-12-01 14:00:13 +0100
Processing by StaticPagesController#index as HTML
  Rendering layout layouts/application.html.erb
  Rendering static_pages/index.html.orb within layouts/application
  Rendered static_pages/index.html.orb within layouts/application (Duration: 49.2ms | GC: 10.4ms)
  Rendered layout layouts/application.html.erb (Duration: 50.5ms | GC: 10.7ms)
Completed 200 OK in 54ms (Views: 51.8ms | ActiveRecord: 0.0ms (0 queries, 0 cached) | GC: 11.9ms)


Started GET "/.well-known/appspecific/com.chrome.devtools.json" for ::1 at 2025-12-01 14:00:13 +0100
  
ActionController::RoutingError (No route matches [GET] "/.well-known/appspecific/com.chrome.devtools.json"):
  
Started GET "/" for ::1 at 2025-12-01 14:00:45 +0100
Processing by StaticPagesController#index as HTML
  Rendering layout layouts/application.html.erb
  Rendering static_pages/index.html.orb within layouts/application
  Rendered static_pages/index.html.orb within layouts/application (Duration: 46.0ms | GC: 4.8ms)
  Rendered layout layouts/application.html.erb (Duration: 48.3ms | GC: 5.0ms)
Completed 200 OK in 50ms (Views: 49.1ms | ActiveRecord: 0.0ms (0 queries, 0 cached) | GC: 5.0ms)


Started GET "/.well-known/appspecific/com.chrome.devtools.json" for ::1 at 2025-12-01 14:00:45 +0100
  
ActionController::RoutingError (No route matches [GET] "/.well-known/appspecific/com.chrome.devtools.json"):
  
Started GET "/" for ::1 at 2025-12-01 14:01:08 +0100
Processing by StaticPagesController#index as HTML
  Rendering layout layouts/application.html.erb
  Rendering static_pages/index.html.orb within layouts/application
  Rendered static_pages/index.html.orb within layouts/application (Duration: 53.3ms | GC: 5.9ms)
  Rendered layout layouts/application.html.erb (Duration: 54.3ms | GC: 5.9ms)
Completed 200 OK in 56ms (Views: 55.0ms | ActiveRecord: 0.0ms (0 queries, 0 cached) | GC: 5.9ms)


Started GET "/.well-known/appspecific/com.chrome.devtools.json" for ::1 at 2025-12-01 14:01:08 +0100
  
ActionController::RoutingError (No route matches [GET] "/.well-known/appspecific/com.chrome.devtools.json"):
  
Started GET "/" for ::1 at 2025-12-01 14:01:20 +0100
Processing by StaticPagesController#index as HTML
  Rendering layout layouts/application.html.erb
  Rendering static_pages/index.html.orb within layouts/application
  Rendered static_pages/index.html.orb within layouts/application (Duration: 71.0ms | GC: 28.9ms)
  Rendered layout layouts/application.html.erb (Duration: 72.0ms | GC: 28.9ms)
Completed 200 OK in 74ms (Views: 72.8ms | ActiveRecord: 0.0ms (0 queries, 0 cached) | GC: 28.9ms)


Started GET "/.well-known/appspecific/com.chrome.devtools.json" for ::1 at 2025-12-01 14:01:20 +0100
  
ActionController::RoutingError (No route matches [GET] "/.well-known/appspecific/com.chrome.devtools.json"):
  
Started GET "/" for ::1 at 2025-12-01 14:01:46 +0100
Processing by StaticPagesController#index as HTML
  Rendering layout layouts/application.html.erb
  Rendering static_pages/index.html.orb within layouts/application
  Rendered static_pages/index.html.orb within layouts/application (Duration: 47.9ms | GC: 6.8ms)
  Rendered layout layouts/application.html.erb (Duration: 48.7ms | GC: 6.8ms)
Completed 200 OK in 50ms (Views: 49.4ms | ActiveRecord: 0.0ms (0 queries, 0 cached) | GC: 6.8ms)


Started GET "/.well-known/appspecific/com.chrome.devtools.json" for ::1 at 2025-12-01 14:01:46 +0100
  
ActionController::RoutingError (No route matches [GET] "/.well-known/appspecific/com.chrome.devtools.json"):
  
Started GET "/" for ::1 at 2025-12-01 14:02:21 +0100
Processing by StaticPagesController#index as HTML
  Rendering layout layouts/application.html.erb
  Rendering static_pages/index.html.orb within layouts/application
  Rendered static_pages/index.html.orb within layouts/application (Duration: 53.9ms | GC: 8.0ms)
  Rendered layout layouts/application.html.erb (Duration: 56.3ms | GC: 8.0ms)
Completed 200 OK in 59ms (Views: 57.9ms | ActiveRecord: 0.0ms (0 queries, 0 cached) | GC: 8.5ms)


Started GET "/.well-known/appspecific/com.chrome.devtools.json" for ::1 at 2025-12-01 14:02:21 +0100
  
ActionController::RoutingError (No route matches [GET] "/.well-known/appspecific/com.chrome.devtools.json"):
  
Started GET "/" for ::1 at 2025-12-01 14:03:13 +0100
Processing by StaticPagesController#index as HTML
  Rendering layout layouts/application.html.erb
  Rendering static_pages/index.html.orb within layouts/application
  Rendered static_pages/index.html.orb within layouts/application (Duration: 52.6ms | GC: 8.1ms)
  Rendered layout layouts/application.html.erb (Duration: 53.5ms | GC: 8.1ms)
Completed 200 OK in 56ms (Views: 54.6ms | ActiveRecord: 0.0ms (0 queries, 0 cached) | GC: 8.1ms)


Started GET "/.well-known/appspecific/com.chrome.devtools.json" for ::1 at 2025-12-01 14:03:13 +0100
  
ActionController::RoutingError (No route matches [GET] "/.well-known/appspecific/com.chrome.devtools.json"):
  
Started GET "/" for ::1 at 2025-12-01 14:03:23 +0100
Processing by StaticPagesController#index as HTML
  Rendering layout layouts/application.html.erb
  Rendering static_pages/index.html.orb within layouts/application
  Rendered static_pages/index.html.orb within layouts/application (Duration: 49.9ms | GC: 7.9ms)
  Rendered layout layouts/application.html.erb (Duration: 50.7ms | GC: 7.9ms)
Completed 200 OK in 53ms (Views: 51.7ms | ActiveRecord: 0.0ms (0 queries, 0 cached) | GC: 7.9ms)


Started GET "/.well-known/appspecific/com.chrome.devtools.json" for ::1 at 2025-12-01 14:03:23 +0100
  
ActionController::RoutingError (No route matches [GET] "/.well-known/appspecific/com.chrome.devtools.json"):
  
Started GET "/" for ::1 at 2025-12-01 14:03:59 +0100
Processing by StaticPagesController#index as HTML
  Rendering layout layouts/application.html.erb
  Rendering static_pages/index.html.orb within layouts/application
  Rendered static_pages/index.html.orb within layouts/application (Duration: 52.2ms | GC: 6.5ms)
  Rendered layout layouts/application.html.erb (Duration: 54.3ms | GC: 6.5ms)
Completed 200 OK in 57ms (Views: 55.5ms | ActiveRecord: 0.0ms (0 queries, 0 cached) | GC: 6.5ms)


Started GET "/.well-known/appspecific/com.chrome.devtools.json" for ::1 at 2025-12-01 14:03:59 +0100
  
ActionController::RoutingError (No route matches [GET] "/.well-known/appspecific/com.chrome.devtools.json"):
  
Started GET "/components" for ::1 at 2025-12-01 14:04:01 +0100
Processing by StaticPagesController#components as HTML
  Rendering layout layouts/application.html.erb
  Rendering static_pages/components.html.orb within layouts/application
  Rendered static_pages/components.html.orb within layouts/application (Duration: 22.6ms | GC: 1.6ms)
  Rendered layout layouts/application.html.erb (Duration: 23.4ms | GC: 1.6ms)
Completed 200 OK in 25ms (Views: 23.7ms | ActiveRecord: 0.0ms (0 queries, 0 cached) | GC: 1.6ms)


Started GET "/components" for ::1 at 2025-12-01 14:04:44 +0100
Processing by StaticPagesController#components as HTML
  Rendering layout layouts/application.html.erb
  Rendering static_pages/components.html.orb within layouts/application
  Rendered static_pages/components.html.orb within layouts/application (Duration: 30.5ms | GC: 1.7ms)
  Rendered layout layouts/application.html.erb (Duration: 31.4ms | GC: 1.7ms)
Completed 200 OK in 33ms (Views: 32.3ms | ActiveRecord: 0.0ms (0 queries, 0 cached) | GC: 1.7ms)


Started GET "/.well-known/appspecific/com.chrome.devtools.json" for ::1 at 2025-12-01 14:04:45 +0100
  
ActionController::RoutingError (No route matches [GET] "/.well-known/appspecific/com.chrome.devtools.json"):
  
Started GET "/components" for ::1 at 2025-12-01 14:05:15 +0100
Processing by StaticPagesController#components as HTML
  Rendering layout layouts/application.html.erb
  Rendering static_pages/components.html.orb within layouts/application
  Rendered static_pages/components.html.orb within layouts/application (Duration: 34.6ms | GC: 5.8ms)
  Rendered layout layouts/application.html.erb (Duration: 35.7ms | GC: 5.9ms)
Completed 200 OK in 37ms (Views: 36.4ms | ActiveRecord: 0.0ms (0 queries, 0 cached) | GC: 5.9ms)


Started GET "/.well-known/appspecific/com.chrome.devtools.json" for ::1 at 2025-12-01 14:05:15 +0100
  
ActionController::RoutingError (No route matches [GET] "/.well-known/appspecific/com.chrome.devtools.json"):
  
Started GET "/components" for ::1 at 2025-12-01 14:05:41 +0100
Processing by StaticPagesController#components as HTML
  Rendering layout layouts/application.html.erb
  Rendering static_pages/components.html.orb within layouts/application
  Rendered static_pages/components.html.orb within layouts/application (Duration: 30.3ms | GC: 3.7ms)
  Rendered layout layouts/application.html.erb (Duration: 31.7ms | GC: 3.7ms)
Completed 200 OK in 33ms (Views: 32.4ms | ActiveRecord: 0.0ms (0 queries, 0 cached) | GC: 3.7ms)


Started GET "/.well-known/appspecific/com.chrome.devtools.json" for ::1 at 2025-12-01 14:05:42 +0100
  
ActionController::RoutingError (No route matches [GET] "/.well-known/appspecific/com.chrome.devtools.json"):
  
Started GET "/components" for ::1 at 2025-12-01 14:05:59 +0100
Processing by StaticPagesController#components as HTML
  Rendering layout layouts/application.html.erb
  Rendering static_pages/components.html.orb within layouts/application
  Rendered static_pages/components.html.orb within layouts/application (Duration: 33.5ms | GC: 6.9ms)
  Rendered layout layouts/application.html.erb (Duration: 34.9ms | GC: 6.9ms)
Completed 200 OK in 36ms (Views: 35.5ms | ActiveRecord: 0.0ms (0 queries, 0 cached) | GC: 6.9ms)


Started GET "/.well-known/appspecific/com.chrome.devtools.json" for ::1 at 2025-12-01 14:05:59 +0100
  
ActionController::RoutingError (No route matches [GET] "/.well-known/appspecific/com.chrome.devtools.json"):
  
Started GET "/components" for ::1 at 2025-12-01 14:06:21 +0100
Processing by StaticPagesController#components as HTML
  Rendering layout layouts/application.html.erb
  Rendering static_pages/components.html.orb within layouts/application
  Rendered static_pages/components.html.orb within layouts/application (Duration: 52.0ms | GC: 23.5ms)
  Rendered layout layouts/application.html.erb (Duration: 53.6ms | GC: 23.8ms)
Completed 200 OK in 55ms (Views: 54.8ms | ActiveRecord: 0.0ms (0 queries, 0 cached) | GC: 24.2ms)


Started GET "/.well-known/appspecific/com.chrome.devtools.json" for ::1 at 2025-12-01 14:06:21 +0100
  
ActionController::RoutingError (No route matches [GET] "/.well-known/appspecific/com.chrome.devtools.json"):
  
Started GET "/components" for ::1 at 2025-12-01 14:06:29 +0100
Processing by StaticPagesController#components as HTML
  Rendering layout layouts/application.html.erb
  Rendering static_pages/components.html.orb within layouts/application
  Rendered static_pages/components.html.orb within layouts/application (Duration: 33.0ms | GC: 3.5ms)
  Rendered layout layouts/application.html.erb (Duration: 34.0ms | GC: 3.6ms)
Completed 200 OK in 35ms (Views: 34.7ms | ActiveRecord: 0.0ms (0 queries, 0 cached) | GC: 3.6ms)


Started GET "/.well-known/appspecific/com.chrome.devtools.json" for ::1 at 2025-12-01 14:06:29 +0100
  
ActionController::RoutingError (No route matches [GET] "/.well-known/appspecific/com.chrome.devtools.json"):
  
Started GET "/components" for ::1 at 2025-12-01 14:06:48 +0100
Processing by StaticPagesController#components as HTML
  Rendering layout layouts/application.html.erb
  Rendering static_pages/components.html.orb within layouts/application
  Rendered static_pages/components.html.orb within layouts/application (Duration: 29.4ms | GC: 2.9ms)
  Rendered layout layouts/application.html.erb (Duration: 31.0ms | GC: 2.9ms)
Completed 200 OK in 32ms (Views: 31.7ms | ActiveRecord: 0.0ms (0 queries, 0 cached) | GC: 2.9ms)


Started GET "/.well-known/appspecific/com.chrome.devtools.json" for ::1 at 2025-12-01 14:06:48 +0100
  
ActionController::RoutingError (No route matches [GET] "/.well-known/appspecific/com.chrome.devtools.json"):
  
Started GET "/components" for ::1 at 2025-12-01 14:06:57 +0100
Processing by StaticPagesController#components as HTML
  Rendering layout layouts/application.html.erb
  Rendering static_pages/components.html.orb within layouts/application
  Rendered static_pages/components.html.orb within layouts/application (Duration: 35.4ms | GC: 7.7ms)
  Rendered layout layouts/application.html.erb (Duration: 36.9ms | GC: 7.7ms)
Completed 200 OK in 38ms (Views: 37.6ms | ActiveRecord: 0.0ms (0 queries, 0 cached) | GC: 7.7ms)


Started GET "/.well-known/appspecific/com.chrome.devtools.json" for ::1 at 2025-12-01 14:06:57 +0100
  
ActionController::RoutingError (No route matches [GET] "/.well-known/appspecific/com.chrome.devtools.json"):
  
Started GET "/components" for ::1 at 2025-12-01 14:07:05 +0100
Processing by StaticPagesController#components as HTML
  Rendering layout layouts/application.html.erb
  Rendering static_pages/components.html.orb within layouts/application
  Rendered static_pages/components.html.orb within layouts/application (Duration: 29.7ms | GC: 2.9ms)
  Rendered layout layouts/application.html.erb (Duration: 31.2ms | GC: 2.9ms)
Completed 200 OK in 33ms (Views: 32.1ms | ActiveRecord: 0.0ms (0 queries, 0 cached) | GC: 2.9ms)


Started GET "/.well-known/appspecific/com.chrome.devtools.json" for ::1 at 2025-12-01 14:07:05 +0100
  
ActionController::RoutingError (No route matches [GET] "/.well-known/appspecific/com.chrome.devtools.json"):
  
Started GET "/" for ::1 at 2025-12-01 14:07:14 +0100
Processing by StaticPagesController#index as HTML
  Rendering layout layouts/application.html.erb
  Rendering static_pages/index.html.orb within layouts/application
  Rendered static_pages/index.html.orb within layouts/application (Duration: 47.5ms | GC: 8.4ms)
  Rendered layout layouts/application.html.erb (Duration: 48.1ms | GC: 8.4ms)
Completed 200 OK in 50ms (Views: 48.3ms | ActiveRecord: 0.0ms (0 queries, 0 cached) | GC: 8.4ms)


Started GET "/" for ::1 at 2025-12-01 14:07:37 +0100
Processing by StaticPagesController#index as HTML
  Rendering layout layouts/application.html.erb
  Rendering static_pages/index.html.orb within layouts/application
  Rendered static_pages/index.html.orb within layouts/application (Duration: 47.6ms | GC: 5.8ms)
  Rendered layout layouts/application.html.erb (Duration: 49.2ms | GC: 5.8ms)
Completed 200 OK in 51ms (Views: 50.0ms | ActiveRecord: 0.0ms (0 queries, 0 cached) | GC: 5.8ms)


Started GET "/.well-known/appspecific/com.chrome.devtools.json" for ::1 at 2025-12-01 14:07:37 +0100
  
ActionController::RoutingError (No route matches [GET] "/.well-known/appspecific/com.chrome.devtools.json"):
  
Started GET "/" for ::1 at 2025-12-01 14:07:58 +0100
Processing by StaticPagesController#index as HTML
  Rendering layout layouts/application.html.erb
  Rendering static_pages/index.html.orb within layouts/application
  Rendered static_pages/index.html.orb within layouts/application (Duration: 51.9ms | GC: 7.5ms)
  Rendered layout layouts/application.html.erb (Duration: 53.6ms | GC: 7.5ms)
Completed 200 OK in 55ms (Views: 54.4ms | ActiveRecord: 0.0ms (0 queries, 0 cached) | GC: 7.5ms)


Started GET "/.well-known/appspecific/com.chrome.devtools.json" for ::1 at 2025-12-01 14:07:58 +0100
  
ActionController::RoutingError (No route matches [GET] "/.well-known/appspecific/com.chrome.devtools.json"):
  
Started GET "/blocks" for ::1 at 2025-12-01 14:08:00 +0100
  
ActionController::RoutingError (No route matches [GET] "/blocks"):
  
Started GET "/components" for ::1 at 2025-12-01 14:08:00 +0100
Processing by StaticPagesController#components as HTML
  Rendering layout layouts/application.html.erb
  Rendering static_pages/components.html.orb within layouts/application
  Rendered static_pages/components.html.orb within layouts/application (Duration: 33.3ms | GC: 12.1ms)
  Rendered layout layouts/application.html.erb (Duration: 34.9ms | GC: 13.1ms)
Completed 200 OK in 36ms (Views: 35.5ms | ActiveRecord: 0.0ms (0 queries, 0 cached) | GC: 13.4ms)


Started GET "/components" for ::1 at 2025-12-01 14:08:18 +0100
Processing by StaticPagesController#components as HTML
  Rendering layout layouts/application.html.erb
  Rendering static_pages/components.html.orb within layouts/application
  Rendered static_pages/components.html.orb within layouts/application (Duration: 27.4ms | GC: 2.5ms)
  Rendered layout layouts/application.html.erb (Duration: 28.3ms | GC: 2.5ms)
Completed 200 OK in 30ms (Views: 29.0ms | ActiveRecord: 0.0ms (0 queries, 0 cached) | GC: 2.5ms)


Started GET "/.well-known/appspecific/com.chrome.devtools.json" for ::1 at 2025-12-01 14:08:18 +0100
  
ActionController::RoutingError (No route matches [GET] "/.well-known/appspecific/com.chrome.devtools.json"):
  
Started GET "/components" for ::1 at 2025-12-01 14:08:30 +0100
Processing by StaticPagesController#components as HTML
  Rendering layout layouts/application.html.erb
  Rendering static_pages/components.html.orb within layouts/application
  Rendered static_pages/components.html.orb within layouts/application (Duration: 34.9ms | GC: 3.9ms)
  Rendered layout layouts/application.html.erb (Duration: 35.8ms | GC: 3.9ms)
Completed 200 OK in 37ms (Views: 36.9ms | ActiveRecord: 0.0ms (0 queries, 0 cached) | GC: 3.9ms)


Started GET "/.well-known/appspecific/com.chrome.devtools.json" for ::1 at 2025-12-01 14:08:31 +0100
  
ActionController::RoutingError (No route matches [GET] "/.well-known/appspecific/com.chrome.devtools.json"):
  
Started GET "/components" for ::1 at 2025-12-01 14:08:41 +0100
Processing by StaticPagesController#components as HTML
  Rendering layout layouts/application.html.erb
  Rendering static_pages/components.html.orb within layouts/application
  Rendered static_pages/components.html.orb within layouts/application (Duration: 31.8ms | GC: 3.8ms)
  Rendered layout layouts/application.html.erb (Duration: 32.6ms | GC: 3.8ms)
Completed 200 OK in 38ms (Views: 37.3ms | ActiveRecord: 0.0ms (0 queries, 0 cached) | GC: 3.8ms)


Started GET "/.well-known/appspecific/com.chrome.devtools.json" for ::1 at 2025-12-01 14:08:41 +0100
  
ActionController::RoutingError (No route matches [GET] "/.well-known/appspecific/com.chrome.devtools.json"):
  
Started GET "/components" for ::1 at 2025-12-01 14:08:46 +0100
Processing by StaticPagesController#components as HTML
  Rendering layout layouts/application.html.erb
  Rendering static_pages/components.html.orb within layouts/application
  Rendered static_pages/components.html.orb within layouts/application (Duration: 32.5ms | GC: 4.7ms)
  Rendered layout layouts/application.html.erb (Duration: 34.7ms | GC: 4.7ms)
Completed 200 OK in 36ms (Views: 35.6ms | ActiveRecord: 0.0ms (0 queries, 0 cached) | GC: 4.7ms)


Started GET "/.well-known/appspecific/com.chrome.devtools.json" for ::1 at 2025-12-01 14:08:46 +0100
  
ActionController::RoutingError (No route matches [GET] "/.well-known/appspecific/com.chrome.devtools.json"):
  
Started GET "/" for ::1 at 2025-12-01 14:08:54 +0100
Processing by StaticPagesController#index as HTML
  Rendering layout layouts/application.html.erb
  Rendering static_pages/index.html.orb within layouts/application
  Rendered static_pages/index.html.orb within layouts/application (Duration: 55.2ms | GC: 10.8ms)
  Rendered layout layouts/application.html.erb (Duration: 55.9ms | GC: 10.8ms)
Completed 200 OK in 58ms (Views: 56.5ms | ActiveRecord: 0.0ms (0 queries, 0 cached) | GC: 10.8ms)


Started GET "/" for ::1 at 2025-12-01 14:09:23 +0100
Processing by StaticPagesController#index as HTML
  Rendering layout layouts/application.html.erb
  Rendering static_pages/index.html.orb within layouts/application
  Rendered static_pages/index.html.orb within layouts/application (Duration: 47.9ms | GC: 5.1ms)
  Rendered layout layouts/application.html.erb (Duration: 49.0ms | GC: 5.3ms)
Completed 200 OK in 51ms (Views: 49.8ms | ActiveRecord: 0.0ms (0 queries, 0 cached) | GC: 5.4ms)


Started GET "/.well-known/appspecific/com.chrome.devtools.json" for ::1 at 2025-12-01 14:09:23 +0100
  
ActionController::RoutingError (No route matches [GET] "/.well-known/appspecific/com.chrome.devtools.json"):
  
Started GET "/" for ::1 at 2025-12-01 14:11:30 +0100
Processing by StaticPagesController#index as HTML
  Rendering layout layouts/application.html.erb
  Rendering static_pages/index.html.orb within layouts/application
  Rendered static_pages/index.html.orb within layouts/application (Duration: 31.4ms | GC: 6.4ms)
  Rendered layout layouts/application.html.erb (Duration: 33.4ms | GC: 6.4ms)
Completed 200 OK in 34ms (Views: 33.6ms | ActiveRecord: 0.0ms (0 queries, 0 cached) | GC: 6.4ms)


Started GET "/.well-known/appspecific/com.chrome.devtools.json" for ::1 at 2025-12-01 14:11:30 +0100
  
ActionController::RoutingError (No route matches [GET] "/.well-known/appspecific/com.chrome.devtools.json"):
  
Started GET "/" for ::1 at 2025-12-01 14:11:42 +0100
Processing by StaticPagesController#index as HTML
  Rendering layout layouts/application.html.erb
  Rendering static_pages/index.html.orb within layouts/application
  Rendered static_pages/index.html.orb within layouts/application (Duration: 29.8ms | GC: 5.2ms)
  Rendered layout layouts/application.html.erb (Duration: 31.1ms | GC: 5.2ms)
Completed 200 OK in 32ms (Views: 31.4ms | ActiveRecord: 0.0ms (0 queries, 0 cached) | GC: 5.2ms)


Started GET "/.well-known/appspecific/com.chrome.devtools.json" for ::1 at 2025-12-01 14:11:42 +0100
  
ActionController::RoutingError (No route matches [GET] "/.well-known/appspecific/com.chrome.devtools.json"):
  
Started GET "/" for ::1 at 2025-12-01 14:11:53 +0100
Processing by StaticPagesController#index as HTML
  Rendering layout layouts/application.html.erb
  Rendering static_pages/index.html.orb within layouts/application
  Rendered static_pages/index.html.orb within layouts/application (Duration: 58.0ms | GC: 30.9ms)
  Rendered layout layouts/application.html.erb (Duration: 59.5ms | GC: 30.9ms)
Completed 200 OK in 60ms (Views: 59.8ms | ActiveRecord: 0.0ms (0 queries, 0 cached) | GC: 30.9ms)


Started GET "/.well-known/appspecific/com.chrome.devtools.json" for ::1 at 2025-12-01 14:11:53 +0100
  
ActionController::RoutingError (No route matches [GET] "/.well-known/appspecific/com.chrome.devtools.json"):
  
Started GET "/" for ::1 at 2025-12-01 14:11:59 +0100
Processing by StaticPagesController#index as HTML
  Rendering layout layouts/application.html.erb
  Rendering static_pages/index.html.orb within layouts/application
  Rendered static_pages/index.html.orb within layouts/application (Duration: 30.5ms | GC: 4.7ms)
  Rendered layout layouts/application.html.erb (Duration: 31.8ms | GC: 4.7ms)
Completed 200 OK in 33ms (Views: 32.1ms | ActiveRecord: 0.0ms (0 queries, 0 cached) | GC: 4.7ms)


Started GET "/.well-known/appspecific/com.chrome.devtools.json" for ::1 at 2025-12-01 14:11:59 +0100
  
ActionController::RoutingError (No route matches [GET] "/.well-known/appspecific/com.chrome.devtools.json"):
  
Started GET "/" for ::1 at 2025-12-01 14:12:32 +0100
Processing by StaticPagesController#index as HTML
  Rendering layout layouts/application.html.erb
  Rendering static_pages/index.html.orb within layouts/application
  Rendered static_pages/index.html.orb within layouts/application (Duration: 29.3ms | GC: 5.6ms)
  Rendered layout layouts/application.html.erb (Duration: 30.5ms | GC: 5.6ms)
Completed 200 OK in 31ms (Views: 30.7ms | ActiveRecord: 0.0ms (0 queries, 0 cached) | GC: 5.6ms)


Started GET "/.well-known/appspecific/com.chrome.devtools.json" for ::1 at 2025-12-01 14:12:32 +0100
  
ActionController::RoutingError (No route matches [GET] "/.well-known/appspecific/com.chrome.devtools.json"):
  
Started GET "/" for ::1 at 2025-12-01 14:13:01 +0100
Processing by StaticPagesController#index as HTML
  Rendering layout layouts/application.html.erb
  Rendering static_pages/index.html.orb within layouts/application
  Rendered static_pages/index.html.orb within layouts/application (Duration: 53.2ms | GC: 7.3ms)
  Rendered layout layouts/application.html.erb (Duration: 54.8ms | GC: 7.3ms)
Completed 200 OK in 57ms (Views: 55.9ms | ActiveRecord: 0.0ms (0 queries, 0 cached) | GC: 7.5ms)


Started GET "/.well-known/appspecific/com.chrome.devtools.json" for ::1 at 2025-12-01 14:13:01 +0100
  
ActionController::RoutingError (No route matches [GET] "/.well-known/appspecific/com.chrome.devtools.json"):
  
Started GET "/" for ::1 at 2025-12-01 14:14:23 +0100
Processing by StaticPagesController#index as HTML
  Rendering layout layouts/application.html.erb
  Rendering static_pages/index.html.orb within layouts/application
  Rendered static_pages/index.html.orb within layouts/application (Duration: 30.3ms | GC: 5.5ms)
  Rendered layout layouts/application.html.erb (Duration: 32.2ms | GC: 5.5ms)
Completed 200 OK in 33ms (Views: 32.5ms | ActiveRecord: 0.0ms (0 queries, 0 cached) | GC: 5.5ms)


Started GET "/.well-known/appspecific/com.chrome.devtools.json" for ::1 at 2025-12-01 14:14:23 +0100
  
ActionController::RoutingError (No route matches [GET] "/.well-known/appspecific/com.chrome.devtools.json"):
  
Started GET "/" for ::1 at 2025-12-01 14:15:07 +0100
Processing by StaticPagesController#index as HTML
  Rendering layout layouts/application.html.erb
  Rendering static_pages/index.html.orb within layouts/application
  Rendered static_pages/index.html.orb within layouts/application (Duration: 27.6ms | GC: 2.9ms)
  Rendered layout layouts/application.html.erb (Duration: 29.6ms | GC: 2.9ms)
Completed 200 OK in 30ms (Views: 29.9ms | ActiveRecord: 0.0ms (0 queries, 0 cached) | GC: 2.9ms)


Started GET "/.well-known/appspecific/com.chrome.devtools.json" for ::1 at 2025-12-01 14:15:07 +0100
  
ActionController::RoutingError (No route matches [GET] "/.well-known/appspecific/com.chrome.devtools.json"):
  
Started GET "/components" for ::1 at 2025-12-01 14:15:11 +0100
Processing by StaticPagesController#components as HTML
  Rendering layout layouts/application.html.erb
  Rendering static_pages/components.html.orb within layouts/application
  Rendered static_pages/components.html.orb within layouts/application (Duration: 22.5ms | GC: 1.1ms)
  Rendered layout layouts/application.html.erb (Duration: 23.1ms | GC: 1.1ms)
Completed 200 OK in 24ms (Views: 23.3ms | ActiveRecord: 0.0ms (0 queries, 0 cached) | GC: 1.1ms)


Started GET "/components" for ::1 at 2025-12-01 14:16:22 +0100
Processing by StaticPagesController#components as HTML
  Rendering layout layouts/application.html.erb
  Rendering static_pages/components.html.orb within layouts/application
  Rendered static_pages/components.html.orb within layouts/application (Duration: 32.3ms | GC: 1.3ms)
  Rendered layout layouts/application.html.erb (Duration: 33.3ms | GC: 1.3ms)
Completed 200 OK in 36ms (Views: 34.9ms | ActiveRecord: 0.0ms (0 queries, 0 cached) | GC: 1.3ms)


Started GET "/.well-known/appspecific/com.chrome.devtools.json" for ::1 at 2025-12-01 14:16:22 +0100
  
ActionController::RoutingError (No route matches [GET] "/.well-known/appspecific/com.chrome.devtools.json"):
  
Started GET "/components" for ::1 at 2025-12-01 14:16:49 +0100
Processing by StaticPagesController#components as HTML
  Rendering layout layouts/application.html.erb
  Rendering static_pages/components.html.orb within layouts/application
  Rendered static_pages/components.html.orb within layouts/application (Duration: 30.9ms | GC: 2.9ms)
  Rendered layout layouts/application.html.erb (Duration: 31.7ms | GC: 2.9ms)
Completed 200 OK in 34ms (Views: 33.0ms | ActiveRecord: 0.0ms (0 queries, 0 cached) | GC: 3.3ms)


Started GET "/.well-known/appspecific/com.chrome.devtools.json" for ::1 at 2025-12-01 14:16:49 +0100
  
ActionController::RoutingError (No route matches [GET] "/.well-known/appspecific/com.chrome.devtools.json"):
  
Started GET "/components" for ::1 at 2025-12-01 14:17:06 +0100
Processing by StaticPagesController#components as HTML
  Rendering layout layouts/application.html.erb
  Rendering static_pages/components.html.orb within layouts/application
  Rendered static_pages/components.html.orb within layouts/application (Duration: 34.5ms | GC: 4.9ms)
  Rendered layout layouts/application.html.erb (Duration: 35.7ms | GC: 5.2ms)
Completed 200 OK in 38ms (Views: 36.8ms | ActiveRecord: 0.0ms (0 queries, 0 cached) | GC: 5.2ms)


Started GET "/.well-known/appspecific/com.chrome.devtools.json" for ::1 at 2025-12-01 14:17:06 +0100
  
ActionController::RoutingError (No route matches [GET] "/.well-known/appspecific/com.chrome.devtools.json"):
  
Started GET "/components" for ::1 at 2025-12-01 14:17:12 +0100
Processing by StaticPagesController#components as HTML
  Rendering layout layouts/application.html.erb
  Rendering static_pages/components.html.orb within layouts/application
  Rendered static_pages/components.html.orb within layouts/application (Duration: 30.7ms | GC: 3.3ms)
  Rendered layout layouts/application.html.erb (Duration: 31.6ms | GC: 3.3ms)
Completed 200 OK in 34ms (Views: 32.9ms | ActiveRecord: 0.0ms (0 queries, 0 cached) | GC: 3.6ms)


Started GET "/.well-known/appspecific/com.chrome.devtools.json" for ::1 at 2025-12-01 14:17:12 +0100
  
ActionController::RoutingError (No route matches [GET] "/.well-known/appspecific/com.chrome.devtools.json"):
  
Started GET "/components" for ::1 at 2025-12-01 14:17:26 +0100
Processing by StaticPagesController#components as HTML
  Rendering layout layouts/application.html.erb
  Rendering static_pages/components.html.orb within layouts/application
  Rendered static_pages/components.html.orb within layouts/application (Duration: 21.4ms | GC: 1.6ms)
  Rendered layout layouts/application.html.erb (Duration: 22.0ms | GC: 1.6ms)
Completed 200 OK in 23ms (Views: 22.5ms | ActiveRecord: 0.0ms (0 queries, 0 cached) | GC: 1.8ms)


Started GET "/.well-known/appspecific/com.chrome.devtools.json" for ::1 at 2025-12-01 14:17:26 +0100
  
ActionController::RoutingError (No route matches [GET] "/.well-known/appspecific/com.chrome.devtools.json"):
  
Started GET "/components" for ::1 at 2025-12-01 14:18:38 +0100
Processing by StaticPagesController#components as HTML
  Rendering layout layouts/application.html.erb
  Rendering static_pages/components.html.orb within layouts/application
  Rendered static_pages/components.html.orb within layouts/application (Duration: 25.7ms | GC: 1.6ms)
  Rendered layout layouts/application.html.erb (Duration: 29.4ms | GC: 1.6ms)
Completed 200 OK in 31ms (Views: 29.8ms | ActiveRecord: 0.0ms (0 queries, 0 cached) | GC: 1.6ms)


Started GET "/.well-known/appspecific/com.chrome.devtools.json" for ::1 at 2025-12-01 14:18:38 +0100
  
ActionController::RoutingError (No route matches [GET] "/.well-known/appspecific/com.chrome.devtools.json"):
  
Started GET "/components" for ::1 at 2025-12-01 14:19:18 +0100
Processing by StaticPagesController#components as HTML
  Rendering layout layouts/application.html.erb
  Rendering static_pages/components.html.orb within layouts/application
  Rendered static_pages/components.html.orb within layouts/application (Duration: 23.5ms | GC: 0.8ms)
  Rendered layout layouts/application.html.erb (Duration: 25.5ms | GC: 0.8ms)
Completed 200 OK in 26ms (Views: 25.7ms | ActiveRecord: 0.0ms (0 queries, 0 cached) | GC: 0.8ms)


Started GET "/.well-known/appspecific/com.chrome.devtools.json" for ::1 at 2025-12-01 14:19:18 +0100
  
ActionController::RoutingError (No route matches [GET] "/.well-known/appspecific/com.chrome.devtools.json"):
  
Started GET "/components" for ::1 at 2025-12-01 14:20:33 +0100
Processing by StaticPagesController#components as HTML
  Rendering layout layouts/application.html.erb
  Rendering static_pages/components.html.orb within layouts/application
  Rendered static_pages/components.html.orb within layouts/application (Duration: 35.6ms | GC: 2.5ms)
  Rendered layout layouts/application.html.erb (Duration: 41.6ms | GC: 2.5ms)
Completed 200 OK in 44ms (Views: 43.2ms | ActiveRecord: 0.0ms (0 queries, 0 cached) | GC: 2.5ms)


Started GET "/.well-known/appspecific/com.chrome.devtools.json" for ::1 at 2025-12-01 14:20:33 +0100
  
ActionController::RoutingError (No route matches [GET] "/.well-known/appspecific/com.chrome.devtools.json"):
  
Started GET "/components" for ::1 at 2025-12-01 14:20:43 +0100
Processing by StaticPagesController#components as HTML
  Rendering layout layouts/application.html.erb
  Rendering static_pages/components.html.orb within layouts/application
  Rendered static_pages/components.html.orb within layouts/application (Duration: 31.8ms | GC: 3.3ms)
  Rendered layout layouts/application.html.erb (Duration: 32.7ms | GC: 3.3ms)
Completed 200 OK in 35ms (Views: 33.9ms | ActiveRecord: 0.0ms (0 queries, 0 cached) | GC: 3.9ms)


Started GET "/.well-known/appspecific/com.chrome.devtools.json" for ::1 at 2025-12-01 14:20:43 +0100
  
ActionController::RoutingError (No route matches [GET] "/.well-known/appspecific/com.chrome.devtools.json"):
  
Started GET "/components" for ::1 at 2025-12-01 14:21:03 +0100
Processing by StaticPagesController#components as HTML
  Rendering layout layouts/application.html.erb
  Rendering static_pages/components.html.orb within layouts/application
  Rendered static_pages/components.html.orb within layouts/application (Duration: 31.3ms | GC: 4.3ms)
  Rendered layout layouts/application.html.erb (Duration: 33.6ms | GC: 4.3ms)
Completed 200 OK in 35ms (Views: 34.6ms | ActiveRecord: 0.0ms (0 queries, 0 cached) | GC: 4.3ms)


Started GET "/.well-known/appspecific/com.chrome.devtools.json" for ::1 at 2025-12-01 14:21:03 +0100
  
ActionController::RoutingError (No route matches [GET] "/.well-known/appspecific/com.chrome.devtools.json"):
  
Started GET "/components" for ::1 at 2025-12-01 14:21:09 +0100
Processing by StaticPagesController#components as HTML
  Rendering layout layouts/application.html.erb
  Rendering static_pages/components.html.orb within layouts/application
  Rendered static_pages/components.html.orb within layouts/application (Duration: 29.9ms | GC: 3.0ms)
  Rendered layout layouts/application.html.erb (Duration: 34.2ms | GC: 5.6ms)
Completed 200 OK in 36ms (Views: 35.0ms | ActiveRecord: 0.0ms (0 queries, 0 cached) | GC: 5.6ms)


Started GET "/.well-known/appspecific/com.chrome.devtools.json" for ::1 at 2025-12-01 14:21:09 +0100
  
ActionController::RoutingError (No route matches [GET] "/.well-known/appspecific/com.chrome.devtools.json"):
  
Started GET "/components" for ::1 at 2025-12-01 14:21:32 +0100
Processing by StaticPagesController#components as HTML
  Rendering layout layouts/application.html.erb
  Rendering static_pages/components.html.orb within layouts/application
  Rendered static_pages/components.html.orb within layouts/application (Duration: 32.5ms | GC: 2.0ms)
  Rendered layout layouts/application.html.erb (Duration: 34.6ms | GC: 2.0ms)
Completed 200 OK in 37ms (Views: 35.9ms | ActiveRecord: 0.0ms (0 queries, 0 cached) | GC: 2.3ms)


Started GET "/.well-known/appspecific/com.chrome.devtools.json" for ::1 at 2025-12-01 14:21:32 +0100
  
ActionController::RoutingError (No route matches [GET] "/.well-known/appspecific/com.chrome.devtools.json"):
  
Started GET "/components" for ::1 at 2025-12-01 14:21:37 +0100
Processing by StaticPagesController#components as HTML
  Rendering layout layouts/application.html.erb
  Rendering static_pages/components.html.orb within layouts/application
  Rendered static_pages/components.html.orb within layouts/application (Duration: 30.0ms | GC: 1.7ms)
  Rendered layout layouts/application.html.erb (Duration: 31.6ms | GC: 1.7ms)
Completed 200 OK in 33ms (Views: 32.6ms | ActiveRecord: 0.0ms (0 queries, 0 cached) | GC: 1.7ms)


Started GET "/.well-known/appspecific/com.chrome.devtools.json" for ::1 at 2025-12-01 14:21:37 +0100
  
ActionController::RoutingError (No route matches [GET] "/.well-known/appspecific/com.chrome.devtools.json"):
  
Started GET "/components" for ::1 at 2025-12-01 14:21:52 +0100
Processing by StaticPagesController#components as HTML
  Rendering layout layouts/application.html.erb
  Rendering static_pages/components.html.orb within layouts/application
  Rendered static_pages/components.html.orb within layouts/application (Duration: 31.3ms | GC: 2.2ms)
  Rendered layout layouts/application.html.erb (Duration: 32.8ms | GC: 2.2ms)
Completed 200 OK in 34ms (Views: 33.6ms | ActiveRecord: 0.0ms (0 queries, 0 cached) | GC: 2.2ms)


Started GET "/.well-known/appspecific/com.chrome.devtools.json" for ::1 at 2025-12-01 14:21:53 +0100
  
ActionController::RoutingError (No route matches [GET] "/.well-known/appspecific/com.chrome.devtools.json"):
  
Started GET "/components" for ::1 at 2025-12-01 14:21:59 +0100
Processing by StaticPagesController#components as HTML
  Rendering layout layouts/application.html.erb
  Rendering static_pages/components.html.orb within layouts/application
  Rendered static_pages/components.html.orb within layouts/application (Duration: 32.4ms | GC: 4.9ms)
  Rendered layout layouts/application.html.erb (Duration: 34.0ms | GC: 4.9ms)
Completed 200 OK in 35ms (Views: 34.7ms | ActiveRecord: 0.0ms (0 queries, 0 cached) | GC: 4.9ms)


Started GET "/.well-known/appspecific/com.chrome.devtools.json" for ::1 at 2025-12-01 14:21:59 +0100
  
ActionController::RoutingError (No route matches [GET] "/.well-known/appspecific/com.chrome.devtools.json"):
  
Started GET "/components" for ::1 at 2025-12-01 14:22:09 +0100
Processing by StaticPagesController#components as HTML
  Rendering layout layouts/application.html.erb
  Rendering static_pages/components.html.orb within layouts/application
  Rendered static_pages/components.html.orb within layouts/application (Duration: 31.3ms | GC: 4.5ms)
  Rendered layout layouts/application.html.erb (Duration: 32.9ms | GC: 4.5ms)
Completed 200 OK in 35ms (Views: 34.0ms | ActiveRecord: 0.0ms (0 queries, 0 cached) | GC: 4.5ms)


Started GET "/.well-known/appspecific/com.chrome.devtools.json" for ::1 at 2025-12-01 14:22:10 +0100
  
ActionController::RoutingError (No route matches [GET] "/.well-known/appspecific/com.chrome.devtools.json"):
  
Started GET "/components" for ::1 at 2025-12-01 14:22:35 +0100
Processing by StaticPagesController#components as HTML
  Rendering layout layouts/application.html.erb
  Rendering static_pages/components.html.orb within layouts/application
  Rendered static_pages/components.html.orb within layouts/application (Duration: 36.7ms | GC: 9.1ms)
  Rendered layout layouts/application.html.erb (Duration: 38.3ms | GC: 9.2ms)
Completed 200 OK in 42ms (Views: 40.9ms | ActiveRecord: 0.0ms (0 queries, 0 cached) | GC: 10.6ms)


Started GET "/.well-known/appspecific/com.chrome.devtools.json" for ::1 at 2025-12-01 14:22:36 +0100
  
ActionController::RoutingError (No route matches [GET] "/.well-known/appspecific/com.chrome.devtools.json"):
  
Started GET "/docs" for ::1 at 2025-12-01 14:22:57 +0100
  
ActionController::RoutingError (No route matches [GET] "/docs"):
  
Started GET "/components" for ::1 at 2025-12-01 14:22:58 +0100
Processing by StaticPagesController#components as HTML
  Rendering layout layouts/application.html.erb
  Rendering static_pages/components.html.orb within layouts/application
  Rendered static_pages/components.html.orb within layouts/application (Duration: 26.9ms | GC: 6.8ms)
  Rendered layout layouts/application.html.erb (Duration: 27.6ms | GC: 6.8ms)
Completed 200 OK in 29ms (Views: 27.9ms | ActiveRecord: 0.0ms (0 queries, 0 cached) | GC: 6.8ms)


Started GET "/.well-known/appspecific/com.chrome.devtools.json" for ::1 at 2025-12-01 14:22:58 +0100
  
ActionController::RoutingError (No route matches [GET] "/.well-known/appspecific/com.chrome.devtools.json"):
  
Started GET "/" for ::1 at 2025-12-01 14:22:59 +0100
Processing by StaticPagesController#index as HTML
  Rendering layout layouts/application.html.erb
  Rendering static_pages/index.html.orb within layouts/application
  Rendered static_pages/index.html.orb within layouts/application (Duration: 46.1ms | GC: 8.3ms)
  Rendered layout layouts/application.html.erb (Duration: 46.7ms | GC: 8.3ms)
Completed 200 OK in 48ms (Views: 47.0ms | ActiveRecord: 0.0ms (0 queries, 0 cached) | GC: 8.3ms)


Started GET "/quickstart" for ::1 at 2025-12-01 14:23:00 +0100
  
ActionController::RoutingError (No route matches [GET] "/quickstart"):
  
Started GET "/" for ::1 at 2025-12-01 14:23:01 +0100
Processing by StaticPagesController#index as HTML
  Rendering layout layouts/application.html.erb
  Rendering static_pages/index.html.orb within layouts/application
  Rendered static_pages/index.html.orb within layouts/application (Duration: 28.4ms | GC: 5.5ms)
  Rendered layout layouts/application.html.erb (Duration: 28.9ms | GC: 5.5ms)
Completed 200 OK in 30ms (Views: 29.1ms | ActiveRecord: 0.0ms (0 queries, 0 cached) | GC: 5.5ms)


Started GET "/.well-known/appspecific/com.chrome.devtools.json" for ::1 at 2025-12-01 14:23:01 +0100
  
ActionController::RoutingError (No route matches [GET] "/.well-known/appspecific/com.chrome.devtools.json"):
  
Started GET "/" for ::1 at 2025-12-01 14:23:16 +0100
Processing by StaticPagesController#index as HTML
  Rendering layout layouts/application.html.erb
  Rendering static_pages/index.html.orb within layouts/application
  Rendered static_pages/index.html.orb within layouts/application (Duration: 52.3ms | GC: 7.8ms)
  Rendered layout layouts/application.html.erb (Duration: 53.2ms | GC: 7.8ms)
Completed 200 OK in 55ms (Views: 54.3ms | ActiveRecord: 0.0ms (0 queries, 0 cached) | GC: 7.9ms)


Started GET "/.well-known/appspecific/com.chrome.devtools.json" for ::1 at 2025-12-01 14:23:16 +0100
  
ActionController::RoutingError (No route matches [GET] "/.well-known/appspecific/com.chrome.devtools.json"):
  
Started GET "/" for ::1 at 2025-12-01 14:23:20 +0100
Processing by StaticPagesController#index as HTML
  Rendering layout layouts/application.html.erb
  Rendering static_pages/index.html.orb within layouts/application
  Rendered static_pages/index.html.orb within layouts/application (Duration: 29.5ms | GC: 5.4ms)
  Rendered layout layouts/application.html.erb (Duration: 31.3ms | GC: 6.5ms)
Completed 200 OK in 32ms (Views: 31.6ms | ActiveRecord: 0.0ms (0 queries, 0 cached) | GC: 6.7ms)


Started GET "/.well-known/appspecific/com.chrome.devtools.json" for ::1 at 2025-12-01 14:23:20 +0100
  
ActionController::RoutingError (No route matches [GET] "/.well-known/appspecific/com.chrome.devtools.json"):
  
Started GET "/" for ::1 at 2025-12-01 14:23:27 +0100
Processing by StaticPagesController#index as HTML
  Rendering layout layouts/application.html.erb
  Rendering static_pages/index.html.orb within layouts/application
  Rendered static_pages/index.html.orb within layouts/application (Duration: 27.5ms | GC: 4.6ms)
  Rendered layout layouts/application.html.erb (Duration: 28.2ms | GC: 4.6ms)
Completed 200 OK in 29ms (Views: 28.6ms | ActiveRecord: 0.0ms (0 queries, 0 cached) | GC: 4.6ms)


Started GET "/.well-known/appspecific/com.chrome.devtools.json" for ::1 at 2025-12-01 14:23:27 +0100
  
ActionController::RoutingError (No route matches [GET] "/.well-known/appspecific/com.chrome.devtools.json"):
  
Started GET "/" for ::1 at 2025-12-01 14:25:10 +0100
Processing by StaticPagesController#index as HTML
  Rendering layout layouts/application.html.erb
  Rendering static_pages/index.html.orb within layouts/application
  Rendered static_pages/index.html.orb within layouts/application (Duration: 59.1ms | GC: 5.3ms)
  Rendered layout layouts/application.html.erb (Duration: 61.3ms | GC: 5.3ms)
Completed 200 OK in 65ms (Views: 63.1ms | ActiveRecord: 0.0ms (0 queries, 0 cached) | GC: 5.3ms)


Started GET "/.well-known/appspecific/com.chrome.devtools.json" for ::1 at 2025-12-01 14:25:10 +0100
  
ActionController::RoutingError (No route matches [GET] "/.well-known/appspecific/com.chrome.devtools.json"):
  
Started GET "/" for ::1 at 2025-12-01 14:25:13 +0100
Processing by StaticPagesController#index as HTML
  Rendering layout layouts/application.html.erb
  Rendering static_pages/index.html.orb within layouts/application
  Rendered static_pages/index.html.orb within layouts/application (Duration: 28.8ms | GC: 4.1ms)
  Rendered layout layouts/application.html.erb (Duration: 29.8ms | GC: 4.1ms)
Completed 200 OK in 31ms (Views: 30.0ms | ActiveRecord: 0.0ms (0 queries, 0 cached) | GC: 4.1ms)


Started GET "/.well-known/appspecific/com.chrome.devtools.json" for ::1 at 2025-12-01 14:25:13 +0100
  
ActionController::RoutingError (No route matches [GET] "/.well-known/appspecific/com.chrome.devtools.json"):
  
Started GET "/" for ::1 at 2025-12-01 14:25:43 +0100
Processing by StaticPagesController#index as HTML
  Rendering layout layouts/application.html.erb
  Rendering static_pages/index.html.orb within layouts/application
  Rendered static_pages/index.html.orb within layouts/application (Duration: 102.4ms | GC: 6.8ms)
  Rendered layout layouts/application.html.erb (Duration: 103.3ms | GC: 6.8ms)
Completed 200 OK in 105ms (Views: 104.0ms | ActiveRecord: 0.0ms (0 queries, 0 cached) | GC: 6.8ms)


Started GET "/.well-known/appspecific/com.chrome.devtools.json" for ::1 at 2025-12-01 14:25:43 +0100
  
ActionController::RoutingError (No route matches [GET] "/.well-known/appspecific/com.chrome.devtools.json"):
  
Started GET "/" for ::1 at 2025-12-01 14:26:23 +0100
Processing by StaticPagesController#index as HTML
  Rendering layout layouts/application.html.erb
  Rendering static_pages/index.html.orb within layouts/application
  Rendered static_pages/index.html.orb within layouts/application (Duration: 27.8ms | GC: 3.7ms)
  Rendered layout layouts/application.html.erb (Duration: 29.4ms | GC: 3.7ms)
Completed 200 OK in 30ms (Views: 29.7ms | ActiveRecord: 0.0ms (0 queries, 0 cached) | GC: 3.7ms)


Started GET "/.well-known/appspecific/com.chrome.devtools.json" for ::1 at 2025-12-01 14:26:23 +0100
  
ActionController::RoutingError (No route matches [GET] "/.well-known/appspecific/com.chrome.devtools.json"):
  
Started GET "/" for ::1 at 2025-12-01 14:27:36 +0100
Processing by StaticPagesController#index as HTML
  Rendering layout layouts/application.html.erb
  Rendering static_pages/index.html.orb within layouts/application
  Rendered static_pages/index.html.orb within layouts/application (Duration: 64.8ms | GC: 6.4ms)
  Rendered layout layouts/application.html.erb (Duration: 65.6ms | GC: 6.4ms)
Completed 200 OK in 71ms (Views: 66.7ms | ActiveRecord: 0.0ms (0 queries, 0 cached) | GC: 6.4ms)


Started GET "/.well-known/appspecific/com.chrome.devtools.json" for ::1 at 2025-12-01 14:27:36 +0100
  
ActionController::RoutingError (No route matches [GET] "/.well-known/appspecific/com.chrome.devtools.json"):
  
Started GET "/" for ::1 at 2025-12-01 14:28:07 +0100
Processing by StaticPagesController#index as HTML
  Rendering layout layouts/application.html.erb
  Rendering static_pages/index.html.orb within layouts/application
  Rendered static_pages/index.html.orb within layouts/application (Duration: 31.1ms | GC: 5.2ms)
  Rendered layout layouts/application.html.erb (Duration: 32.2ms | GC: 5.5ms)
Completed 200 OK in 33ms (Views: 32.5ms | ActiveRecord: 0.0ms (0 queries, 0 cached) | GC: 5.5ms)


Started GET "/.well-known/appspecific/com.chrome.devtools.json" for ::1 at 2025-12-01 14:28:07 +0100
  
ActionController::RoutingError (No route matches [GET] "/.well-known/appspecific/com.chrome.devtools.json"):
  
Started GET "/" for ::1 at 2025-12-01 14:28:27 +0100
Processing by StaticPagesController#index as HTML
  Rendering layout layouts/application.html.erb
  Rendering static_pages/index.html.orb within layouts/application
  Rendered static_pages/index.html.orb within layouts/application (Duration: 26.4ms | GC: 4.1ms)
  Rendered layout layouts/application.html.erb (Duration: 28.3ms | GC: 4.1ms)
Completed 200 OK in 29ms (Views: 28.6ms | ActiveRecord: 0.0ms (0 queries, 0 cached) | GC: 4.1ms)


Started GET "/.well-known/appspecific/com.chrome.devtools.json" for ::1 at 2025-12-01 14:28:27 +0100
  
ActionController::RoutingError (No route matches [GET] "/.well-known/appspecific/com.chrome.devtools.json"):
  
Started GET "/" for ::1 at 2025-12-01 14:30:15 +0100
Processing by StaticPagesController#index as HTML
  Rendering layout layouts/application.html.erb
  Rendering static_pages/index.html.orb within layouts/application
  Rendered static_pages/index.html.orb within layouts/application (Duration: 26.9ms | GC: 2.9ms)
  Rendered layout layouts/application.html.erb (Duration: 29.5ms | GC: 2.9ms)
Completed 200 OK in 30ms (Views: 29.8ms | ActiveRecord: 0.0ms (0 queries, 0 cached) | GC: 2.9ms)


Started GET "/.well-known/appspecific/com.chrome.devtools.json" for ::1 at 2025-12-01 14:30:15 +0100
  
ActionController::RoutingError (No route matches [GET] "/.well-known/appspecific/com.chrome.devtools.json"):
  
Started GET "/" for ::1 at 2025-12-01 14:30:30 +0100
Processing by StaticPagesController#index as HTML
  Rendering layout layouts/application.html.erb
  Rendering static_pages/index.html.orb within layouts/application
  Rendered static_pages/index.html.orb within layouts/application (Duration: 25.4ms | GC: 1.8ms)
  Rendered layout layouts/application.html.erb (Duration: 26.0ms | GC: 1.8ms)
Completed 200 OK in 27ms (Views: 26.3ms | ActiveRecord: 0.0ms (0 queries, 0 cached) | GC: 1.8ms)


Started GET "/.well-known/appspecific/com.chrome.devtools.json" for ::1 at 2025-12-01 14:30:30 +0100
  
ActionController::RoutingError (No route matches [GET] "/.well-known/appspecific/com.chrome.devtools.json"):
  
Started GET "/" for ::1 at 2025-12-01 14:30:58 +0100
Processing by StaticPagesController#index as HTML
  Rendering layout layouts/application.html.erb
  Rendering static_pages/index.html.orb within layouts/application
  Rendered static_pages/index.html.orb within layouts/application (Duration: 29.3ms | GC: 1.3ms)
  Rendered layout layouts/application.html.erb (Duration: 30.0ms | GC: 1.3ms)
Completed 200 OK in 31ms (Views: 30.3ms | ActiveRecord: 0.0ms (0 queries, 0 cached) | GC: 1.3ms)


Started GET "/.well-known/appspecific/com.chrome.devtools.json" for ::1 at 2025-12-01 14:30:58 +0100
  
ActionController::RoutingError (No route matches [GET] "/.well-known/appspecific/com.chrome.devtools.json"):
  
Started GET "/" for ::1 at 2025-12-01 14:31:20 +0100
Processing by StaticPagesController#index as HTML
  Rendering layout layouts/application.html.erb
  Rendering static_pages/index.html.orb within layouts/application
  Rendered static_pages/index.html.orb within layouts/application (Duration: 81.7ms | GC: 35.3ms)
  Rendered layout layouts/application.html.erb (Duration: 82.8ms | GC: 35.5ms)
Completed 200 OK in 85ms (Views: 84.6ms | ActiveRecord: 0.0ms (0 queries, 0 cached) | GC: 35.5ms)


Started GET "/.well-known/appspecific/com.chrome.devtools.json" for ::1 at 2025-12-01 14:31:20 +0100
  
ActionController::RoutingError (No route matches [GET] "/.well-known/appspecific/com.chrome.devtools.json"):
  
Started GET "/" for ::1 at 2025-12-01 14:33:45 +0100
Processing by StaticPagesController#index as HTML
  Rendering layout layouts/application.html.erb
  Rendering static_pages/index.html.orb within layouts/application
  Rendered static_pages/index.html.orb within layouts/application (Duration: 52.1ms | GC: 6.2ms)
  Rendered layout layouts/application.html.erb (Duration: 53.0ms | GC: 6.2ms)
Completed 200 OK in 55ms (Views: 54.1ms | ActiveRecord: 0.0ms (0 queries, 0 cached) | GC: 6.2ms)


Started GET "/.well-known/appspecific/com.chrome.devtools.json" for ::1 at 2025-12-01 14:33:45 +0100
  
ActionController::RoutingError (No route matches [GET] "/.well-known/appspecific/com.chrome.devtools.json"):
  
Started GET "/" for ::1 at 2025-12-01 14:34:06 +0100
Processing by StaticPagesController#index as HTML
  Rendering layout layouts/application.html.erb
  Rendering static_pages/index.html.orb within layouts/application
  Rendered static_pages/index.html.orb within layouts/application (Duration: 48.2ms | GC: 5.8ms)
  Rendered layout layouts/application.html.erb (Duration: 49.1ms | GC: 5.8ms)
Completed 200 OK in 51ms (Views: 50.2ms | ActiveRecord: 0.0ms (0 queries, 0 cached) | GC: 5.8ms)


Started GET "/.well-known/appspecific/com.chrome.devtools.json" for ::1 at 2025-12-01 14:34:06 +0100
  
ActionController::RoutingError (No route matches [GET] "/.well-known/appspecific/com.chrome.devtools.json"):
  
Started GET "/" for ::1 at 2025-12-01 14:34:24 +0100
Processing by StaticPagesController#index as HTML
  Rendering layout layouts/application.html.erb
  Rendering static_pages/index.html.orb within layouts/application
  Rendered static_pages/index.html.orb within layouts/application (Duration: 46.7ms | GC: 6.0ms)
  Rendered layout layouts/application.html.erb (Duration: 47.8ms | GC: 6.3ms)
Completed 200 OK in 49ms (Views: 48.5ms | ActiveRecord: 0.0ms (0 queries, 0 cached) | GC: 6.3ms)


Started GET "/.well-known/appspecific/com.chrome.devtools.json" for ::1 at 2025-12-01 14:34:24 +0100
  
ActionController::RoutingError (No route matches [GET] "/.well-known/appspecific/com.chrome.devtools.json"):
  
Started GET "/" for ::1 at 2025-12-01 14:34:52 +0100
Processing by StaticPagesController#index as HTML
  Rendering layout layouts/application.html.erb
  Rendering static_pages/index.html.orb within layouts/application
  Rendered static_pages/index.html.orb within layouts/application (Duration: 108.8ms | GC: 8.3ms)
  Rendered layout layouts/application.html.erb (Duration: 109.7ms | GC: 8.3ms)
Completed 200 OK in 113ms (Views: 111.3ms | ActiveRecord: 0.0ms (0 queries, 0 cached) | GC: 8.8ms)


Started GET "/.well-known/appspecific/com.chrome.devtools.json" for ::1 at 2025-12-01 14:34:52 +0100
  
ActionController::RoutingError (No route matches [GET] "/.well-known/appspecific/com.chrome.devtools.json"):
  
Started GET "/themes" for ::1 at 2025-12-01 14:35:55 +0100
  
ActionController::RoutingError (No route matches [GET] "/themes"):
  
Started GET "/" for ::1 at 2025-12-01 14:35:55 +0100
Processing by StaticPagesController#index as HTML
  Rendering layout layouts/application.html.erb
  Rendering static_pages/index.html.orb within layouts/application
  Rendered static_pages/index.html.orb within layouts/application (Duration: 83.6ms | GC: 33.8ms)
  Rendered layout layouts/application.html.erb (Duration: 84.6ms | GC: 33.8ms)
Completed 200 OK in 87ms (Views: 85.6ms | ActiveRecord: 0.0ms (0 queries, 0 cached) | GC: 33.8ms)


Started GET "/.well-known/appspecific/com.chrome.devtools.json" for ::1 at 2025-12-01 14:35:55 +0100
  
ActionController::RoutingError (No route matches [GET] "/.well-known/appspecific/com.chrome.devtools.json"):
  
Started GET "/themes" for ::1 at 2025-12-01 14:35:55 +0100
  
ActionController::RoutingError (No route matches [GET] "/themes"):
  
Started GET "/themes" for ::1 at 2025-12-01 14:36:22 +0100
  
ActionController::RoutingError (No route matches [GET] "/themes"):
  
Started GET "/colors" for ::1 at 2025-12-01 14:36:22 +0100
  
ActionController::RoutingError (No route matches [GET] "/colors"):
  
Started GET "/components" for ::1 at 2025-12-01 14:36:23 +0100
Processing by StaticPagesController#components as HTML
  Rendering layout layouts/application.html.erb
  Rendering static_pages/components.html.orb within layouts/application
  Rendered static_pages/components.html.orb within layouts/application (Duration: 0.8ms | GC: 0.0ms)
  Rendered layout layouts/application.html.erb (Duration: 1.6ms | GC: 0.0ms)
Completed 200 OK in 3ms (Views: 1.9ms | ActiveRecord: 0.0ms (0 queries, 0 cached) | GC: 0.0ms)


Started GET "/" for ::1 at 2025-12-01 14:40:29 +0100
Processing by StaticPagesController#index as HTML
  Rendering layout layouts/application.html.erb
  Rendering static_pages/index.html.orb within layouts/application
  Rendered static_pages/index.html.orb within layouts/application (Duration: 28.4ms | GC: 1.8ms)
  Rendered layout layouts/application.html.erb (Duration: 30.5ms | GC: 1.8ms)
Completed 200 OK in 33ms (Views: 32.1ms | ActiveRecord: 0.0ms (0 queries, 0 cached) | GC: 1.8ms)


Started GET "/.well-known/appspecific/com.chrome.devtools.json" for ::1 at 2025-12-01 14:40:29 +0100
  
ActionController::RoutingError (No route matches [GET] "/.well-known/appspecific/com.chrome.devtools.json"):
  
Started GET "/" for ::1 at 2025-12-01 14:40:40 +0100
Processing by StaticPagesController#index as HTML
  Rendering layout layouts/application.html.erb
  Rendering static_pages/index.html.orb within layouts/application
  Rendered static_pages/index.html.orb within layouts/application (Duration: 27.6ms | GC: 2.2ms)
  Rendered layout layouts/application.html.erb (Duration: 28.6ms | GC: 2.3ms)
Completed 200 OK in 30ms (Views: 29.5ms | ActiveRecord: 0.0ms (0 queries, 0 cached) | GC: 2.3ms)


Started GET "/.well-known/appspecific/com.chrome.devtools.json" for ::1 at 2025-12-01 14:40:41 +0100
  
ActionController::RoutingError (No route matches [GET] "/.well-known/appspecific/com.chrome.devtools.json"):
  
Started GET "/" for ::1 at 2025-12-01 14:40:45 +0100
Processing by StaticPagesController#index as HTML
  Rendering layout layouts/application.html.erb
  Rendering static_pages/index.html.orb within layouts/application
  Rendered static_pages/index.html.orb within layouts/application (Duration: 28.8ms | GC: 4.1ms)
  Rendered layout layouts/application.html.erb (Duration: 31.2ms | GC: 4.1ms)
Completed 200 OK in 33ms (Views: 32.4ms | ActiveRecord: 0.0ms (0 queries, 0 cached) | GC: 4.3ms)


Started GET "/.well-known/appspecific/com.chrome.devtools.json" for ::1 at 2025-12-01 14:40:45 +0100
  
ActionController::RoutingError (No route matches [GET] "/.well-known/appspecific/com.chrome.devtools.json"):
  
Started GET "/" for ::1 at 2025-12-01 14:40:49 +0100
Processing by StaticPagesController#index as HTML
  Rendering layout layouts/application.html.erb
  Rendering static_pages/index.html.orb within layouts/application
  Rendered static_pages/index.html.orb within layouts/application (Duration: 28.8ms | GC: 3.8ms)
  Rendered layout layouts/application.html.erb (Duration: 30.2ms | GC: 3.8ms)
Completed 200 OK in 32ms (Views: 30.9ms | ActiveRecord: 0.0ms (0 queries, 0 cached) | GC: 3.8ms)


Started GET "/.well-known/appspecific/com.chrome.devtools.json" for ::1 at 2025-12-01 14:40:49 +0100
  
ActionController::RoutingError (No route matches [GET] "/.well-known/appspecific/com.chrome.devtools.json"):
  
Started GET "/" for ::1 at 2025-12-01 14:40:57 +0100
Processing by StaticPagesController#index as HTML
  Rendering layout layouts/application.html.erb
  Rendering static_pages/index.html.orb within layouts/application
  Rendered static_pages/index.html.orb within layouts/application (Duration: 29.1ms | GC: 3.6ms)
  Rendered layout layouts/application.html.erb (Duration: 30.0ms | GC: 3.6ms)
Completed 200 OK in 32ms (Views: 31.1ms | ActiveRecord: 0.0ms (0 queries, 0 cached) | GC: 3.6ms)


Started GET "/.well-known/appspecific/com.chrome.devtools.json" for ::1 at 2025-12-01 14:40:57 +0100
  
ActionController::RoutingError (No route matches [GET] "/.well-known/appspecific/com.chrome.devtools.json"):
  
Started GET "/" for ::1 at 2025-12-01 14:41:01 +0100
Processing by StaticPagesController#index as HTML
  Rendering layout layouts/application.html.erb
  Rendering static_pages/index.html.orb within layouts/application
  Rendered static_pages/index.html.orb within layouts/application (Duration: 28.4ms | GC: 3.5ms)
  Rendered layout layouts/application.html.erb (Duration: 29.4ms | GC: 3.5ms)
Completed 200 OK in 33ms (Views: 30.3ms | ActiveRecord: 0.0ms (0 queries, 0 cached) | GC: 4.1ms)


Started GET "/.well-known/appspecific/com.chrome.devtools.json" for ::1 at 2025-12-01 14:41:01 +0100
  
ActionController::RoutingError (No route matches [GET] "/.well-known/appspecific/com.chrome.devtools.json"):
  
Started GET "/" for ::1 at 2025-12-01 14:41:12 +0100
Processing by StaticPagesController#index as HTML
  Rendering layout layouts/application.html.erb
  Rendering static_pages/index.html.orb within layouts/application
  Rendered static_pages/index.html.orb within layouts/application (Duration: 27.7ms | GC: 3.7ms)
  Rendered layout layouts/application.html.erb (Duration: 28.6ms | GC: 3.7ms)
Completed 200 OK in 30ms (Views: 29.3ms | ActiveRecord: 0.0ms (0 queries, 0 cached) | GC: 3.7ms)


Started GET "/.well-known/appspecific/com.chrome.devtools.json" for ::1 at 2025-12-01 14:41:12 +0100
  
ActionController::RoutingError (No route matches [GET] "/.well-known/appspecific/com.chrome.devtools.json"):
  
Started GET "/" for ::1 at 2025-12-01 14:41:30 +0100
Processing by StaticPagesController#index as HTML
  Rendering layout layouts/application.html.erb
  Rendering static_pages/index.html.orb within layouts/application
  Rendered static_pages/index.html.orb within layouts/application (Duration: 34.8ms | GC: 4.2ms)
  Rendered layout layouts/application.html.erb (Duration: 35.7ms | GC: 4.2ms)
Completed 200 OK in 38ms (Views: 36.8ms | ActiveRecord: 0.0ms (0 queries, 0 cached) | GC: 4.2ms)


Started GET "/.well-known/appspecific/com.chrome.devtools.json" for ::1 at 2025-12-01 14:41:30 +0100
  
ActionController::RoutingError (No route matches [GET] "/.well-known/appspecific/com.chrome.devtools.json"):
  
Started GET "/" for ::1 at 2025-12-01 14:41:37 +0100
Processing by StaticPagesController#index as HTML
  Rendering layout layouts/application.html.erb
  Rendering static_pages/index.html.orb within layouts/application
  Rendered static_pages/index.html.orb within layouts/application (Duration: 29.8ms | GC: 3.9ms)
  Rendered layout layouts/application.html.erb (Duration: 31.0ms | GC: 4.2ms)
Completed 200 OK in 33ms (Views: 31.7ms | ActiveRecord: 0.0ms (0 queries, 0 cached) | GC: 4.2ms)


Started GET "/.well-known/appspecific/com.chrome.devtools.json" for ::1 at 2025-12-01 14:41:37 +0100
  
ActionController::RoutingError (No route matches [GET] "/.well-known/appspecific/com.chrome.devtools.json"):
  
Started GET "/" for ::1 at 2025-12-01 14:41:59 +0100
Processing by StaticPagesController#index as HTML
  Rendering layout layouts/application.html.erb
  Rendering static_pages/index.html.orb within layouts/application
  Rendered static_pages/index.html.orb within layouts/application (Duration: 33.7ms | GC: 4.0ms)
  Rendered layout layouts/application.html.erb (Duration: 34.6ms | GC: 4.0ms)
Completed 200 OK in 37ms (Views: 36.0ms | ActiveRecord: 0.0ms (0 queries, 0 cached) | GC: 4.6ms)


Started GET "/.well-known/appspecific/com.chrome.devtools.json" for ::1 at 2025-12-01 14:41:59 +0100
  
ActionController::RoutingError (No route matches [GET] "/.well-known/appspecific/com.chrome.devtools.json"):
  
Started GET "/" for ::1 at 2025-12-01 14:42:19 +0100
Processing by StaticPagesController#index as HTML
  Rendering layout layouts/application.html.erb
  Rendering static_pages/index.html.orb within layouts/application
  Rendered static_pages/index.html.orb within layouts/application (Duration: 39.6ms | GC: 4.5ms)
  Rendered layout layouts/application.html.erb (Duration: 40.5ms | GC: 4.5ms)
Completed 200 OK in 42ms (Views: 41.2ms | ActiveRecord: 0.0ms (0 queries, 0 cached) | GC: 4.5ms)


Started GET "/.well-known/appspecific/com.chrome.devtools.json" for ::1 at 2025-12-01 14:42:19 +0100
  
ActionController::RoutingError (No route matches [GET] "/.well-known/appspecific/com.chrome.devtools.json"):
  
Started GET "/" for ::1 at 2025-12-01 14:42:32 +0100
Processing by StaticPagesController#index as HTML
  Rendering layout layouts/application.html.erb
  Rendering static_pages/index.html.orb within layouts/application
  Rendered static_pages/index.html.orb within layouts/application (Duration: 33.9ms | GC: 2.1ms)
  Rendered layout layouts/application.html.erb (Duration: 36.6ms | GC: 2.1ms)
Completed 200 OK in 39ms (Views: 37.5ms | ActiveRecord: 0.0ms (0 queries, 0 cached) | GC: 2.2ms)


Started GET "/.well-known/appspecific/com.chrome.devtools.json" for ::1 at 2025-12-01 14:42:32 +0100
  
ActionController::RoutingError (No route matches [GET] "/.well-known/appspecific/com.chrome.devtools.json"):
  
Started GET "/" for ::1 at 2025-12-01 14:42:47 +0100
Processing by StaticPagesController#index as HTML
  Rendering layout layouts/application.html.erb
  Rendering static_pages/index.html.orb within layouts/application
  Rendered static_pages/index.html.orb within layouts/application (Duration: 37.8ms | GC: 5.9ms)
  Rendered layout layouts/application.html.erb (Duration: 38.9ms | GC: 5.9ms)
Completed 200 OK in 41ms (Views: 39.7ms | ActiveRecord: 0.0ms (0 queries, 0 cached) | GC: 5.9ms)


Started GET "/.well-known/appspecific/com.chrome.devtools.json" for ::1 at 2025-12-01 14:42:47 +0100
  
ActionController::RoutingError (No route matches [GET] "/.well-known/appspecific/com.chrome.devtools.json"):
  
Started GET "/components" for ::1 at 2025-12-01 14:43:34 +0100
Processing by StaticPagesController#components as HTML
  Rendering layout layouts/application.html.erb
  Rendering static_pages/components.html.orb within layouts/application
  Rendered static_pages/components.html.orb within layouts/application (Duration: 0.7ms | GC: 0.0ms)
  Rendered layout layouts/application.html.erb (Duration: 4.6ms | GC: 3.0ms)
Completed 200 OK in 6ms (Views: 5.3ms | ActiveRecord: 0.0ms (0 queries, 0 cached) | GC: 3.0ms)


Started GET "/" for ::1 at 2025-12-01 14:43:35 +0100
Processing by StaticPagesController#index as HTML
  Rendering layout layouts/application.html.erb
  Rendering static_pages/index.html.orb within layouts/application
  Rendered static_pages/index.html.orb within layouts/application (Duration: 37.4ms | GC: 5.1ms)
  Rendered layout layouts/application.html.erb (Duration: 38.1ms | GC: 5.1ms)
Completed 200 OK in 40ms (Views: 39.1ms | ActiveRecord: 0.0ms (0 queries, 0 cached) | GC: 5.8ms)


Started GET "/.well-known/appspecific/com.chrome.devtools.json" for ::1 at 2025-12-01 14:43:35 +0100
  
ActionController::RoutingError (No route matches [GET] "/.well-known/appspecific/com.chrome.devtools.json"):
  
Started GET "/components" for ::1 at 2025-12-01 14:43:35 +0100
Processing by StaticPagesController#components as HTML
  Rendering layout layouts/application.html.erb
  Rendering static_pages/components.html.orb within layouts/application
  Rendered static_pages/components.html.orb within layouts/application (Duration: 0.0ms | GC: 0.0ms)
  Rendered layout layouts/application.html.erb (Duration: 0.5ms | GC: 0.0ms)
Completed 200 OK in 2ms (Views: 0.8ms | ActiveRecord: 0.0ms (0 queries, 0 cached) | GC: 0.5ms)


Started GET "/components" for ::1 at 2025-12-01 14:43:47 +0100
Processing by StaticPagesController#components as HTML
  Rendering layout layouts/application.html.erb
  Rendering static_pages/components.html.orb within layouts/application
  Rendered static_pages/components.html.orb within layouts/application (Duration: 0.6ms | GC: 0.0ms)
  Rendered layout layouts/application.html.erb (Duration: 1.3ms | GC: 0.0ms)
Completed 200 OK in 3ms (Views: 2.1ms | ActiveRecord: 0.0ms (0 queries, 0 cached) | GC: 0.0ms)


Started GET "/" for ::1 at 2025-12-01 14:43:47 +0100
Processing by StaticPagesController#index as HTML
  Rendering layout layouts/application.html.erb
  Rendering static_pages/index.html.orb within layouts/application
  Rendered static_pages/index.html.orb within layouts/application (Duration: 40.2ms | GC: 5.2ms)
  Rendered layout layouts/application.html.erb (Duration: 40.9ms | GC: 5.2ms)
Completed 200 OK in 42ms (Views: 41.1ms | ActiveRecord: 0.0ms (0 queries, 0 cached) | GC: 5.2ms)


Started GET "/.well-known/appspecific/com.chrome.devtools.json" for ::1 at 2025-12-01 14:43:48 +0100
  
ActionController::RoutingError (No route matches [GET] "/.well-known/appspecific/com.chrome.devtools.json"):
  
Started GET "/components" for ::1 at 2025-12-01 14:43:48 +0100
Processing by StaticPagesController#components as HTML
  Rendering layout layouts/application.html.erb
  Rendering static_pages/components.html.orb within layouts/application
  Rendered static_pages/components.html.orb within layouts/application (Duration: 0.0ms | GC: 0.0ms)
  Rendered layout layouts/application.html.erb (Duration: 0.5ms | GC: 0.0ms)
Completed 200 OK in 1ms (Views: 0.7ms | ActiveRecord: 0.0ms (0 queries, 0 cached) | GC: 0.0ms)


Started GET "/" for ::1 at 2025-12-01 14:44:12 +0100
Processing by StaticPagesController#index as HTML
  Rendering layout layouts/application.html.erb
  Rendering static_pages/index.html.orb within layouts/application
  Rendered static_pages/index.html.orb within layouts/application (Duration: 43.8ms | GC: 5.6ms)
  Rendered layout layouts/application.html.erb (Duration: 44.7ms | GC: 5.6ms)
Completed 200 OK in 50ms (Views: 49.0ms | ActiveRecord: 0.0ms (0 queries, 0 cached) | GC: 8.4ms)


Started GET "/.well-known/appspecific/com.chrome.devtools.json" for ::1 at 2025-12-01 14:44:12 +0100
  
ActionController::RoutingError (No route matches [GET] "/.well-known/appspecific/com.chrome.devtools.json"):
  
Started GET "/" for ::1 at 2025-12-01 14:44:58 +0100
Processing by StaticPagesController#index as HTML
  Rendering layout layouts/application.html.erb
  Rendering static_pages/index.html.orb within layouts/application
  Rendered static_pages/index.html.orb within layouts/application (Duration: 43.5ms | GC: 6.2ms)
  Rendered layout layouts/application.html.erb (Duration: 44.3ms | GC: 6.2ms)
Completed 200 OK in 47ms (Views: 46.1ms | ActiveRecord: 0.0ms (0 queries, 0 cached) | GC: 6.2ms)


Started GET "/.well-known/appspecific/com.chrome.devtools.json" for ::1 at 2025-12-01 14:44:58 +0100
  
ActionController::RoutingError (No route matches [GET] "/.well-known/appspecific/com.chrome.devtools.json"):
  
Started GET "/" for ::1 at 2025-12-01 14:45:07 +0100
Processing by StaticPagesController#index as HTML
  Rendering layout layouts/application.html.erb
  Rendering static_pages/index.html.orb within layouts/application
  Rendered static_pages/index.html.orb within layouts/application (Duration: 37.4ms | GC: 4.1ms)
  Rendered layout layouts/application.html.erb (Duration: 39.6ms | GC: 4.1ms)
Completed 200 OK in 41ms (Views: 40.6ms | ActiveRecord: 0.0ms (0 queries, 0 cached) | GC: 4.3ms)


Started GET "/.well-known/appspecific/com.chrome.devtools.json" for ::1 at 2025-12-01 14:45:07 +0100
  
ActionController::RoutingError (No route matches [GET] "/.well-known/appspecific/com.chrome.devtools.json"):
  
Started GET "/" for ::1 at 2025-12-01 14:45:59 +0100
Processing by StaticPagesController#index as HTML
  Rendering layout layouts/application.html.erb
  Rendering static_pages/index.html.orb within layouts/application
  Rendered static_pages/index.html.orb within layouts/application (Duration: 42.7ms | GC: 6.9ms)
  Rendered layout layouts/application.html.erb (Duration: 43.5ms | GC: 6.9ms)
Completed 200 OK in 46ms (Views: 44.6ms | ActiveRecord: 0.0ms (0 queries, 0 cached) | GC: 6.9ms)


Started GET "/.well-known/appspecific/com.chrome.devtools.json" for ::1 at 2025-12-01 14:45:59 +0100
  
ActionController::RoutingError (No route matches [GET] "/.well-known/appspecific/com.chrome.devtools.json"):
  
Started GET "/quickstart" for ::1 at 2025-12-01 14:46:06 +0100
  
ActionController::RoutingError (No route matches [GET] "/quickstart"):
  
Started GET "/" for ::1 at 2025-12-01 14:46:06 +0100
Processing by StaticPagesController#index as HTML
  Rendering layout layouts/application.html.erb
  Rendering static_pages/index.html.orb within layouts/application
  Rendered static_pages/index.html.orb within layouts/application (Duration: 38.3ms | GC: 6.9ms)
  Rendered layout layouts/application.html.erb (Duration: 39.3ms | GC: 6.9ms)
Completed 200 OK in 41ms (Views: 40.0ms | ActiveRecord: 0.0ms (0 queries, 0 cached) | GC: 6.9ms)


Started GET "/.well-known/appspecific/com.chrome.devtools.json" for ::1 at 2025-12-01 14:46:07 +0100
  
ActionController::RoutingError (No route matches [GET] "/.well-known/appspecific/com.chrome.devtools.json"):
  
Started GET "/" for ::1 at 2025-12-01 14:46:34 +0100
Processing by StaticPagesController#index as HTML
  Rendering layout layouts/application.html.erb
  Rendering static_pages/index.html.orb within layouts/application
  Rendered static_pages/index.html.orb within layouts/application (Duration: 43.1ms | GC: 7.1ms)
  Rendered layout layouts/application.html.erb (Duration: 45.7ms | GC: 7.1ms)
Completed 200 OK in 48ms (Views: 46.9ms | ActiveRecord: 0.0ms (0 queries, 0 cached) | GC: 7.5ms)


Started GET "/.well-known/appspecific/com.chrome.devtools.json" for ::1 at 2025-12-01 14:46:35 +0100
  
ActionController::RoutingError (No route matches [GET] "/.well-known/appspecific/com.chrome.devtools.json"):
  
Started GET "/" for ::1 at 2025-12-01 14:47:21 +0100
Processing by StaticPagesController#index as HTML
  Rendering layout layouts/application.html.erb
  Rendering static_pages/index.html.orb within layouts/application
  Rendered static_pages/index.html.orb within layouts/application (Duration: 37.6ms | GC: 6.4ms)
  Rendered layout layouts/application.html.erb (Duration: 38.7ms | GC: 6.4ms)
Completed 200 OK in 40ms (Views: 39.5ms | ActiveRecord: 0.0ms (0 queries, 0 cached) | GC: 6.4ms)


Started GET "/.well-known/appspecific/com.chrome.devtools.json" for ::1 at 2025-12-01 14:47:21 +0100
  
ActionController::RoutingError (No route matches [GET] "/.well-known/appspecific/com.chrome.devtools.json"):
  
Started GET "/" for ::1 at 2025-12-01 14:47:37 +0100
Processing by StaticPagesController#index as HTML
  Rendering layout layouts/application.html.erb
  Rendering static_pages/index.html.orb within layouts/application
  Rendered static_pages/index.html.orb within layouts/application (Duration: 41.2ms | GC: 6.5ms)
  Rendered layout layouts/application.html.erb (Duration: 42.0ms | GC: 6.5ms)
Completed 200 OK in 44ms (Views: 42.7ms | ActiveRecord: 0.0ms (0 queries, 0 cached) | GC: 6.5ms)


Started GET "/.well-known/appspecific/com.chrome.devtools.json" for ::1 at 2025-12-01 14:47:37 +0100
  
ActionController::RoutingError (No route matches [GET] "/.well-known/appspecific/com.chrome.devtools.json"):
  
Started GET "/" for ::1 at 2025-12-01 14:47:48 +0100
Processing by StaticPagesController#index as HTML
  Rendering layout layouts/application.html.erb
  Rendering static_pages/index.html.orb within layouts/application
  Rendered static_pages/index.html.orb within layouts/application (Duration: 39.3ms | GC: 4.7ms)
  Rendered layout layouts/application.html.erb (Duration: 41.7ms | GC: 4.7ms)
Completed 200 OK in 44ms (Views: 42.6ms | ActiveRecord: 0.0ms (0 queries, 0 cached) | GC: 4.7ms)


Started GET "/.well-known/appspecific/com.chrome.devtools.json" for ::1 at 2025-12-01 14:47:48 +0100
  
ActionController::RoutingError (No route matches [GET] "/.well-known/appspecific/com.chrome.devtools.json"):
  
Started GET "/" for ::1 at 2025-12-01 14:47:50 +0100
Processing by StaticPagesController#index as HTML
  Rendering layout layouts/application.html.erb
  Rendering static_pages/index.html.orb within layouts/application
  Rendered static_pages/index.html.orb within layouts/application (Duration: 41.7ms | GC: 6.1ms)
  Rendered layout layouts/application.html.erb (Duration: 42.6ms | GC: 6.1ms)
Completed 200 OK in 45ms (Views: 43.5ms | ActiveRecord: 0.0ms (0 queries, 0 cached) | GC: 6.1ms)


Started GET "/.well-known/appspecific/com.chrome.devtools.json" for ::1 at 2025-12-01 14:47:50 +0100
  
ActionController::RoutingError (No route matches [GET] "/.well-known/appspecific/com.chrome.devtools.json"):
  
Started GET "/" for ::1 at 2025-12-01 14:48:07 +0100
Processing by StaticPagesController#index as HTML
  Rendering layout layouts/application.html.erb
  Rendering static_pages/index.html.orb within layouts/application
  Rendered static_pages/index.html.orb within layouts/application (Duration: 40.4ms | GC: 6.3ms)
  Rendered layout layouts/application.html.erb (Duration: 41.3ms | GC: 6.3ms)
Completed 200 OK in 43ms (Views: 42.0ms | ActiveRecord: 0.0ms (0 queries, 0 cached) | GC: 6.3ms)


Started GET "/.well-known/appspecific/com.chrome.devtools.json" for ::1 at 2025-12-01 14:48:08 +0100
  
ActionController::RoutingError (No route matches [GET] "/.well-known/appspecific/com.chrome.devtools.json"):
  
Started GET "/" for ::1 at 2025-12-01 14:48:14 +0100
Processing by StaticPagesController#index as HTML
  Rendering layout layouts/application.html.erb
  Rendering static_pages/index.html.orb within layouts/application
  Rendered static_pages/index.html.orb within layouts/application (Duration: 36.6ms | GC: 3.0ms)
  Rendered layout layouts/application.html.erb (Duration: 37.7ms | GC: 3.0ms)
Completed 200 OK in 40ms (Views: 38.7ms | ActiveRecord: 0.0ms (0 queries, 0 cached) | GC: 3.2ms)


Started GET "/.well-known/appspecific/com.chrome.devtools.json" for ::1 at 2025-12-01 14:48:14 +0100
  
ActionController::RoutingError (No route matches [GET] "/.well-known/appspecific/com.chrome.devtools.json"):
  
Started GET "/" for ::1 at 2025-12-01 14:48:37 +0100
Processing by StaticPagesController#index as HTML
  Rendering layout layouts/application.html.erb
  Rendering static_pages/index.html.orb within layouts/application
  Rendered static_pages/index.html.orb within layouts/application (Duration: 38.6ms | GC: 7.2ms)
  Rendered layout layouts/application.html.erb (Duration: 38.7ms | GC: 7.2ms)
Completed 500 Internal Server Error in 40ms (ActiveRecord: 0.0ms (0 queries, 0 cached) | GC: 7.2ms)


  
ActionView::Template::Error (uninitialized constant #<Class:0x0000000126cab918>::CheckBox)
Caused by: NameError (uninitialized constant #<Class:0x0000000126cab918>::CheckBox)

Information for: ActionView::Template::Error (uninitialized constant #<Class:0x0000000126cab918>::CheckBox):
    46: 
    47:         <Separator/>
    48:         <Heading size="sm">Billing Address</Heading>
    49:         <CheckBox name="same_as_shipping">
    50:           Same as shipping address
    51:         </CheckBox>
    52:       </div>
  
app/views/static_pages/index.html.orb:49
app/components/demo/hero.rb:9:in 'Demo::Hero#call'
app/views/static_pages/index.html.orb:25
app/components/demo/app_frame.rb:43:in 'block (2 levels) in Demo::AppFrame#call'
app/components/demo/page.rb:13:in 'Demo::Page#call'
app/components/demo/app_frame.rb:6:in 'block in Demo::AppFrame#call'
app/components/demo/app_frame.rb:5:in 'Demo::AppFrame#call'
app/views/static_pages/index.html.orb:1

Information for cause: NameError (uninitialized constant #<Class:0x0000000126cab918>::CheckBox):
  
app/views/static_pages/index.html.orb:49
app/components/demo/hero.rb:9:in 'Demo::Hero#call'
app/views/static_pages/index.html.orb:25
app/components/demo/app_frame.rb:43:in 'block (2 levels) in Demo::AppFrame#call'
app/components/demo/page.rb:13:in 'Demo::Page#call'
app/components/demo/app_frame.rb:6:in 'block in Demo::AppFrame#call'
app/components/demo/app_frame.rb:5:in 'Demo::AppFrame#call'
app/views/static_pages/index.html.orb:1
Started GET "/.well-known/appspecific/com.chrome.devtools.json" for ::1 at 2025-12-01 14:48:38 +0100
  
ActionController::RoutingError (No route matches [GET] "/.well-known/appspecific/com.chrome.devtools.json"):
  
Started GET "/" for ::1 at 2025-12-01 14:49:29 +0100
Processing by StaticPagesController#index as HTML
  Rendering layout layouts/application.html.erb
  Rendering static_pages/index.html.orb within layouts/application
  Rendered static_pages/index.html.orb within layouts/application (Duration: 49.9ms | GC: 3.4ms)
  Rendered layout layouts/application.html.erb (Duration: 50.0ms | GC: 3.4ms)
Completed 500 Internal Server Error in 52ms (ActiveRecord: 0.0ms (0 queries, 0 cached) | GC: 3.4ms)


  
ActionView::Template::Error (undefined local variable or method 'wrapper_classes' for #<Orbital::CheckBox:0x000000013035c948>)
Caused by: NameError (undefined local variable or method 'wrapper_classes' for #<Orbital::CheckBox:0x000000013035c948>)

Information for: ActionView::Template::Error (undefined local variable or method 'wrapper_classes' for #<Orbital::CheckBox:0x000000013035c948>):
    46: 
    47:         <Separator/>
    48:         <Heading size="sm">Billing Address</Heading>
    49:         <CheckBox name="same_as_shipping">
    50:           Same as shipping address
    51:         </CheckBox>
    52:       </div>
  
app/views/static_pages/index.html.orb:49
app/components/demo/hero.rb:9:in 'Demo::Hero#call'
app/views/static_pages/index.html.orb:25
app/components/demo/app_frame.rb:43:in 'block (2 levels) in Demo::AppFrame#call'
app/components/demo/page.rb:13:in 'Demo::Page#call'
app/components/demo/app_frame.rb:6:in 'block in Demo::AppFrame#call'
app/components/demo/app_frame.rb:5:in 'Demo::AppFrame#call'
app/views/static_pages/index.html.orb:1

Information for cause: NameError (undefined local variable or method 'wrapper_classes' for #<Orbital::CheckBox:0x000000013035c948>):
  
app/views/static_pages/index.html.orb:49
app/components/demo/hero.rb:9:in 'Demo::Hero#call'
app/views/static_pages/index.html.orb:25
app/components/demo/app_frame.rb:43:in 'block (2 levels) in Demo::AppFrame#call'
app/components/demo/page.rb:13:in 'Demo::Page#call'
app/components/demo/app_frame.rb:6:in 'block in Demo::AppFrame#call'
app/components/demo/app_frame.rb:5:in 'Demo::AppFrame#call'
app/views/static_pages/index.html.orb:1
Started GET "/.well-known/appspecific/com.chrome.devtools.json" for ::1 at 2025-12-01 14:49:29 +0100
  
ActionController::RoutingError (No route matches [GET] "/.well-known/appspecific/com.chrome.devtools.json"):
  
Started GET "/" for ::1 at 2025-12-01 14:49:37 +0100
Processing by StaticPagesController#index as HTML
  Rendering layout layouts/application.html.erb
  Rendering static_pages/index.html.orb within layouts/application
  Rendered static_pages/index.html.orb within layouts/application (Duration: 37.9ms | GC: 4.9ms)
  Rendered layout layouts/application.html.erb (Duration: 38.1ms | GC: 4.9ms)
Completed 500 Internal Server Error in 41ms (ActiveRecord: 0.0ms (0 queries, 0 cached) | GC: 5.5ms)


  
ActionView::Template::Error (undefined local variable or method 'input_id' for #<Orbital::CheckBox:0x0000000133b11d98>)
Caused by: NameError (undefined local variable or method 'input_id' for #<Orbital::CheckBox:0x0000000133b11d98>)

Information for: ActionView::Template::Error (undefined local variable or method 'input_id' for #<Orbital::CheckBox:0x0000000133b11d98>):
    46: 
    47:         <Separator/>
    48:         <Heading size="sm">Billing Address</Heading>
    49:         <CheckBox name="same_as_shipping">
    50:           Same as shipping address
    51:         </CheckBox>
    52:       </div>
  
app/views/static_pages/index.html.orb:49
app/components/demo/hero.rb:9:in 'Demo::Hero#call'
app/views/static_pages/index.html.orb:25
app/components/demo/app_frame.rb:43:in 'block (2 levels) in Demo::AppFrame#call'
app/components/demo/page.rb:13:in 'Demo::Page#call'
app/components/demo/app_frame.rb:6:in 'block in Demo::AppFrame#call'
app/components/demo/app_frame.rb:5:in 'Demo::AppFrame#call'
app/views/static_pages/index.html.orb:1

Information for cause: NameError (undefined local variable or method 'input_id' for #<Orbital::CheckBox:0x0000000133b11d98>):
  
app/views/static_pages/index.html.orb:49
app/components/demo/hero.rb:9:in 'Demo::Hero#call'
app/views/static_pages/index.html.orb:25
app/components/demo/app_frame.rb:43:in 'block (2 levels) in Demo::AppFrame#call'
app/components/demo/page.rb:13:in 'Demo::Page#call'
app/components/demo/app_frame.rb:6:in 'block in Demo::AppFrame#call'
app/components/demo/app_frame.rb:5:in 'Demo::AppFrame#call'
app/views/static_pages/index.html.orb:1
Started GET "/.well-known/appspecific/com.chrome.devtools.json" for ::1 at 2025-12-01 14:49:37 +0100
  
ActionController::RoutingError (No route matches [GET] "/.well-known/appspecific/com.chrome.devtools.json"):
  
Started GET "/" for ::1 at 2025-12-01 14:49:56 +0100
Processing by StaticPagesController#index as HTML
  Rendering layout layouts/application.html.erb
  Rendering static_pages/index.html.orb within layouts/application
  Rendered static_pages/index.html.orb within layouts/application (Duration: 40.1ms | GC: 7.4ms)
  Rendered layout layouts/application.html.erb (Duration: 40.2ms | GC: 7.4ms)
Completed 500 Internal Server Error in 42ms (ActiveRecord: 0.0ms (0 queries, 0 cached) | GC: 7.4ms)


  
ActionView::Template::Error (undefined method 'help?' for #<Orbital::CheckBox:0x0000000125fbf718>)
Caused by: NoMethodError (undefined method 'help?' for #<Orbital::CheckBox:0x0000000125fbf718>)

Information for: ActionView::Template::Error (undefined method 'help?' for #<Orbital::CheckBox:0x0000000125fbf718>):
    46: 
    47:         <Separator/>
    48:         <Heading size="sm">Billing Address</Heading>
    49:         <CheckBox name="same_as_shipping">
    50:           Same as shipping address
    51:         </CheckBox>
    52:       </div>
  
app/views/static_pages/index.html.orb:49
app/components/demo/hero.rb:9:in 'Demo::Hero#call'
app/views/static_pages/index.html.orb:25
app/components/demo/app_frame.rb:43:in 'block (2 levels) in Demo::AppFrame#call'
app/components/demo/page.rb:13:in 'Demo::Page#call'
app/components/demo/app_frame.rb:6:in 'block in Demo::AppFrame#call'
app/components/demo/app_frame.rb:5:in 'Demo::AppFrame#call'
app/views/static_pages/index.html.orb:1

Information for cause: NoMethodError (undefined method 'help?' for #<Orbital::CheckBox:0x0000000125fbf718>):
  
app/views/static_pages/index.html.orb:49
app/components/demo/hero.rb:9:in 'Demo::Hero#call'
app/views/static_pages/index.html.orb:25
app/components/demo/app_frame.rb:43:in 'block (2 levels) in Demo::AppFrame#call'
app/components/demo/page.rb:13:in 'Demo::Page#call'
app/components/demo/app_frame.rb:6:in 'block in Demo::AppFrame#call'
app/components/demo/app_frame.rb:5:in 'Demo::AppFrame#call'
app/views/static_pages/index.html.orb:1
Started GET "/.well-known/appspecific/com.chrome.devtools.json" for ::1 at 2025-12-01 14:49:56 +0100
  
ActionController::RoutingError (No route matches [GET] "/.well-known/appspecific/com.chrome.devtools.json"):
  
Started GET "/" for ::1 at 2025-12-01 14:50:08 +0100
Processing by StaticPagesController#index as HTML
  Rendering layout layouts/application.html.erb
  Rendering static_pages/index.html.orb within layouts/application
  Rendered static_pages/index.html.orb within layouts/application (Duration: 50.8ms | GC: 7.3ms)
  Rendered layout layouts/application.html.erb (Duration: 53.0ms | GC: 7.3ms)
Completed 200 OK in 55ms (Views: 54.2ms | ActiveRecord: 0.0ms (0 queries, 0 cached) | GC: 7.8ms)


Started GET "/.well-known/appspecific/com.chrome.devtools.json" for ::1 at 2025-12-01 14:50:08 +0100
  
ActionController::RoutingError (No route matches [GET] "/.well-known/appspecific/com.chrome.devtools.json"):
  
Started GET "/" for ::1 at 2025-12-01 14:50:51 +0100
Processing by StaticPagesController#index as HTML
  Rendering layout layouts/application.html.erb
  Rendering static_pages/index.html.orb within layouts/application
  Rendered static_pages/index.html.orb within layouts/application (Duration: 51.8ms | GC: 7.9ms)
  Rendered layout layouts/application.html.erb (Duration: 53.3ms | GC: 7.9ms)
Completed 200 OK in 56ms (Views: 54.7ms | ActiveRecord: 0.0ms (0 queries, 0 cached) | GC: 7.9ms)


Started GET "/.well-known/appspecific/com.chrome.devtools.json" for ::1 at 2025-12-01 14:50:52 +0100
  
ActionController::RoutingError (No route matches [GET] "/.well-known/appspecific/com.chrome.devtools.json"):
  
Started GET "/" for ::1 at 2025-12-01 14:51:57 +0100
Processing by StaticPagesController#index as HTML
  Rendering layout layouts/application.html.erb
  Rendering static_pages/index.html.orb within layouts/application
  Rendered static_pages/index.html.orb within layouts/application (Duration: 53.2ms | GC: 7.0ms)
  Rendered layout layouts/application.html.erb (Duration: 55.5ms | GC: 7.3ms)
Completed 200 OK in 58ms (Views: 56.8ms | ActiveRecord: 0.0ms (0 queries, 0 cached) | GC: 7.3ms)


Started GET "/.well-known/appspecific/com.chrome.devtools.json" for ::1 at 2025-12-01 14:51:57 +0100
  
ActionController::RoutingError (No route matches [GET] "/.well-known/appspecific/com.chrome.devtools.json"):
  
Started GET "/" for ::1 at 2025-12-01 14:53:04 +0100
Processing by StaticPagesController#index as HTML
  Rendering layout layouts/application.html.erb
  Rendering static_pages/index.html.orb within layouts/application
  Rendered static_pages/index.html.orb within layouts/application (Duration: 50.6ms | GC: 7.8ms)
  Rendered layout layouts/application.html.erb (Duration: 51.5ms | GC: 7.8ms)
Completed 200 OK in 55ms (Views: 53.2ms | ActiveRecord: 0.0ms (0 queries, 0 cached) | GC: 8.3ms)


Started GET "/.well-known/appspecific/com.chrome.devtools.json" for ::1 at 2025-12-01 14:53:04 +0100
  
ActionController::RoutingError (No route matches [GET] "/.well-known/appspecific/com.chrome.devtools.json"):
  
Started GET "/" for ::1 at 2025-12-01 14:54:16 +0100
Processing by StaticPagesController#index as HTML
  Rendering layout layouts/application.html.erb
  Rendering static_pages/index.html.orb within layouts/application
  Rendered static_pages/index.html.orb within layouts/application (Duration: 55.4ms | GC: 8.7ms)
  Rendered layout layouts/application.html.erb (Duration: 57.7ms | GC: 8.7ms)
Completed 200 OK in 60ms (Views: 58.9ms | ActiveRecord: 0.0ms (0 queries, 0 cached) | GC: 8.7ms)


Started GET "/.well-known/appspecific/com.chrome.devtools.json" for ::1 at 2025-12-01 14:54:16 +0100
  
ActionController::RoutingError (No route matches [GET] "/.well-known/appspecific/com.chrome.devtools.json"):
  
Started GET "/" for ::1 at 2025-12-01 14:54:50 +0100
Processing by StaticPagesController#index as HTML
  Rendering layout layouts/application.html.erb
  Rendering static_pages/index.html.orb within layouts/application
  Rendered static_pages/index.html.orb within layouts/application (Duration: 33.8ms | GC: 7.3ms)
  Rendered layout layouts/application.html.erb (Duration: 34.4ms | GC: 7.3ms)
Completed 200 OK in 35ms (Views: 34.6ms | ActiveRecord: 0.0ms (0 queries, 0 cached) | GC: 7.3ms)


Started GET "/.well-known/appspecific/com.chrome.devtools.json" for ::1 at 2025-12-01 14:54:50 +0100
  
ActionController::RoutingError (No route matches [GET] "/.well-known/appspecific/com.chrome.devtools.json"):
  
Started GET "/" for ::1 at 2025-12-01 14:55:32 +0100
Processing by StaticPagesController#index as HTML
  Rendering layout layouts/application.html.erb
  Rendering static_pages/index.html.orb within layouts/application
  Rendered static_pages/index.html.orb within layouts/application (Duration: 52.3ms | GC: 6.9ms)
  Rendered layout layouts/application.html.erb (Duration: 53.2ms | GC: 6.9ms)
Completed 200 OK in 56ms (Views: 54.2ms | ActiveRecord: 0.0ms (0 queries, 0 cached) | GC: 6.9ms)


Started GET "/.well-known/appspecific/com.chrome.devtools.json" for ::1 at 2025-12-01 14:55:32 +0100
  
ActionController::RoutingError (No route matches [GET] "/.well-known/appspecific/com.chrome.devtools.json"):
  
Started GET "/" for ::1 at 2025-12-01 14:56:21 +0100
Processing by StaticPagesController#index as HTML
  Rendering layout layouts/application.html.erb
  Rendering static_pages/index.html.orb within layouts/application
  Rendered static_pages/index.html.orb within layouts/application (Duration: 50.4ms | GC: 10.0ms)
  Rendered layout layouts/application.html.erb (Duration: 50.5ms | GC: 10.0ms)
Completed 500 Internal Server Error in 52ms (ActiveRecord: 0.0ms (0 queries, 0 cached) | GC: 10.0ms)


  
ActionView::Template::Error (Multiple {{ attributes specified)
Caused by: Temple::FilterError (Multiple {{ attributes specified)

Information for: ActionView::Template::Error (Multiple {{ attributes specified):
    46: 
    47:         <Separator/>
    48:         <Heading size="sm">Billing Address</Heading>
    49:         <CheckBox name="same_as_shipping">
    50:           Same as shipping address
    51:         </CheckBox>
    52:       </div>
  
app/views/static_pages/index.html.orb:49
app/components/demo/hero.rb:9:in 'Demo::Hero#call'
app/views/static_pages/index.html.orb:25
app/components/demo/app_frame.rb:43:in 'block (2 levels) in Demo::AppFrame#call'
app/components/demo/page.rb:13:in 'Demo::Page#call'
app/components/demo/app_frame.rb:6:in 'block in Demo::AppFrame#call'
app/components/demo/app_frame.rb:5:in 'Demo::AppFrame#call'
app/views/static_pages/index.html.orb:1

Information for cause: Temple::FilterError (Multiple {{ attributes specified):
  
app/views/static_pages/index.html.orb:49
app/components/demo/hero.rb:9:in 'Demo::Hero#call'
app/views/static_pages/index.html.orb:25
app/components/demo/app_frame.rb:43:in 'block (2 levels) in Demo::AppFrame#call'
app/components/demo/page.rb:13:in 'Demo::Page#call'
app/components/demo/app_frame.rb:6:in 'block in Demo::AppFrame#call'
app/components/demo/app_frame.rb:5:in 'Demo::AppFrame#call'
app/views/static_pages/index.html.orb:1
Started GET "/.well-known/appspecific/com.chrome.devtools.json" for ::1 at 2025-12-01 14:56:22 +0100
  
ActionController::RoutingError (No route matches [GET] "/.well-known/appspecific/com.chrome.devtools.json"):
  
Started GET "/" for ::1 at 2025-12-01 14:56:55 +0100
Processing by StaticPagesController#index as HTML
  Rendering layout layouts/application.html.erb
  Rendering static_pages/index.html.orb within layouts/application
  Rendered static_pages/index.html.orb within layouts/application (Duration: 55.5ms | GC: 8.0ms)
  Rendered layout layouts/application.html.erb (Duration: 56.5ms | GC: 8.0ms)
Completed 200 OK in 58ms (Views: 57.4ms | ActiveRecord: 0.0ms (0 queries, 0 cached) | GC: 8.0ms)


Started GET "/.well-known/appspecific/com.chrome.devtools.json" for ::1 at 2025-12-01 14:56:55 +0100
  
ActionController::RoutingError (No route matches [GET] "/.well-known/appspecific/com.chrome.devtools.json"):
  
Started GET "/" for ::1 at 2025-12-01 14:57:18 +0100
Processing by StaticPagesController#index as HTML
  Rendering layout layouts/application.html.erb
  Rendering static_pages/index.html.orb within layouts/application
  Rendered static_pages/index.html.orb within layouts/application (Duration: 27.8ms | GC: 1.5ms)
  Rendered layout layouts/application.html.erb (Duration: 28.4ms | GC: 1.5ms)
Completed 200 OK in 29ms (Views: 28.8ms | ActiveRecord: 0.0ms (0 queries, 0 cached) | GC: 1.7ms)


Started GET "/.well-known/appspecific/com.chrome.devtools.json" for ::1 at 2025-12-01 14:57:18 +0100
  
ActionController::RoutingError (No route matches [GET] "/.well-known/appspecific/com.chrome.devtools.json"):
  
Started GET "/" for ::1 at 2025-12-01 14:58:23 +0100
Processing by StaticPagesController#index as HTML
  Rendering layout layouts/application.html.erb
  Rendering static_pages/index.html.orb within layouts/application
  Rendered static_pages/index.html.orb within layouts/application (Duration: 74.4ms | GC: 24.9ms)
  Rendered layout layouts/application.html.erb (Duration: 79.9ms | GC: 27.7ms)
Completed 200 OK in 83ms (Views: 81.7ms | ActiveRecord: 0.0ms (0 queries, 0 cached) | GC: 27.7ms)


Started GET "/.well-known/appspecific/com.chrome.devtools.json" for ::1 at 2025-12-01 14:58:23 +0100
  
ActionController::RoutingError (No route matches [GET] "/.well-known/appspecific/com.chrome.devtools.json"):
  
Started GET "/" for ::1 at 2025-12-01 14:59:06 +0100
Processing by StaticPagesController#index as HTML
  Rendering layout layouts/application.html.erb
  Rendering static_pages/index.html.orb within layouts/application
  Rendered static_pages/index.html.orb within layouts/application (Duration: 46.8ms | GC: 8.0ms)
  Rendered layout layouts/application.html.erb (Duration: 48.4ms | GC: 8.0ms)
Completed 200 OK in 50ms (Views: 49.3ms | ActiveRecord: 0.0ms (0 queries, 0 cached) | GC: 8.0ms)


Started GET "/.well-known/appspecific/com.chrome.devtools.json" for ::1 at 2025-12-01 14:59:06 +0100
  
ActionController::RoutingError (No route matches [GET] "/.well-known/appspecific/com.chrome.devtools.json"):
  
Started GET "/" for ::1 at 2025-12-01 15:00:22 +0100
Processing by StaticPagesController#index as HTML
  Rendering layout layouts/application.html.erb
  Rendering static_pages/index.html.orb within layouts/application
  Rendered static_pages/index.html.orb within layouts/application (Duration: 52.3ms | GC: 7.0ms)
  Rendered layout layouts/application.html.erb (Duration: 55.0ms | GC: 7.4ms)
Completed 200 OK in 57ms (Views: 56.2ms | ActiveRecord: 0.0ms (0 queries, 0 cached) | GC: 7.4ms)


Started GET "/.well-known/appspecific/com.chrome.devtools.json" for ::1 at 2025-12-01 15:00:22 +0100
  
ActionController::RoutingError (No route matches [GET] "/.well-known/appspecific/com.chrome.devtools.json"):
  
Started GET "/" for ::1 at 2025-12-01 15:01:07 +0100
Processing by StaticPagesController#index as HTML
  Rendering layout layouts/application.html.erb
  Rendering static_pages/index.html.orb within layouts/application
  Rendered static_pages/index.html.orb within layouts/application (Duration: 48.0ms | GC: 8.8ms)
  Rendered layout layouts/application.html.erb (Duration: 48.8ms | GC: 8.8ms)
Completed 200 OK in 50ms (Views: 49.5ms | ActiveRecord: 0.0ms (0 queries, 0 cached) | GC: 8.8ms)


Started GET "/.well-known/appspecific/com.chrome.devtools.json" for ::1 at 2025-12-01 15:01:07 +0100
  
ActionController::RoutingError (No route matches [GET] "/.well-known/appspecific/com.chrome.devtools.json"):
  
Started GET "/" for ::1 at 2025-12-01 15:02:03 +0100
Processing by StaticPagesController#index as HTML
  Rendering layout layouts/application.html.erb
  Rendering static_pages/index.html.orb within layouts/application
  Rendered static_pages/index.html.orb within layouts/application (Duration: 46.2ms | GC: 4.2ms)
  Rendered layout layouts/application.html.erb (Duration: 47.0ms | GC: 4.2ms)
Completed 200 OK in 50ms (Views: 48.4ms | ActiveRecord: 0.0ms (0 queries, 0 cached) | GC: 4.2ms)


Started GET "/.well-known/appspecific/com.chrome.devtools.json" for ::1 at 2025-12-01 15:02:03 +0100
  
ActionController::RoutingError (No route matches [GET] "/.well-known/appspecific/com.chrome.devtools.json"):
  
Started GET "/" for ::1 at 2025-12-01 15:02:59 +0100
Processing by StaticPagesController#index as HTML
  Rendering layout layouts/application.html.erb
  Rendering static_pages/index.html.orb within layouts/application
  Rendered static_pages/index.html.orb within layouts/application (Duration: 52.4ms | GC: 9.3ms)
  Rendered layout layouts/application.html.erb (Duration: 54.8ms | GC: 9.3ms)
Completed 200 OK in 57ms (Views: 56.2ms | ActiveRecord: 0.0ms (0 queries, 0 cached) | GC: 9.3ms)


Started GET "/.well-known/appspecific/com.chrome.devtools.json" for ::1 at 2025-12-01 15:02:59 +0100
  
ActionController::RoutingError (No route matches [GET] "/.well-known/appspecific/com.chrome.devtools.json"):
  
Started GET "/" for ::1 at 2025-12-01 15:03:51 +0100
Processing by StaticPagesController#index as HTML
  Rendering layout layouts/application.html.erb
  Rendering static_pages/index.html.orb within layouts/application
  Rendered static_pages/index.html.orb within layouts/application (Duration: 46.9ms | GC: 8.1ms)
  Rendered layout layouts/application.html.erb (Duration: 49.3ms | GC: 8.2ms)
Completed 200 OK in 51ms (Views: 50.5ms | ActiveRecord: 0.0ms (0 queries, 0 cached) | GC: 8.3ms)


Started GET "/.well-known/appspecific/com.chrome.devtools.json" for ::1 at 2025-12-01 15:03:51 +0100
  
ActionController::RoutingError (No route matches [GET] "/.well-known/appspecific/com.chrome.devtools.json"):
  
Started GET "/" for ::1 at 2025-12-01 15:04:45 +0100
Processing by StaticPagesController#index as HTML
  Rendering layout layouts/application.html.erb
  Rendering static_pages/index.html.orb within layouts/application
  Rendered static_pages/index.html.orb within layouts/application (Duration: 49.7ms | GC: 8.0ms)
  Rendered layout layouts/application.html.erb (Duration: 51.3ms | GC: 8.0ms)
Completed 200 OK in 53ms (Views: 52.0ms | ActiveRecord: 0.0ms (0 queries, 0 cached) | GC: 8.0ms)


Started GET "/.well-known/appspecific/com.chrome.devtools.json" for ::1 at 2025-12-01 15:04:45 +0100
  
ActionController::RoutingError (No route matches [GET] "/.well-known/appspecific/com.chrome.devtools.json"):
  
Started GET "/" for ::1 at 2025-12-01 15:06:45 +0100
Processing by StaticPagesController#index as HTML
  Rendering layout layouts/application.html.erb
  Rendering static_pages/index.html.orb within layouts/application
  Rendered static_pages/index.html.orb within layouts/application (Duration: 51.7ms | GC: 7.2ms)
  Rendered layout layouts/application.html.erb (Duration: 54.4ms | GC: 7.5ms)
Completed 200 OK in 57ms (Views: 55.5ms | ActiveRecord: 0.0ms (0 queries, 0 cached) | GC: 7.5ms)


Started GET "/.well-known/appspecific/com.chrome.devtools.json" for ::1 at 2025-12-01 15:06:45 +0100
  
ActionController::RoutingError (No route matches [GET] "/.well-known/appspecific/com.chrome.devtools.json"):
  
Started GET "/" for ::1 at 2025-12-01 15:10:31 +0100
Processing by StaticPagesController#index as HTML
  Rendering layout layouts/application.html.erb
  Rendering static_pages/index.html.orb within layouts/application
  Rendered static_pages/index.html.orb within layouts/application (Duration: 82.3ms | GC: 37.6ms)
  Rendered layout layouts/application.html.erb (Duration: 83.1ms | GC: 37.6ms)
Completed 200 OK in 85ms (Views: 84.1ms | ActiveRecord: 0.0ms (0 queries, 0 cached) | GC: 37.6ms)


Started GET "/.well-known/appspecific/com.chrome.devtools.json" for ::1 at 2025-12-01 15:10:31 +0100
  
ActionController::RoutingError (No route matches [GET] "/.well-known/appspecific/com.chrome.devtools.json"):
  
Started GET "/" for ::1 at 2025-12-01 15:10:35 +0100
Processing by StaticPagesController#index as HTML
  Rendering layout layouts/application.html.erb
  Rendering static_pages/index.html.orb within layouts/application
  Rendered static_pages/index.html.orb within layouts/application (Duration: 44.9ms | GC: 8.9ms)
  Rendered layout layouts/application.html.erb (Duration: 45.7ms | GC: 8.9ms)
Completed 200 OK in 47ms (Views: 46.4ms | ActiveRecord: 0.0ms (0 queries, 0 cached) | GC: 8.9ms)


Started GET "/.well-known/appspecific/com.chrome.devtools.json" for ::1 at 2025-12-01 15:10:35 +0100
  
ActionController::RoutingError (No route matches [GET] "/.well-known/appspecific/com.chrome.devtools.json"):
  
Started GET "/" for ::1 at 2025-12-01 15:10:36 +0100
Processing by StaticPagesController#index as HTML
  Rendering layout layouts/application.html.erb
  Rendering static_pages/index.html.orb within layouts/application
  Rendered static_pages/index.html.orb within layouts/application (Duration: 36.7ms | GC: 8.4ms)
  Rendered layout layouts/application.html.erb (Duration: 37.5ms | GC: 8.6ms)
Completed 200 OK in 38ms (Views: 37.8ms | ActiveRecord: 0.0ms (0 queries, 0 cached) | GC: 8.6ms)


Started GET "/.well-known/appspecific/com.chrome.devtools.json" for ::1 at 2025-12-01 15:10:36 +0100
  
ActionController::RoutingError (No route matches [GET] "/.well-known/appspecific/com.chrome.devtools.json"):
  
Started GET "/" for ::1 at 2025-12-01 15:11:32 +0100
Processing by StaticPagesController#index as HTML
  Rendering layout layouts/application.html.erb
  Rendering static_pages/index.html.orb within layouts/application
  Rendered static_pages/index.html.orb within layouts/application (Duration: 39.9ms | GC: 4.1ms)
  Rendered layout layouts/application.html.erb (Duration: 40.1ms | GC: 4.1ms)
Completed 500 Internal Server Error in 42ms (ActiveRecord: 0.0ms (0 queries, 0 cached) | GC: 4.1ms)


  
ActionView::Template::Error (Unexpected start of tag at line 7 and column 14 during :tag_open_content)
Caused by: ORB::Error (Unexpected start of tag at line 7 and column 14 during :tag_open_content)

Information for: ActionView::Template::Error (Unexpected start of tag at line 7 and column 14 during :tag_open_content):
    47:         <Separator/>
    48: 
    49:         <Heading size="sm">Billing Address</Heading>
    50:         <CheckBox name="same_as_shipping">
    51:           Same as shipping address
    52:         </CheckBox>
    53: 
  
app/views/static_pages/index.html.orb:50
app/components/demo/hero.rb:9:in 'Demo::Hero#call'
app/views/static_pages/index.html.orb:25
app/components/demo/app_frame.rb:43:in 'block (2 levels) in Demo::AppFrame#call'
app/components/demo/page.rb:13:in 'Demo::Page#call'
app/components/demo/app_frame.rb:6:in 'block in Demo::AppFrame#call'
app/components/demo/app_frame.rb:5:in 'Demo::AppFrame#call'
app/views/static_pages/index.html.orb:1

Information for cause: ORB::Error (Unexpected start of tag at line 7 and column 14 during :tag_open_content):
  
app/views/static_pages/index.html.orb:50
app/components/demo/hero.rb:9:in 'Demo::Hero#call'
app/views/static_pages/index.html.orb:25
app/components/demo/app_frame.rb:43:in 'block (2 levels) in Demo::AppFrame#call'
app/components/demo/page.rb:13:in 'Demo::Page#call'
app/components/demo/app_frame.rb:6:in 'block in Demo::AppFrame#call'
app/components/demo/app_frame.rb:5:in 'Demo::AppFrame#call'
app/views/static_pages/index.html.orb:1
Started GET "/.well-known/appspecific/com.chrome.devtools.json" for ::1 at 2025-12-01 15:11:32 +0100
  
ActionController::RoutingError (No route matches [GET] "/.well-known/appspecific/com.chrome.devtools.json"):
  
Started GET "/" for ::1 at 2025-12-01 15:11:40 +0100
Processing by StaticPagesController#index as HTML
  Rendering layout layouts/application.html.erb
  Rendering static_pages/index.html.orb within layouts/application
  Rendered static_pages/index.html.orb within layouts/application (Duration: 27.0ms | GC: 5.7ms)
  Rendered layout layouts/application.html.erb (Duration: 27.1ms | GC: 5.7ms)
Completed 500 Internal Server Error in 28ms (ActiveRecord: 0.0ms (0 queries, 0 cached) | GC: 5.7ms)


  
ActionView::Template::Error (Unexpected start of tag at line 7 and column 14 during :tag_open_content)
Caused by: ORB::Error (Unexpected start of tag at line 7 and column 14 during :tag_open_content)

Information for: ActionView::Template::Error (Unexpected start of tag at line 7 and column 14 during :tag_open_content):
    47:         <Separator/>
    48: 
    49:         <Heading size="sm">Billing Address</Heading>
    50:         <CheckBox name="same_as_shipping">
    51:           Same as shipping address
    52:         </CheckBox>
    53: 
  
app/views/static_pages/index.html.orb:50
app/components/demo/hero.rb:9:in 'Demo::Hero#call'
app/views/static_pages/index.html.orb:25
app/components/demo/app_frame.rb:43:in 'block (2 levels) in Demo::AppFrame#call'
app/components/demo/page.rb:13:in 'Demo::Page#call'
app/components/demo/app_frame.rb:6:in 'block in Demo::AppFrame#call'
app/components/demo/app_frame.rb:5:in 'Demo::AppFrame#call'
app/views/static_pages/index.html.orb:1

Information for cause: ORB::Error (Unexpected start of tag at line 7 and column 14 during :tag_open_content):
  
app/views/static_pages/index.html.orb:50
app/components/demo/hero.rb:9:in 'Demo::Hero#call'
app/views/static_pages/index.html.orb:25
app/components/demo/app_frame.rb:43:in 'block (2 levels) in Demo::AppFrame#call'
app/components/demo/page.rb:13:in 'Demo::Page#call'
app/components/demo/app_frame.rb:6:in 'block in Demo::AppFrame#call'
app/components/demo/app_frame.rb:5:in 'Demo::AppFrame#call'
app/views/static_pages/index.html.orb:1
Started GET "/.well-known/appspecific/com.chrome.devtools.json" for ::1 at 2025-12-01 15:11:40 +0100
  
ActionController::RoutingError (No route matches [GET] "/.well-known/appspecific/com.chrome.devtools.json"):
  
Started GET "/" for ::1 at 2025-12-01 15:12:09 +0100
Processing by StaticPagesController#index as HTML
  Rendering layout layouts/application.html.erb
  Rendering static_pages/index.html.orb within layouts/application
  Rendered static_pages/index.html.orb within layouts/application (Duration: 42.4ms | GC: 4.6ms)
  Rendered layout layouts/application.html.erb (Duration: 44.4ms | GC: 4.6ms)
Completed 200 OK in 47ms (Views: 45.9ms | ActiveRecord: 0.0ms (0 queries, 0 cached) | GC: 4.9ms)


Started GET "/.well-known/appspecific/com.chrome.devtools.json" for ::1 at 2025-12-01 15:12:09 +0100
  
ActionController::RoutingError (No route matches [GET] "/.well-known/appspecific/com.chrome.devtools.json"):
  
Started GET "/" for ::1 at 2025-12-01 15:12:17 +0100
Processing by StaticPagesController#index as HTML
  Rendering layout layouts/application.html.erb
  Rendering static_pages/index.html.orb within layouts/application
  Rendered static_pages/index.html.orb within layouts/application (Duration: 39.2ms | GC: 2.8ms)
  Rendered layout layouts/application.html.erb (Duration: 40.0ms | GC: 2.8ms)
Completed 200 OK in 42ms (Views: 40.8ms | ActiveRecord: 0.0ms (0 queries, 0 cached) | GC: 2.8ms)


Started GET "/.well-known/appspecific/com.chrome.devtools.json" for ::1 at 2025-12-01 15:12:17 +0100
  
ActionController::RoutingError (No route matches [GET] "/.well-known/appspecific/com.chrome.devtools.json"):
  
Started GET "/" for ::1 at 2025-12-01 15:12:23 +0100
Processing by StaticPagesController#index as HTML
  Rendering layout layouts/application.html.erb
  Rendering static_pages/index.html.orb within layouts/application
  Rendered static_pages/index.html.orb within layouts/application (Duration: 39.1ms | GC: 6.1ms)
  Rendered layout layouts/application.html.erb (Duration: 39.2ms | GC: 6.1ms)
Completed 500 Internal Server Error in 41ms (ActiveRecord: 0.0ms (0 queries, 0 cached) | GC: 6.1ms)


  
ActionView::Template::Error (Unexpected start of tag at line 7 and column 14 during :tag_open_content)
Caused by: ORB::Error (Unexpected start of tag at line 7 and column 14 during :tag_open_content)

Information for: ActionView::Template::Error (Unexpected start of tag at line 7 and column 14 during :tag_open_content):
    47:         <Separator/>
    48: 
    49:         <Heading size="sm">Billing Address</Heading>
    50:         <CheckBox name="same_as_shipping">
    51:           Same as shipping address
    52:         </CheckBox>
    53: 
  
app/views/static_pages/index.html.orb:50
app/components/demo/hero.rb:9:in 'Demo::Hero#call'
app/views/static_pages/index.html.orb:25
app/components/demo/app_frame.rb:43:in 'block (2 levels) in Demo::AppFrame#call'
app/components/demo/page.rb:13:in 'Demo::Page#call'
app/components/demo/app_frame.rb:6:in 'block in Demo::AppFrame#call'
app/components/demo/app_frame.rb:5:in 'Demo::AppFrame#call'
app/views/static_pages/index.html.orb:1

Information for cause: ORB::Error (Unexpected start of tag at line 7 and column 14 during :tag_open_content):
  
app/views/static_pages/index.html.orb:50
app/components/demo/hero.rb:9:in 'Demo::Hero#call'
app/views/static_pages/index.html.orb:25
app/components/demo/app_frame.rb:43:in 'block (2 levels) in Demo::AppFrame#call'
app/components/demo/page.rb:13:in 'Demo::Page#call'
app/components/demo/app_frame.rb:6:in 'block in Demo::AppFrame#call'
app/components/demo/app_frame.rb:5:in 'Demo::AppFrame#call'
app/views/static_pages/index.html.orb:1
Started GET "/.well-known/appspecific/com.chrome.devtools.json" for ::1 at 2025-12-01 15:12:23 +0100
  
ActionController::RoutingError (No route matches [GET] "/.well-known/appspecific/com.chrome.devtools.json"):
  
Started GET "/" for ::1 at 2025-12-01 15:12:27 +0100
Processing by StaticPagesController#index as HTML
  Rendering layout layouts/application.html.erb
  Rendering static_pages/index.html.orb within layouts/application
  Rendered static_pages/index.html.orb within layouts/application (Duration: 39.7ms | GC: 4.0ms)
  Rendered layout layouts/application.html.erb (Duration: 40.5ms | GC: 4.0ms)
Completed 200 OK in 42ms (Views: 41.3ms | ActiveRecord: 0.0ms (0 queries, 0 cached) | GC: 4.0ms)


Started GET "/.well-known/appspecific/com.chrome.devtools.json" for ::1 at 2025-12-01 15:12:27 +0100
  
ActionController::RoutingError (No route matches [GET] "/.well-known/appspecific/com.chrome.devtools.json"):
  
Started GET "/" for ::1 at 2025-12-01 15:12:50 +0100
Processing by StaticPagesController#index as HTML
  Rendering layout layouts/application.html.erb
  Rendering static_pages/index.html.orb within layouts/application
  Rendered static_pages/index.html.orb within layouts/application (Duration: 40.2ms | GC: 4.6ms)
  Rendered layout layouts/application.html.erb (Duration: 41.0ms | GC: 4.6ms)
Completed 200 OK in 42ms (Views: 41.7ms | ActiveRecord: 0.0ms (0 queries, 0 cached) | GC: 4.6ms)


Started GET "/.well-known/appspecific/com.chrome.devtools.json" for ::1 at 2025-12-01 15:12:50 +0100
  
ActionController::RoutingError (No route matches [GET] "/.well-known/appspecific/com.chrome.devtools.json"):
  
Started GET "/" for ::1 at 2025-12-01 15:13:34 +0100
Processing by StaticPagesController#index as HTML
  Rendering layout layouts/application.html.erb
  Rendering static_pages/index.html.orb within layouts/application
  Rendered static_pages/index.html.orb within layouts/application (Duration: 47.9ms | GC: 5.6ms)
  Rendered layout layouts/application.html.erb (Duration: 48.7ms | GC: 5.6ms)
Completed 200 OK in 51ms (Views: 49.7ms | ActiveRecord: 0.0ms (0 queries, 0 cached) | GC: 5.9ms)


Started GET "/.well-known/appspecific/com.chrome.devtools.json" for ::1 at 2025-12-01 15:13:34 +0100
  
ActionController::RoutingError (No route matches [GET] "/.well-known/appspecific/com.chrome.devtools.json"):
  
Started GET "/" for ::1 at 2025-12-01 15:13:44 +0100
Processing by StaticPagesController#index as HTML
  Rendering layout layouts/application.html.erb
  Rendering static_pages/index.html.orb within layouts/application
  Rendered static_pages/index.html.orb within layouts/application (Duration: 40.7ms | GC: 5.2ms)
  Rendered layout layouts/application.html.erb (Duration: 41.6ms | GC: 5.2ms)
Completed 200 OK in 43ms (Views: 42.4ms | ActiveRecord: 0.0ms (0 queries, 0 cached) | GC: 5.4ms)


Started GET "/.well-known/appspecific/com.chrome.devtools.json" for ::1 at 2025-12-01 15:13:44 +0100
  
ActionController::RoutingError (No route matches [GET] "/.well-known/appspecific/com.chrome.devtools.json"):
  
Started GET "/" for ::1 at 2025-12-01 15:14:01 +0100
Processing by StaticPagesController#index as HTML
  Rendering layout layouts/application.html.erb
  Rendering static_pages/index.html.orb within layouts/application
  Rendered static_pages/index.html.orb within layouts/application (Duration: 34.4ms | GC: 4.8ms)
  Rendered layout layouts/application.html.erb (Duration: 34.5ms | GC: 4.8ms)
Completed 500 Internal Server Error in 36ms (ActiveRecord: 0.0ms (0 queries, 0 cached) | GC: 5.1ms)


  
ActionView::Template::Error (uninitialized constant #<Class:0x0000000137533170>::Checkbox)
Caused by: NameError (uninitialized constant #<Class:0x0000000137533170>::Checkbox)

Information for: ActionView::Template::Error (uninitialized constant #<Class:0x0000000137533170>::Checkbox):
    48: 
    49:         <Heading size="sm">Billing Address</Heading>
    50: 
    51:         <Checkbox name="same_as_shipping">
    52:           Same as shipping address
    53:         </Checkbox>
    54: 
  
app/views/static_pages/index.html.orb:51
app/components/demo/hero.rb:9:in 'Demo::Hero#call'
app/views/static_pages/index.html.orb:25
app/components/demo/app_frame.rb:43:in 'block (2 levels) in Demo::AppFrame#call'
app/components/demo/page.rb:13:in 'Demo::Page#call'
app/components/demo/app_frame.rb:6:in 'block in Demo::AppFrame#call'
app/components/demo/app_frame.rb:5:in 'Demo::AppFrame#call'
app/views/static_pages/index.html.orb:1

Information for cause: NameError (uninitialized constant #<Class:0x0000000137533170>::Checkbox):
  
app/views/static_pages/index.html.orb:51
app/components/demo/hero.rb:9:in 'Demo::Hero#call'
app/views/static_pages/index.html.orb:25
app/components/demo/app_frame.rb:43:in 'block (2 levels) in Demo::AppFrame#call'
app/components/demo/page.rb:13:in 'Demo::Page#call'
app/components/demo/app_frame.rb:6:in 'block in Demo::AppFrame#call'
app/components/demo/app_frame.rb:5:in 'Demo::AppFrame#call'
app/views/static_pages/index.html.orb:1
Started GET "/.well-known/appspecific/com.chrome.devtools.json" for ::1 at 2025-12-01 15:14:01 +0100
  
ActionController::RoutingError (No route matches [GET] "/.well-known/appspecific/com.chrome.devtools.json"):
  
Started GET "/" for ::1 at 2025-12-01 15:14:14 +0100
Processing by StaticPagesController#index as HTML
  Rendering layout layouts/application.html.erb
  Rendering static_pages/index.html.orb within layouts/application
  Rendered static_pages/index.html.orb within layouts/application (Duration: 42.6ms | GC: 4.9ms)
  Rendered layout layouts/application.html.erb (Duration: 42.7ms | GC: 4.9ms)
Completed 500 Internal Server Error in 45ms (ActiveRecord: 0.0ms (0 queries, 0 cached) | GC: 4.9ms)


  
ActionView::Template::Error (Unexpected start of tag at line 7 and column 14 during :tag_open_content)
Caused by: ORB::Error (Unexpected start of tag at line 7 and column 14 during :tag_open_content)

Information for: ActionView::Template::Error (Unexpected start of tag at line 7 and column 14 during :tag_open_content):
    48: 
    49:         <Heading size="sm">Billing Address</Heading>
    50: 
    51:         <CheckBox name="same_as_shipping">
    52:           Same as shipping address
    53:         </CheckBox>
    54: 
  
app/views/static_pages/index.html.orb:51
app/components/demo/hero.rb:9:in 'Demo::Hero#call'
app/views/static_pages/index.html.orb:25
app/components/demo/app_frame.rb:43:in 'block (2 levels) in Demo::AppFrame#call'
app/components/demo/page.rb:13:in 'Demo::Page#call'
app/components/demo/app_frame.rb:6:in 'block in Demo::AppFrame#call'
app/components/demo/app_frame.rb:5:in 'Demo::AppFrame#call'
app/views/static_pages/index.html.orb:1

Information for cause: ORB::Error (Unexpected start of tag at line 7 and column 14 during :tag_open_content):
  
app/views/static_pages/index.html.orb:51
app/components/demo/hero.rb:9:in 'Demo::Hero#call'
app/views/static_pages/index.html.orb:25
app/components/demo/app_frame.rb:43:in 'block (2 levels) in Demo::AppFrame#call'
app/components/demo/page.rb:13:in 'Demo::Page#call'
app/components/demo/app_frame.rb:6:in 'block in Demo::AppFrame#call'
app/components/demo/app_frame.rb:5:in 'Demo::AppFrame#call'
app/views/static_pages/index.html.orb:1
Started GET "/.well-known/appspecific/com.chrome.devtools.json" for ::1 at 2025-12-01 15:14:14 +0100
  
ActionController::RoutingError (No route matches [GET] "/.well-known/appspecific/com.chrome.devtools.json"):
  
Started GET "/" for ::1 at 2025-12-01 15:15:58 +0100
Processing by StaticPagesController#index as HTML
  Rendering layout layouts/application.html.erb
  Rendering static_pages/index.html.orb within layouts/application
  Rendered static_pages/index.html.orb within layouts/application (Duration: 59.1ms | GC: 23.1ms)
  Rendered layout layouts/application.html.erb (Duration: 59.3ms | GC: 23.1ms)
Completed 500 Internal Server Error in 62ms (ActiveRecord: 0.0ms (0 queries, 0 cached) | GC: 23.5ms)


  
ActionView::Template::Error (Unexpected closing brace '}' at line 19 and column 35 during :control_expression)
Caused by: ORB::Error (Unexpected closing brace '}' at line 19 and column 35 during :control_expression)

Information for: ActionView::Template::Error (Unexpected closing brace '}' at line 19 and column 35 during :control_expression):
    48: 
    49:         <Heading size="sm">Billing Address</Heading>
    50: 
    51:         <CheckBox name="same_as_shipping">
    52:           Same as shipping address
    53:         </CheckBox>
    54: 
  
app/views/static_pages/index.html.orb:51
app/components/demo/hero.rb:9:in 'Demo::Hero#call'
app/views/static_pages/index.html.orb:25
app/components/demo/app_frame.rb:43:in 'block (2 levels) in Demo::AppFrame#call'
app/components/demo/page.rb:13:in 'Demo::Page#call'
app/components/demo/app_frame.rb:6:in 'block in Demo::AppFrame#call'
app/components/demo/app_frame.rb:5:in 'Demo::AppFrame#call'
app/views/static_pages/index.html.orb:1

Information for cause: ORB::Error (Unexpected closing brace '}' at line 19 and column 35 during :control_expression):
  
app/views/static_pages/index.html.orb:51
app/components/demo/hero.rb:9:in 'Demo::Hero#call'
app/views/static_pages/index.html.orb:25
app/components/demo/app_frame.rb:43:in 'block (2 levels) in Demo::AppFrame#call'
app/components/demo/page.rb:13:in 'Demo::Page#call'
app/components/demo/app_frame.rb:6:in 'block in Demo::AppFrame#call'
app/components/demo/app_frame.rb:5:in 'Demo::AppFrame#call'
app/views/static_pages/index.html.orb:1
Started GET "/.well-known/appspecific/com.chrome.devtools.json" for ::1 at 2025-12-01 15:15:58 +0100
  
ActionController::RoutingError (No route matches [GET] "/.well-known/appspecific/com.chrome.devtools.json"):
  
Started GET "/" for ::1 at 2025-12-01 15:16:21 +0100
Processing by StaticPagesController#index as HTML
  Rendering layout layouts/application.html.erb
  Rendering static_pages/index.html.orb within layouts/application
  Rendered static_pages/index.html.orb within layouts/application (Duration: 37.6ms | GC: 5.1ms)
  Rendered layout layouts/application.html.erb (Duration: 37.8ms | GC: 5.1ms)
Completed 500 Internal Server Error in 40ms (ActiveRecord: 0.0ms (0 queries, 0 cached) | GC: 5.4ms)


  
ActionView::Template::Error (Multiple {{ attributes specified)
Caused by: Temple::FilterError (Multiple {{ attributes specified)

Information for: ActionView::Template::Error (Multiple {{ attributes specified):
    48: 
    49:         <Heading size="sm">Billing Address</Heading>
    50: 
    51:         <CheckBox name="same_as_shipping">
    52:           Same as shipping address
    53:         </CheckBox>
    54: 
  
app/views/static_pages/index.html.orb:51
app/components/demo/hero.rb:9:in 'Demo::Hero#call'
app/views/static_pages/index.html.orb:25
app/components/demo/app_frame.rb:43:in 'block (2 levels) in Demo::AppFrame#call'
app/components/demo/page.rb:13:in 'Demo::Page#call'
app/components/demo/app_frame.rb:6:in 'block in Demo::AppFrame#call'
app/components/demo/app_frame.rb:5:in 'Demo::AppFrame#call'
app/views/static_pages/index.html.orb:1

Information for cause: Temple::FilterError (Multiple {{ attributes specified):
  
app/views/static_pages/index.html.orb:51
app/components/demo/hero.rb:9:in 'Demo::Hero#call'
app/views/static_pages/index.html.orb:25
app/components/demo/app_frame.rb:43:in 'block (2 levels) in Demo::AppFrame#call'
app/components/demo/page.rb:13:in 'Demo::Page#call'
app/components/demo/app_frame.rb:6:in 'block in Demo::AppFrame#call'
app/components/demo/app_frame.rb:5:in 'Demo::AppFrame#call'
app/views/static_pages/index.html.orb:1
Started GET "/.well-known/appspecific/com.chrome.devtools.json" for ::1 at 2025-12-01 15:16:22 +0100
  
ActionController::RoutingError (No route matches [GET] "/.well-known/appspecific/com.chrome.devtools.json"):
  
Started GET "/" for ::1 at 2025-12-01 15:16:46 +0100
Processing by StaticPagesController#index as HTML
  Rendering layout layouts/application.html.erb
  Rendering static_pages/index.html.orb within layouts/application
  Rendered static_pages/index.html.orb within layouts/application (Duration: 53.7ms | GC: 10.8ms)
  Rendered layout layouts/application.html.erb (Duration: 54.7ms | GC: 10.8ms)
Completed 200 OK in 56ms (Views: 55.5ms | ActiveRecord: 0.0ms (0 queries, 0 cached) | GC: 10.8ms)


Started GET "/.well-known/appspecific/com.chrome.devtools.json" for ::1 at 2025-12-01 15:16:46 +0100
  
ActionController::RoutingError (No route matches [GET] "/.well-known/appspecific/com.chrome.devtools.json"):
  
Started GET "/" for ::1 at 2025-12-01 15:17:20 +0100
Processing by StaticPagesController#index as HTML
  Rendering layout layouts/application.html.erb
  Rendering static_pages/index.html.orb within layouts/application
  Rendered static_pages/index.html.orb within layouts/application (Duration: 49.7ms | GC: 5.4ms)
  Rendered layout layouts/application.html.erb (Duration: 51.4ms | GC: 6.0ms)
Completed 200 OK in 53ms (Views: 52.5ms | ActiveRecord: 0.0ms (0 queries, 0 cached) | GC: 6.0ms)


Started GET "/.well-known/appspecific/com.chrome.devtools.json" for ::1 at 2025-12-01 15:17:20 +0100
  
ActionController::RoutingError (No route matches [GET] "/.well-known/appspecific/com.chrome.devtools.json"):
  
Started GET "/" for ::1 at 2025-12-01 15:17:26 +0100
Processing by StaticPagesController#index as HTML
  Rendering layout layouts/application.html.erb
  Rendering static_pages/index.html.orb within layouts/application
  Rendered static_pages/index.html.orb within layouts/application (Duration: 53.7ms | GC: 9.7ms)
  Rendered layout layouts/application.html.erb (Duration: 54.7ms | GC: 9.9ms)
Completed 200 OK in 56ms (Views: 55.5ms | ActiveRecord: 0.0ms (0 queries, 0 cached) | GC: 9.9ms)


Started GET "/.well-known/appspecific/com.chrome.devtools.json" for ::1 at 2025-12-01 15:17:26 +0100
  
ActionController::RoutingError (No route matches [GET] "/.well-known/appspecific/com.chrome.devtools.json"):
  
Started GET "/" for ::1 at 2025-12-01 15:17:42 +0100
Processing by StaticPagesController#index as HTML
  Rendering layout layouts/application.html.erb
  Rendering static_pages/index.html.orb within layouts/application
  Rendered static_pages/index.html.orb within layouts/application (Duration: 51.9ms | GC: 11.2ms)
  Rendered layout layouts/application.html.erb (Duration: 52.7ms | GC: 11.2ms)
Completed 200 OK in 55ms (Views: 53.9ms | ActiveRecord: 0.0ms (0 queries, 0 cached) | GC: 11.2ms)


Started GET "/.well-known/appspecific/com.chrome.devtools.json" for ::1 at 2025-12-01 15:17:42 +0100
  
ActionController::RoutingError (No route matches [GET] "/.well-known/appspecific/com.chrome.devtools.json"):
  
Started GET "/" for ::1 at 2025-12-01 15:19:04 +0100
Processing by StaticPagesController#index as HTML
  Rendering layout layouts/application.html.erb
  Rendering static_pages/index.html.orb within layouts/application
  Rendered static_pages/index.html.orb within layouts/application (Duration: 48.9ms | GC: 5.1ms)
  Rendered layout layouts/application.html.erb (Duration: 49.7ms | GC: 5.1ms)
Completed 200 OK in 52ms (Views: 50.6ms | ActiveRecord: 0.0ms (0 queries, 0 cached) | GC: 5.1ms)


Started GET "/.well-known/appspecific/com.chrome.devtools.json" for ::1 at 2025-12-01 15:19:04 +0100
  
ActionController::RoutingError (No route matches [GET] "/.well-known/appspecific/com.chrome.devtools.json"):
  
Started GET "/" for ::1 at 2025-12-01 15:21:42 +0100
Processing by StaticPagesController#index as HTML
  Rendering layout layouts/application.html.erb
  Rendering static_pages/index.html.orb within layouts/application
  Rendered static_pages/index.html.orb within layouts/application (Duration: 26.6ms | GC: 1.7ms)
  Rendered layout layouts/application.html.erb (Duration: 27.3ms | GC: 1.7ms)
Completed 200 OK in 28ms (Views: 27.5ms | ActiveRecord: 0.0ms (0 queries, 0 cached) | GC: 1.9ms)


Started GET "/.well-known/appspecific/com.chrome.devtools.json" for ::1 at 2025-12-01 15:21:43 +0100
  
ActionController::RoutingError (No route matches [GET] "/.well-known/appspecific/com.chrome.devtools.json"):
  
Started GET "/" for ::1 at 2025-12-01 15:21:53 +0100
Processing by StaticPagesController#index as HTML
  Rendering layout layouts/application.html.erb
  Rendering static_pages/index.html.orb within layouts/application
  Rendered static_pages/index.html.orb within layouts/application (Duration: 51.8ms | GC: 7.4ms)
  Rendered layout layouts/application.html.erb (Duration: 52.7ms | GC: 7.4ms)
Completed 200 OK in 55ms (Views: 53.9ms | ActiveRecord: 0.0ms (0 queries, 0 cached) | GC: 7.4ms)


Started GET "/.well-known/appspecific/com.chrome.devtools.json" for ::1 at 2025-12-01 15:21:53 +0100
  
ActionController::RoutingError (No route matches [GET] "/.well-known/appspecific/com.chrome.devtools.json"):
  
Started GET "/" for ::1 at 2025-12-01 15:21:59 +0100
Processing by StaticPagesController#index as HTML
  Rendering layout layouts/application.html.erb
  Rendering static_pages/index.html.orb within layouts/application
  Rendered static_pages/index.html.orb within layouts/application (Duration: 51.9ms | GC: 10.2ms)
  Rendered layout layouts/application.html.erb (Duration: 52.8ms | GC: 10.2ms)
Completed 200 OK in 54ms (Views: 53.6ms | ActiveRecord: 0.0ms (0 queries, 0 cached) | GC: 10.2ms)


Started GET "/.well-known/appspecific/com.chrome.devtools.json" for ::1 at 2025-12-01 15:21:59 +0100
  
ActionController::RoutingError (No route matches [GET] "/.well-known/appspecific/com.chrome.devtools.json"):
  
Started GET "/" for ::1 at 2025-12-01 15:23:34 +0100
Processing by StaticPagesController#index as HTML
  Rendering layout layouts/application.html.erb
  Rendering static_pages/index.html.orb within layouts/application
  Rendered static_pages/index.html.orb within layouts/application (Duration: 50.7ms | GC: 4.9ms)
  Rendered layout layouts/application.html.erb (Duration: 52.8ms | GC: 4.9ms)
Completed 200 OK in 55ms (Views: 53.8ms | ActiveRecord: 0.0ms (0 queries, 0 cached) | GC: 4.9ms)


Started GET "/.well-known/appspecific/com.chrome.devtools.json" for ::1 at 2025-12-01 15:23:34 +0100
  
ActionController::RoutingError (No route matches [GET] "/.well-known/appspecific/com.chrome.devtools.json"):
  
Started GET "/" for ::1 at 2025-12-01 15:25:07 +0100
Processing by StaticPagesController#index as HTML
  Rendering layout layouts/application.html.erb
  Rendering static_pages/index.html.orb within layouts/application
  Rendered static_pages/index.html.orb within layouts/application (Duration: 49.3ms | GC: 9.3ms)
  Rendered layout layouts/application.html.erb (Duration: 49.5ms | GC: 9.3ms)
Completed 500 Internal Server Error in 51ms (ActiveRecord: 0.0ms (0 queries, 0 cached) | GC: 9.3ms)


  
ArgumentError (Reported error must be an Exception, got: #<SyntaxError:"/Volumes/Work/Scratch/orbital/orbital/app/components/orbital/check_box.rb:38: syntax errors found\n  \e[2m36 | \e[m; \n  \e[2m37 | \e[m; @output_buffer\n\e[1;31m> \e[m\e[2m38 | \e[mend\n  \e[2m   | \e[m   \e[1;31m^\e[m unexpected end-of-input, assuming it is closing the parent top level context\n\e[1;31m> \e[m\e[2m39 | \e[m\n  \e[2m   | \e[m\e[1;31m^\e[m expected an `end` to close the `def` statement\n">)
Caused by: SyntaxError (/Volumes/Work/Scratch/orbital/orbital/app/components/orbital/check_box.rb:38: syntax errors found
  [2m36 | [m; 
  [2m37 | [m; @output_buffer
[1;31m> [m[2m38 | [mend
  [2m   | [m   [1;31m^[m unexpected end-of-input, assuming it is closing the parent top level context
[1;31m> [m[2m39 | [m
  [2m   | [m[1;31m^[m expected an `end` to close the `def` statement
)

Information for: ArgumentError (Reported error must be an Exception, got: #<SyntaxError:"/Volumes/Work/Scratch/orbital/orbital/app/components/orbital/check_box.rb:38: syntax errors found\n  \e[2m36 | \e[m; \n  \e[2m37 | \e[m; @output_buffer\n\e[1;31m> \e[m\e[2m38 | \e[mend\n  \e[2m   | \e[m   \e[1;31m^\e[m unexpected end-of-input, assuming it is closing the parent top level context\n\e[1;31m> \e[m\e[2m39 | \e[m\n  \e[2m   | \e[m\e[1;31m^\e[m expected an `end` to close the `def` statement\n">):
  
activesupport (8.1.1) lib/active_support/error_reporter.rb:235:in 'ActiveSupport::ErrorReporter#report'
actionpack (8.1.1) lib/action_dispatch/middleware/executor.rb:36:in 'ActionDispatch::Executor#call'
actionpack (8.1.1) lib/action_dispatch/middleware/actionable_exceptions.rb:18:in 'ActionDispatch::ActionableExceptions#call'
actionpack (8.1.1) lib/action_dispatch/middleware/debug_exceptions.rb:31:in 'ActionDispatch::DebugExceptions#call'
web-console (4.2.1) lib/web_console/middleware.rb:132:in 'WebConsole::Middleware#call_app'
web-console (4.2.1) lib/web_console/middleware.rb:28:in 'block in WebConsole::Middleware#call'
web-console (4.2.1) lib/web_console/middleware.rb:17:in 'Kernel#catch'
web-console (4.2.1) lib/web_console/middleware.rb:17:in 'WebConsole::Middleware#call'
actionpack (8.1.1) lib/action_dispatch/middleware/show_exceptions.rb:32:in 'ActionDispatch::ShowExceptions#call'
railties (8.1.1) lib/rails/rack/logger.rb:41:in 'Rails::Rack::Logger#call_app'
railties (8.1.1) lib/rails/rack/logger.rb:29:in 'Rails::Rack::Logger#call'
propshaft (1.3.1) lib/propshaft/quiet_assets.rb:11:in 'Propshaft::QuietAssets#call'
actionpack (8.1.1) lib/action_dispatch/middleware/remote_ip.rb:98:in 'ActionDispatch::RemoteIp#call'
actionpack (8.1.1) lib/action_dispatch/middleware/request_id.rb:34:in 'ActionDispatch::RequestId#call'
rack (3.2.4) lib/rack/method_override.rb:28:in 'Rack::MethodOverride#call'
rack (3.2.4) lib/rack/runtime.rb:24:in 'Rack::Runtime#call'
actionpack (8.1.1) lib/action_dispatch/middleware/server_timing.rb:61:in 'block in ActionDispatch::ServerTiming#call'
actionpack (8.1.1) lib/action_dispatch/middleware/server_timing.rb:26:in 'ActionDispatch::ServerTiming::Subscriber#collect_events'
actionpack (8.1.1) lib/action_dispatch/middleware/server_timing.rb:60:in 'ActionDispatch::ServerTiming#call'
actionpack (8.1.1) lib/action_dispatch/middleware/executor.rb:20:in 'ActionDispatch::Executor#call'
propshaft (1.3.1) lib/propshaft/server.rb:37:in 'Propshaft::Server#call'
actionpack (8.1.1) lib/action_dispatch/middleware/static.rb:27:in 'ActionDispatch::Static#call'
rack (3.2.4) lib/rack/sendfile.rb:131:in 'Rack::Sendfile#call'
actionpack (8.1.1) lib/action_dispatch/middleware/host_authorization.rb:143:in 'ActionDispatch::HostAuthorization#call'
railties (8.1.1) lib/rails/engine.rb:534:in 'Rails::Engine#call'
puma (7.1.0) lib/puma/configuration.rb:300:in 'Puma::Configuration::ConfigMiddleware#call'
puma (7.1.0) lib/puma/request.rb:101:in 'block in Puma::Request#handle_request'
puma (7.1.0) lib/puma/thread_pool.rb:355:in 'Puma::ThreadPool#with_force_shutdown'
puma (7.1.0) lib/puma/request.rb:100:in 'Puma::Request#handle_request'
puma (7.1.0) lib/puma/server.rb:503:in 'Puma::Server#process_client'
puma (7.1.0) lib/puma/server.rb:262:in 'block in Puma::Server#run'
puma (7.1.0) lib/puma/thread_pool.rb:182:in 'block in Puma::ThreadPool#spawn_thread'

Information for cause: SyntaxError (/Volumes/Work/Scratch/orbital/orbital/app/components/orbital/check_box.rb:38: syntax errors found
  [2m36 | [m; 
  [2m37 | [m; @output_buffer
[1;31m> [m[2m38 | [mend
  [2m   | [m   [1;31m^[m unexpected end-of-input, assuming it is closing the parent top level context
[1;31m> [m[2m39 | [m
  [2m   | [m[1;31m^[m expected an `end` to close the `def` statement
):
  
app/views/static_pages/index.html.orb:51
app/components/demo/hero.rb:9:in 'Demo::Hero#call'
app/views/static_pages/index.html.orb:25
app/components/demo/app_frame.rb:43:in 'block (2 levels) in Demo::AppFrame#call'
app/components/demo/page.rb:13:in 'Demo::Page#call'
app/components/demo/app_frame.rb:6:in 'block in Demo::AppFrame#call'
app/components/demo/app_frame.rb:5:in 'Demo::AppFrame#call'
app/views/static_pages/index.html.orb:1
Started GET "/.well-known/appspecific/com.chrome.devtools.json" for ::1 at 2025-12-01 15:25:07 +0100
  
ActionController::RoutingError (No route matches [GET] "/.well-known/appspecific/com.chrome.devtools.json"):
  
Started GET "/" for ::1 at 2025-12-01 15:25:20 +0100
Processing by StaticPagesController#index as HTML
  Rendering layout layouts/application.html.erb
  Rendering static_pages/index.html.orb within layouts/application
  Rendered static_pages/index.html.orb within layouts/application (Duration: 41.8ms | GC: 8.4ms)
  Rendered layout layouts/application.html.erb (Duration: 42.0ms | GC: 8.4ms)
Completed 500 Internal Server Error in 44ms (ActiveRecord: 0.0ms (0 queries, 0 cached) | GC: 9.2ms)


  
ArgumentError (Reported error must be an Exception, got: #<SyntaxError:"/Volumes/Work/Scratch/orbital/orbital/app/components/orbital/check_box.rb:38: syntax errors found\n  \e[2m36 | \e[m; \n  \e[2m37 | \e[m; @output_buffer\n\e[1;31m> \e[m\e[2m38 | \e[mend\n  \e[2m   | \e[m   \e[1;31m^\e[m unexpected end-of-input, assuming it is closing the parent top level context\n\e[1;31m> \e[m\e[2m39 | \e[m\n  \e[2m   | \e[m\e[1;31m^\e[m expected an `end` to close the `def` statement\n">)
Caused by: SyntaxError (/Volumes/Work/Scratch/orbital/orbital/app/components/orbital/check_box.rb:38: syntax errors found
  [2m36 | [m; 
  [2m37 | [m; @output_buffer
[1;31m> [m[2m38 | [mend
  [2m   | [m   [1;31m^[m unexpected end-of-input, assuming it is closing the parent top level context
[1;31m> [m[2m39 | [m
  [2m   | [m[1;31m^[m expected an `end` to close the `def` statement
)

Information for: ArgumentError (Reported error must be an Exception, got: #<SyntaxError:"/Volumes/Work/Scratch/orbital/orbital/app/components/orbital/check_box.rb:38: syntax errors found\n  \e[2m36 | \e[m; \n  \e[2m37 | \e[m; @output_buffer\n\e[1;31m> \e[m\e[2m38 | \e[mend\n  \e[2m   | \e[m   \e[1;31m^\e[m unexpected end-of-input, assuming it is closing the parent top level context\n\e[1;31m> \e[m\e[2m39 | \e[m\n  \e[2m   | \e[m\e[1;31m^\e[m expected an `end` to close the `def` statement\n">):
  
activesupport (8.1.1) lib/active_support/error_reporter.rb:235:in 'ActiveSupport::ErrorReporter#report'
actionpack (8.1.1) lib/action_dispatch/middleware/executor.rb:36:in 'ActionDispatch::Executor#call'
actionpack (8.1.1) lib/action_dispatch/middleware/actionable_exceptions.rb:18:in 'ActionDispatch::ActionableExceptions#call'
actionpack (8.1.1) lib/action_dispatch/middleware/debug_exceptions.rb:31:in 'ActionDispatch::DebugExceptions#call'
web-console (4.2.1) lib/web_console/middleware.rb:132:in 'WebConsole::Middleware#call_app'
web-console (4.2.1) lib/web_console/middleware.rb:28:in 'block in WebConsole::Middleware#call'
web-console (4.2.1) lib/web_console/middleware.rb:17:in 'Kernel#catch'
web-console (4.2.1) lib/web_console/middleware.rb:17:in 'WebConsole::Middleware#call'
actionpack (8.1.1) lib/action_dispatch/middleware/show_exceptions.rb:32:in 'ActionDispatch::ShowExceptions#call'
railties (8.1.1) lib/rails/rack/logger.rb:41:in 'Rails::Rack::Logger#call_app'
railties (8.1.1) lib/rails/rack/logger.rb:29:in 'Rails::Rack::Logger#call'
propshaft (1.3.1) lib/propshaft/quiet_assets.rb:11:in 'Propshaft::QuietAssets#call'
actionpack (8.1.1) lib/action_dispatch/middleware/remote_ip.rb:98:in 'ActionDispatch::RemoteIp#call'
actionpack (8.1.1) lib/action_dispatch/middleware/request_id.rb:34:in 'ActionDispatch::RequestId#call'
rack (3.2.4) lib/rack/method_override.rb:28:in 'Rack::MethodOverride#call'
rack (3.2.4) lib/rack/runtime.rb:24:in 'Rack::Runtime#call'
actionpack (8.1.1) lib/action_dispatch/middleware/server_timing.rb:61:in 'block in ActionDispatch::ServerTiming#call'
actionpack (8.1.1) lib/action_dispatch/middleware/server_timing.rb:26:in 'ActionDispatch::ServerTiming::Subscriber#collect_events'
actionpack (8.1.1) lib/action_dispatch/middleware/server_timing.rb:60:in 'ActionDispatch::ServerTiming#call'
actionpack (8.1.1) lib/action_dispatch/middleware/executor.rb:20:in 'ActionDispatch::Executor#call'
propshaft (1.3.1) lib/propshaft/server.rb:37:in 'Propshaft::Server#call'
actionpack (8.1.1) lib/action_dispatch/middleware/static.rb:27:in 'ActionDispatch::Static#call'
rack (3.2.4) lib/rack/sendfile.rb:131:in 'Rack::Sendfile#call'
actionpack (8.1.1) lib/action_dispatch/middleware/host_authorization.rb:143:in 'ActionDispatch::HostAuthorization#call'
railties (8.1.1) lib/rails/engine.rb:534:in 'Rails::Engine#call'
puma (7.1.0) lib/puma/configuration.rb:300:in 'Puma::Configuration::ConfigMiddleware#call'
puma (7.1.0) lib/puma/request.rb:101:in 'block in Puma::Request#handle_request'
puma (7.1.0) lib/puma/thread_pool.rb:355:in 'Puma::ThreadPool#with_force_shutdown'
puma (7.1.0) lib/puma/request.rb:100:in 'Puma::Request#handle_request'
puma (7.1.0) lib/puma/server.rb:503:in 'Puma::Server#process_client'
puma (7.1.0) lib/puma/server.rb:262:in 'block in Puma::Server#run'
puma (7.1.0) lib/puma/thread_pool.rb:182:in 'block in Puma::ThreadPool#spawn_thread'

Information for cause: SyntaxError (/Volumes/Work/Scratch/orbital/orbital/app/components/orbital/check_box.rb:38: syntax errors found
  [2m36 | [m; 
  [2m37 | [m; @output_buffer
[1;31m> [m[2m38 | [mend
  [2m   | [m   [1;31m^[m unexpected end-of-input, assuming it is closing the parent top level context
[1;31m> [m[2m39 | [m
  [2m   | [m[1;31m^[m expected an `end` to close the `def` statement
):
  
app/views/static_pages/index.html.orb:51
app/components/demo/hero.rb:9:in 'Demo::Hero#call'
app/views/static_pages/index.html.orb:25
app/components/demo/app_frame.rb:43:in 'block (2 levels) in Demo::AppFrame#call'
app/components/demo/page.rb:13:in 'Demo::Page#call'
app/components/demo/app_frame.rb:6:in 'block in Demo::AppFrame#call'
app/components/demo/app_frame.rb:5:in 'Demo::AppFrame#call'
app/views/static_pages/index.html.orb:1
Started GET "/.well-known/appspecific/com.chrome.devtools.json" for ::1 at 2025-12-01 15:25:21 +0100
  
ActionController::RoutingError (No route matches [GET] "/.well-known/appspecific/com.chrome.devtools.json"):
  
Started GET "/" for ::1 at 2025-12-01 15:25:38 +0100
Processing by StaticPagesController#index as HTML
  Rendering layout layouts/application.html.erb
  Rendering static_pages/index.html.orb within layouts/application
  Rendered static_pages/index.html.orb within layouts/application (Duration: 43.1ms | GC: 8.1ms)
  Rendered layout layouts/application.html.erb (Duration: 43.2ms | GC: 8.1ms)
Completed 500 Internal Server Error in 45ms (ActiveRecord: 0.0ms (0 queries, 0 cached) | GC: 8.1ms)


  
ActionView::Template::Error (undefined method 'error?' for #<Orbital::CheckBox:0x0000000133bf4a58>)
Caused by: NoMethodError (undefined method 'error?' for #<Orbital::CheckBox:0x0000000133bf4a58>)

Information for: ActionView::Template::Error (undefined method 'error?' for #<Orbital::CheckBox:0x0000000133bf4a58>):
    48: 
    49:         <Heading size="sm">Billing Address</Heading>
    50: 
    51:         <CheckBox name="same_as_shipping" checked>
    52:           Same as shipping address
    53:         </CheckBox>
    54: 
  
app/views/static_pages/index.html.orb:51
app/components/demo/hero.rb:9:in 'Demo::Hero#call'
app/views/static_pages/index.html.orb:25
app/components/demo/app_frame.rb:43:in 'block (2 levels) in Demo::AppFrame#call'
app/components/demo/page.rb:13:in 'Demo::Page#call'
app/components/demo/app_frame.rb:6:in 'block in Demo::AppFrame#call'
app/components/demo/app_frame.rb:5:in 'Demo::AppFrame#call'
app/views/static_pages/index.html.orb:1

Information for cause: NoMethodError (undefined method 'error?' for #<Orbital::CheckBox:0x0000000133bf4a58>):
  
app/views/static_pages/index.html.orb:51
app/components/demo/hero.rb:9:in 'Demo::Hero#call'
app/views/static_pages/index.html.orb:25
app/components/demo/app_frame.rb:43:in 'block (2 levels) in Demo::AppFrame#call'
app/components/demo/page.rb:13:in 'Demo::Page#call'
app/components/demo/app_frame.rb:6:in 'block in Demo::AppFrame#call'
app/components/demo/app_frame.rb:5:in 'Demo::AppFrame#call'
app/views/static_pages/index.html.orb:1
Started GET "/.well-known/appspecific/com.chrome.devtools.json" for ::1 at 2025-12-01 15:25:38 +0100
  
ActionController::RoutingError (No route matches [GET] "/.well-known/appspecific/com.chrome.devtools.json"):
  
Started GET "/" for ::1 at 2025-12-01 15:26:03 +0100
Processing by StaticPagesController#index as HTML
  Rendering layout layouts/application.html.erb
  Rendering static_pages/index.html.orb within layouts/application
  Rendered static_pages/index.html.orb within layouts/application (Duration: 61.0ms | GC: 15.2ms)
  Rendered layout layouts/application.html.erb (Duration: 61.8ms | GC: 15.2ms)
Completed 200 OK in 64ms (Views: 63.0ms | ActiveRecord: 0.0ms (0 queries, 0 cached) | GC: 15.2ms)


Started GET "/.well-known/appspecific/com.chrome.devtools.json" for ::1 at 2025-12-01 15:26:03 +0100
  
ActionController::RoutingError (No route matches [GET] "/.well-known/appspecific/com.chrome.devtools.json"):
  
Started GET "/" for ::1 at 2025-12-01 15:26:14 +0100
Processing by StaticPagesController#index as HTML
  Rendering layout layouts/application.html.erb
  Rendering static_pages/index.html.orb within layouts/application
  Rendered static_pages/index.html.orb within layouts/application (Duration: 69.7ms | GC: 14.7ms)
  Rendered layout layouts/application.html.erb (Duration: 70.6ms | GC: 14.7ms)
Completed 200 OK in 73ms (Views: 71.7ms | ActiveRecord: 0.0ms (0 queries, 0 cached) | GC: 14.7ms)


Started GET "/.well-known/appspecific/com.chrome.devtools.json" for ::1 at 2025-12-01 15:26:14 +0100
  
ActionController::RoutingError (No route matches [GET] "/.well-known/appspecific/com.chrome.devtools.json"):
  
Started GET "/" for ::1 at 2025-12-01 15:26:26 +0100
Processing by StaticPagesController#index as HTML
  Rendering layout layouts/application.html.erb
  Rendering static_pages/index.html.orb within layouts/application
  Rendered static_pages/index.html.orb within layouts/application (Duration: 48.3ms | GC: 7.3ms)
  Rendered layout layouts/application.html.erb (Duration: 49.1ms | GC: 7.3ms)
Completed 200 OK in 51ms (Views: 49.9ms | ActiveRecord: 0.0ms (0 queries, 0 cached) | GC: 7.3ms)


Started GET "/.well-known/appspecific/com.chrome.devtools.json" for ::1 at 2025-12-01 15:26:26 +0100
  
ActionController::RoutingError (No route matches [GET] "/.well-known/appspecific/com.chrome.devtools.json"):
  
Started GET "/" for ::1 at 2025-12-01 15:26:39 +0100
Processing by StaticPagesController#index as HTML
  Rendering layout layouts/application.html.erb
  Rendering static_pages/index.html.orb within layouts/application
  Rendered static_pages/index.html.orb within layouts/application (Duration: 44.0ms | GC: 5.2ms)
  Rendered layout layouts/application.html.erb (Duration: 44.9ms | GC: 5.2ms)
Completed 200 OK in 47ms (Views: 45.8ms | ActiveRecord: 0.0ms (0 queries, 0 cached) | GC: 5.2ms)


Started GET "/.well-known/appspecific/com.chrome.devtools.json" for ::1 at 2025-12-01 15:26:39 +0100
  
ActionController::RoutingError (No route matches [GET] "/.well-known/appspecific/com.chrome.devtools.json"):
  
Started GET "/" for ::1 at 2025-12-01 15:27:28 +0100
Processing by StaticPagesController#index as HTML
  Rendering layout layouts/application.html.erb
  Rendering static_pages/index.html.orb within layouts/application
  Rendered static_pages/index.html.orb within layouts/application (Duration: 42.9ms | GC: 2.6ms)
  Rendered layout layouts/application.html.erb (Duration: 43.8ms | GC: 2.6ms)
Completed 200 OK in 45ms (Views: 44.5ms | ActiveRecord: 0.0ms (0 queries, 0 cached) | GC: 2.6ms)


Started GET "/.well-known/appspecific/com.chrome.devtools.json" for ::1 at 2025-12-01 15:27:28 +0100
  
ActionController::RoutingError (No route matches [GET] "/.well-known/appspecific/com.chrome.devtools.json"):
  
Started GET "/" for ::1 at 2025-12-01 15:28:01 +0100
Processing by StaticPagesController#index as HTML
  Rendering layout layouts/application.html.erb
  Rendering static_pages/index.html.orb within layouts/application
  Rendered static_pages/index.html.orb within layouts/application (Duration: 53.3ms | GC: 6.9ms)
  Rendered layout layouts/application.html.erb (Duration: 54.2ms | GC: 6.9ms)
Completed 200 OK in 57ms (Views: 55.5ms | ActiveRecord: 0.0ms (0 queries, 0 cached) | GC: 6.9ms)


Started GET "/.well-known/appspecific/com.chrome.devtools.json" for ::1 at 2025-12-01 15:28:01 +0100
  
ActionController::RoutingError (No route matches [GET] "/.well-known/appspecific/com.chrome.devtools.json"):
  
Started GET "/" for ::1 at 2025-12-01 15:29:20 +0100
Processing by StaticPagesController#index as HTML
  Rendering layout layouts/application.html.erb
  Rendering static_pages/index.html.orb within layouts/application
  Rendered static_pages/index.html.orb within layouts/application (Duration: 56.6ms | GC: 10.5ms)
  Rendered layout layouts/application.html.erb (Duration: 57.5ms | GC: 10.5ms)
Completed 200 OK in 59ms (Views: 58.4ms | ActiveRecord: 0.0ms (0 queries, 0 cached) | GC: 10.5ms)


Started GET "/.well-known/appspecific/com.chrome.devtools.json" for ::1 at 2025-12-01 15:29:20 +0100
  
ActionController::RoutingError (No route matches [GET] "/.well-known/appspecific/com.chrome.devtools.json"):
  
Started GET "/" for ::1 at 2025-12-01 15:30:22 +0100
Processing by StaticPagesController#index as HTML
  Rendering layout layouts/application.html.erb
  Rendering static_pages/index.html.orb within layouts/application
  Rendered static_pages/index.html.orb within layouts/application (Duration: 50.9ms | GC: 10.4ms)
  Rendered layout layouts/application.html.erb (Duration: 51.0ms | GC: 10.4ms)
Completed 500 Internal Server Error in 53ms (ActiveRecord: 0.0ms (0 queries, 0 cached) | GC: 10.4ms)


  
ActionView::Template::Error (Unmatched ORB::AST::TagNode)
Caused by: ORB::Error (Unmatched ORB::AST::TagNode)

Information for: ActionView::Template::Error (Unmatched ORB::AST::TagNode):
    48: 
    49:         <Heading size="sm">Billing Address</Heading>
    50: 
    51:         <CheckBox name="same_as_shipping" checked>
    52:           Same as shipping address
    53:         </CheckBox>
    54: 
  
app/views/static_pages/index.html.orb:51
app/components/demo/hero.rb:9:in 'Demo::Hero#call'
app/views/static_pages/index.html.orb:25
app/components/demo/app_frame.rb:43:in 'block (2 levels) in Demo::AppFrame#call'
app/components/demo/page.rb:13:in 'Demo::Page#call'
app/components/demo/app_frame.rb:6:in 'block in Demo::AppFrame#call'
app/components/demo/app_frame.rb:5:in 'Demo::AppFrame#call'
app/views/static_pages/index.html.orb:1

Information for cause: ORB::Error (Unmatched ORB::AST::TagNode):
  
app/views/static_pages/index.html.orb:51
app/components/demo/hero.rb:9:in 'Demo::Hero#call'
app/views/static_pages/index.html.orb:25
app/components/demo/app_frame.rb:43:in 'block (2 levels) in Demo::AppFrame#call'
app/components/demo/page.rb:13:in 'Demo::Page#call'
app/components/demo/app_frame.rb:6:in 'block in Demo::AppFrame#call'
app/components/demo/app_frame.rb:5:in 'Demo::AppFrame#call'
app/views/static_pages/index.html.orb:1
Started GET "/.well-known/appspecific/com.chrome.devtools.json" for ::1 at 2025-12-01 15:30:22 +0100
  
ActionController::RoutingError (No route matches [GET] "/.well-known/appspecific/com.chrome.devtools.json"):
  
Started GET "/" for ::1 at 2025-12-01 15:30:33 +0100
Processing by StaticPagesController#index as HTML
  Rendering layout layouts/application.html.erb
  Rendering static_pages/index.html.orb within layouts/application
  Rendered static_pages/index.html.orb within layouts/application (Duration: 98.1ms | GC: 52.7ms)
  Rendered layout layouts/application.html.erb (Duration: 99.4ms | GC: 53.0ms)
Completed 200 OK in 101ms (Views: 100.2ms | ActiveRecord: 0.0ms (0 queries, 0 cached) | GC: 53.0ms)


Started GET "/.well-known/appspecific/com.chrome.devtools.json" for ::1 at 2025-12-01 15:30:33 +0100
  
ActionController::RoutingError (No route matches [GET] "/.well-known/appspecific/com.chrome.devtools.json"):
  
Started GET "/" for ::1 at 2025-12-01 15:31:17 +0100
Processing by StaticPagesController#index as HTML
  Rendering layout layouts/application.html.erb
  Rendering static_pages/index.html.orb within layouts/application
  Rendered static_pages/index.html.orb within layouts/application (Duration: 42.8ms | GC: 8.2ms)
  Rendered layout layouts/application.html.erb (Duration: 43.0ms | GC: 8.2ms)
Completed 500 Internal Server Error in 45ms (ActiveRecord: 0.0ms (0 queries, 0 cached) | GC: 8.2ms)


  
ActionView::Template::Error (undefined local variable or method 'icon_classes' for #<Orbital::CheckBox:0x0000000134b5d918>)
Caused by: NameError (undefined local variable or method 'icon_classes' for #<Orbital::CheckBox:0x0000000134b5d918>)

Information for: ActionView::Template::Error (undefined local variable or method 'icon_classes' for #<Orbital::CheckBox:0x0000000134b5d918>):
    48: 
    49:         <Heading size="sm">Billing Address</Heading>
    50: 
    51:         <CheckBox name="same_as_shipping" checked>
    52:           Same as shipping address
    53:         </CheckBox>
    54: 
  
app/views/static_pages/index.html.orb:51
app/components/demo/hero.rb:9:in 'Demo::Hero#call'
app/views/static_pages/index.html.orb:25
app/components/demo/app_frame.rb:43:in 'block (2 levels) in Demo::AppFrame#call'
app/components/demo/page.rb:13:in 'Demo::Page#call'
app/components/demo/app_frame.rb:6:in 'block in Demo::AppFrame#call'
app/components/demo/app_frame.rb:5:in 'Demo::AppFrame#call'
app/views/static_pages/index.html.orb:1

Information for cause: NameError (undefined local variable or method 'icon_classes' for #<Orbital::CheckBox:0x0000000134b5d918>):
  
app/views/static_pages/index.html.orb:51
app/components/demo/hero.rb:9:in 'Demo::Hero#call'
app/views/static_pages/index.html.orb:25
app/components/demo/app_frame.rb:43:in 'block (2 levels) in Demo::AppFrame#call'
app/components/demo/page.rb:13:in 'Demo::Page#call'
app/components/demo/app_frame.rb:6:in 'block in Demo::AppFrame#call'
app/components/demo/app_frame.rb:5:in 'Demo::AppFrame#call'
app/views/static_pages/index.html.orb:1
Started GET "/.well-known/appspecific/com.chrome.devtools.json" for ::1 at 2025-12-01 15:31:18 +0100
  
ActionController::RoutingError (No route matches [GET] "/.well-known/appspecific/com.chrome.devtools.json"):
  
Started GET "/" for ::1 at 2025-12-01 15:31:27 +0100
Processing by StaticPagesController#index as HTML
  Rendering layout layouts/application.html.erb
  Rendering static_pages/index.html.orb within layouts/application
  Rendered static_pages/index.html.orb within layouts/application (Duration: 43.6ms | GC: 3.4ms)
  Rendered layout layouts/application.html.erb (Duration: 44.4ms | GC: 3.4ms)
Completed 200 OK in 46ms (Views: 45.2ms | ActiveRecord: 0.0ms (0 queries, 0 cached) | GC: 3.4ms)


Started GET "/.well-known/appspecific/com.chrome.devtools.json" for ::1 at 2025-12-01 15:31:27 +0100
  
ActionController::RoutingError (No route matches [GET] "/.well-known/appspecific/com.chrome.devtools.json"):
  
Started GET "/" for ::1 at 2025-12-01 15:33:31 +0100
Processing by StaticPagesController#index as HTML
  Rendering layout layouts/application.html.erb
  Rendering static_pages/index.html.orb within layouts/application
  Rendered static_pages/index.html.orb within layouts/application (Duration: 45.2ms | GC: 4.4ms)
  Rendered layout layouts/application.html.erb (Duration: 47.8ms | GC: 4.4ms)
Completed 200 OK in 50ms (Views: 48.9ms | ActiveRecord: 0.0ms (0 queries, 0 cached) | GC: 4.5ms)


Started GET "/.well-known/appspecific/com.chrome.devtools.json" for ::1 at 2025-12-01 15:33:31 +0100
  
ActionController::RoutingError (No route matches [GET] "/.well-known/appspecific/com.chrome.devtools.json"):
  
Started GET "/" for ::1 at 2025-12-01 15:35:09 +0100
Processing by StaticPagesController#index as HTML
  Rendering layout layouts/application.html.erb
  Rendering static_pages/index.html.orb within layouts/application
  Rendered static_pages/index.html.orb within layouts/application (Duration: 45.0ms | GC: 4.7ms)
  Rendered layout layouts/application.html.erb (Duration: 47.0ms | GC: 4.7ms)
Completed 200 OK in 49ms (Views: 48.0ms | ActiveRecord: 0.0ms (0 queries, 0 cached) | GC: 5.0ms)


Started GET "/.well-known/appspecific/com.chrome.devtools.json" for ::1 at 2025-12-01 15:35:10 +0100
  
ActionController::RoutingError (No route matches [GET] "/.well-known/appspecific/com.chrome.devtools.json"):
  
Started GET "/" for ::1 at 2025-12-01 15:36:33 +0100
Processing by StaticPagesController#index as HTML
  Rendering layout layouts/application.html.erb
  Rendering static_pages/index.html.orb within layouts/application
  Rendered static_pages/index.html.orb within layouts/application (Duration: 48.0ms | GC: 4.6ms)
  Rendered layout layouts/application.html.erb (Duration: 49.9ms | GC: 4.6ms)
Completed 200 OK in 52ms (Views: 50.9ms | ActiveRecord: 0.0ms (0 queries, 0 cached) | GC: 4.6ms)


Started GET "/.well-known/appspecific/com.chrome.devtools.json" for ::1 at 2025-12-01 15:36:33 +0100
  
ActionController::RoutingError (No route matches [GET] "/.well-known/appspecific/com.chrome.devtools.json"):
  
Started GET "/" for ::1 at 2025-12-01 15:36:56 +0100
Processing by StaticPagesController#index as HTML
  Rendering layout layouts/application.html.erb
  Rendering static_pages/index.html.orb within layouts/application
  Rendered static_pages/index.html.orb within layouts/application (Duration: 46.3ms | GC: 4.9ms)
  Rendered layout layouts/application.html.erb (Duration: 47.2ms | GC: 4.9ms)
Completed 200 OK in 49ms (Views: 48.1ms | ActiveRecord: 0.0ms (0 queries, 0 cached) | GC: 4.9ms)


Started GET "/.well-known/appspecific/com.chrome.devtools.json" for ::1 at 2025-12-01 15:36:56 +0100
  
ActionController::RoutingError (No route matches [GET] "/.well-known/appspecific/com.chrome.devtools.json"):
  
Started GET "/" for ::1 at 2025-12-01 15:38:57 +0100
Processing by StaticPagesController#index as HTML
  Rendering layout layouts/application.html.erb
  Rendering static_pages/index.html.orb within layouts/application
  Rendered static_pages/index.html.orb within layouts/application (Duration: 50.5ms | GC: 5.5ms)
  Rendered layout layouts/application.html.erb (Duration: 51.4ms | GC: 5.5ms)
Completed 200 OK in 54ms (Views: 52.6ms | ActiveRecord: 0.0ms (0 queries, 0 cached) | GC: 5.5ms)


Started GET "/.well-known/appspecific/com.chrome.devtools.json" for ::1 at 2025-12-01 15:38:57 +0100
  
ActionController::RoutingError (No route matches [GET] "/.well-known/appspecific/com.chrome.devtools.json"):
  
Started GET "/" for ::1 at 2025-12-01 15:39:54 +0100
Processing by StaticPagesController#index as HTML
  Rendering layout layouts/application.html.erb
  Rendering static_pages/index.html.orb within layouts/application
  Rendered static_pages/index.html.orb within layouts/application (Duration: 44.5ms | GC: 5.3ms)
  Rendered layout layouts/application.html.erb (Duration: 46.9ms | GC: 5.3ms)
Completed 200 OK in 49ms (Views: 47.7ms | ActiveRecord: 0.0ms (0 queries, 0 cached) | GC: 5.3ms)


Started GET "/.well-known/appspecific/com.chrome.devtools.json" for ::1 at 2025-12-01 15:39:54 +0100
  
ActionController::RoutingError (No route matches [GET] "/.well-known/appspecific/com.chrome.devtools.json"):
  
Started GET "/" for ::1 at 2025-12-01 15:40:33 +0100
Processing by StaticPagesController#index as HTML
  Rendering layout layouts/application.html.erb
  Rendering static_pages/index.html.orb within layouts/application
  Rendered static_pages/index.html.orb within layouts/application (Duration: 45.5ms | GC: 6.0ms)
  Rendered layout layouts/application.html.erb (Duration: 46.5ms | GC: 6.0ms)
Completed 200 OK in 48ms (Views: 47.2ms | ActiveRecord: 0.0ms (0 queries, 0 cached) | GC: 6.0ms)


Started GET "/.well-known/appspecific/com.chrome.devtools.json" for ::1 at 2025-12-01 15:40:33 +0100
  
ActionController::RoutingError (No route matches [GET] "/.well-known/appspecific/com.chrome.devtools.json"):
  
Started GET "/" for ::1 at 2025-12-01 15:42:22 +0100
Processing by StaticPagesController#index as HTML
  Rendering layout layouts/application.html.erb
  Rendering static_pages/index.html.orb within layouts/application
  Rendered static_pages/index.html.orb within layouts/application (Duration: 48.3ms | GC: 7.5ms)
  Rendered layout layouts/application.html.erb (Duration: 49.4ms | GC: 7.5ms)
Completed 200 OK in 51ms (Views: 50.3ms | ActiveRecord: 0.0ms (0 queries, 0 cached) | GC: 7.5ms)


Started GET "/.well-known/appspecific/com.chrome.devtools.json" for ::1 at 2025-12-01 15:42:22 +0100
  
ActionController::RoutingError (No route matches [GET] "/.well-known/appspecific/com.chrome.devtools.json"):
  
Started GET "/" for ::1 at 2025-12-01 15:42:29 +0100
Processing by StaticPagesController#index as HTML
  Rendering layout layouts/application.html.erb
  Rendering static_pages/index.html.orb within layouts/application
  Rendered static_pages/index.html.orb within layouts/application (Duration: 47.8ms | GC: 7.6ms)
  Rendered layout layouts/application.html.erb (Duration: 48.6ms | GC: 7.6ms)
Completed 200 OK in 50ms (Views: 49.5ms | ActiveRecord: 0.0ms (0 queries, 0 cached) | GC: 7.6ms)


Started GET "/.well-known/appspecific/com.chrome.devtools.json" for ::1 at 2025-12-01 15:42:30 +0100
  
ActionController::RoutingError (No route matches [GET] "/.well-known/appspecific/com.chrome.devtools.json"):
  
Started GET "/" for ::1 at 2025-12-01 15:43:04 +0100
Processing by StaticPagesController#index as HTML
  Rendering layout layouts/application.html.erb
  Rendering static_pages/index.html.orb within layouts/application
  Rendered static_pages/index.html.orb within layouts/application (Duration: 46.0ms | GC: 6.8ms)
  Rendered layout layouts/application.html.erb (Duration: 48.0ms | GC: 6.8ms)
Completed 200 OK in 50ms (Views: 49.0ms | ActiveRecord: 0.0ms (0 queries, 0 cached) | GC: 6.8ms)


Started GET "/.well-known/appspecific/com.chrome.devtools.json" for ::1 at 2025-12-01 15:43:04 +0100
  
ActionController::RoutingError (No route matches [GET] "/.well-known/appspecific/com.chrome.devtools.json"):
  
Started GET "/" for ::1 at 2025-12-01 15:43:27 +0100
Processing by StaticPagesController#index as HTML
  Rendering layout layouts/application.html.erb
  Rendering static_pages/index.html.orb within layouts/application
  Rendered static_pages/index.html.orb within layouts/application (Duration: 34.6ms | GC: 8.2ms)
  Rendered layout layouts/application.html.erb (Duration: 36.5ms | GC: 8.2ms)
Completed 200 OK in 37ms (Views: 36.8ms | ActiveRecord: 0.0ms (0 queries, 0 cached) | GC: 8.2ms)


Started GET "/.well-known/appspecific/com.chrome.devtools.json" for ::1 at 2025-12-01 15:43:27 +0100
  
ActionController::RoutingError (No route matches [GET] "/.well-known/appspecific/com.chrome.devtools.json"):
  
Started GET "/" for ::1 at 2025-12-01 15:43:35 +0100
  [1m[36mActiveRecord::SchemaMigration Load (0.1ms)[0m  [1m[34mSELECT "schema_migrations"."version" FROM "schema_migrations" ORDER BY "schema_migrations"."version" ASC /*application='Demo'*/[0m
Processing by StaticPagesController#index as HTML
  Rendering layout layouts/application.html.erb
  Rendering static_pages/index.html.orb within layouts/application
  Rendered static_pages/index.html.orb within layouts/application (Duration: 69.4ms | GC: 11.0ms)
  Rendered layout layouts/application.html.erb (Duration: 73.5ms | GC: 11.0ms)
Completed 200 OK in 83ms (Views: 75.2ms | ActiveRecord: 0.0ms (0 queries, 0 cached) | GC: 11.0ms)


Started GET "/.well-known/appspecific/com.chrome.devtools.json" for ::1 at 2025-12-01 15:43:35 +0100
  
ActionController::RoutingError (No route matches [GET] "/.well-known/appspecific/com.chrome.devtools.json"):
  
Started GET "/" for ::1 at 2025-12-01 15:44:43 +0100
Processing by StaticPagesController#index as HTML
  Rendering layout layouts/application.html.erb
  Rendering static_pages/index.html.orb within layouts/application
  Rendered static_pages/index.html.orb within layouts/application (Duration: 65.3ms | GC: 20.9ms)
  Rendered layout layouts/application.html.erb (Duration: 66.4ms | GC: 21.1ms)
Completed 200 OK in 69ms (Views: 67.6ms | ActiveRecord: 0.0ms (0 queries, 0 cached) | GC: 21.4ms)


Started GET "/.well-known/appspecific/com.chrome.devtools.json" for ::1 at 2025-12-01 15:44:43 +0100
  
ActionController::RoutingError (No route matches [GET] "/.well-known/appspecific/com.chrome.devtools.json"):
  
Started GET "/" for ::1 at 2025-12-01 15:45:10 +0100
Processing by StaticPagesController#index as HTML
  Rendering layout layouts/application.html.erb
  Rendering static_pages/index.html.orb within layouts/application
  Rendered static_pages/index.html.orb within layouts/application (Duration: 45.9ms | GC: 5.5ms)
  Rendered layout layouts/application.html.erb (Duration: 48.0ms | GC: 5.5ms)
Completed 200 OK in 50ms (Views: 49.1ms | ActiveRecord: 0.0ms (0 queries, 0 cached) | GC: 5.5ms)


Started GET "/.well-known/appspecific/com.chrome.devtools.json" for ::1 at 2025-12-01 15:45:10 +0100
  
ActionController::RoutingError (No route matches [GET] "/.well-known/appspecific/com.chrome.devtools.json"):
  
Started GET "/" for ::1 at 2025-12-01 15:46:50 +0100
Processing by StaticPagesController#index as HTML
  Rendering layout layouts/application.html.erb
  Rendering static_pages/index.html.orb within layouts/application
  Rendered static_pages/index.html.orb within layouts/application (Duration: 43.2ms | GC: 2.9ms)
  Rendered layout layouts/application.html.erb (Duration: 45.4ms | GC: 2.9ms)
Completed 200 OK in 48ms (Views: 46.4ms | ActiveRecord: 0.0ms (0 queries, 0 cached) | GC: 3.8ms)


Started GET "/.well-known/appspecific/com.chrome.devtools.json" for ::1 at 2025-12-01 15:46:50 +0100
  
ActionController::RoutingError (No route matches [GET] "/.well-known/appspecific/com.chrome.devtools.json"):
  
Started GET "/" for ::1 at 2025-12-01 15:47:53 +0100
Processing by StaticPagesController#index as HTML
  Rendering layout layouts/application.html.erb
  Rendering static_pages/index.html.orb within layouts/application
  Rendered static_pages/index.html.orb within layouts/application (Duration: 47.0ms | GC: 2.3ms)
  Rendered layout layouts/application.html.erb (Duration: 49.2ms | GC: 2.3ms)
Completed 200 OK in 54ms (Views: 52.4ms | ActiveRecord: 0.0ms (0 queries, 0 cached) | GC: 2.3ms)


Started GET "/.well-known/appspecific/com.chrome.devtools.json" for ::1 at 2025-12-01 15:47:53 +0100
  
ActionController::RoutingError (No route matches [GET] "/.well-known/appspecific/com.chrome.devtools.json"):
  
Started GET "/" for ::1 at 2025-12-01 15:48:06 +0100
Processing by StaticPagesController#index as HTML
  Rendering layout layouts/application.html.erb
  Rendering static_pages/index.html.orb within layouts/application
  Rendered static_pages/index.html.orb within layouts/application (Duration: 40.0ms | GC: 3.0ms)
  Rendered layout layouts/application.html.erb (Duration: 41.2ms | GC: 3.0ms)
Completed 200 OK in 47ms (Views: 45.9ms | ActiveRecord: 0.0ms (0 queries, 0 cached) | GC: 3.0ms)


Started GET "/.well-known/appspecific/com.chrome.devtools.json" for ::1 at 2025-12-01 15:48:06 +0100
  
ActionController::RoutingError (No route matches [GET] "/.well-known/appspecific/com.chrome.devtools.json"):
  
Started GET "/" for ::1 at 2025-12-01 15:48:45 +0100
Processing by StaticPagesController#index as HTML
  Rendering layout layouts/application.html.erb
  Rendering static_pages/index.html.orb within layouts/application
  Rendered static_pages/index.html.orb within layouts/application (Duration: 33.2ms | GC: 5.7ms)
  Rendered layout layouts/application.html.erb (Duration: 33.8ms | GC: 5.7ms)
Completed 200 OK in 35ms (Views: 34.0ms | ActiveRecord: 0.0ms (0 queries, 0 cached) | GC: 5.7ms)


Started GET "/.well-known/appspecific/com.chrome.devtools.json" for ::1 at 2025-12-01 15:48:46 +0100
  
ActionController::RoutingError (No route matches [GET] "/.well-known/appspecific/com.chrome.devtools.json"):
  
Started GET "/" for ::1 at 2025-12-01 15:50:08 +0100
Processing by StaticPagesController#index as HTML
  Rendering layout layouts/application.html.erb
  Rendering static_pages/index.html.orb within layouts/application
  Rendered static_pages/index.html.orb within layouts/application (Duration: 78.1ms | GC: 4.8ms)
  Rendered layout layouts/application.html.erb (Duration: 79.4ms | GC: 4.8ms)
Completed 200 OK in 82ms (Views: 80.7ms | ActiveRecord: 0.0ms (0 queries, 0 cached) | GC: 4.8ms)


Started GET "/.well-known/appspecific/com.chrome.devtools.json" for ::1 at 2025-12-01 15:50:08 +0100
  
ActionController::RoutingError (No route matches [GET] "/.well-known/appspecific/com.chrome.devtools.json"):
  
Started GET "/" for ::1 at 2025-12-01 15:50:32 +0100
Processing by StaticPagesController#index as HTML
  Rendering layout layouts/application.html.erb
  Rendering static_pages/index.html.orb within layouts/application
  Rendered static_pages/index.html.orb within layouts/application (Duration: 44.1ms | GC: 4.9ms)
  Rendered layout layouts/application.html.erb (Duration: 44.8ms | GC: 4.9ms)
Completed 200 OK in 46ms (Views: 45.5ms | ActiveRecord: 0.0ms (0 queries, 0 cached) | GC: 4.9ms)


Started GET "/.well-known/appspecific/com.chrome.devtools.json" for ::1 at 2025-12-01 15:50:32 +0100
  
ActionController::RoutingError (No route matches [GET] "/.well-known/appspecific/com.chrome.devtools.json"):
  
Started GET "/" for ::1 at 2025-12-01 15:51:48 +0100
Processing by StaticPagesController#index as HTML
  Rendering layout layouts/application.html.erb
  Rendering static_pages/index.html.orb within layouts/application
  Rendered static_pages/index.html.orb within layouts/application (Duration: 42.5ms | GC: 4.3ms)
  Rendered layout layouts/application.html.erb (Duration: 43.4ms | GC: 4.3ms)
Completed 200 OK in 45ms (Views: 44.3ms | ActiveRecord: 0.0ms (0 queries, 0 cached) | GC: 4.3ms)


Started GET "/.well-known/appspecific/com.chrome.devtools.json" for ::1 at 2025-12-01 15:51:48 +0100
  
ActionController::RoutingError (No route matches [GET] "/.well-known/appspecific/com.chrome.devtools.json"):
  
Started GET "/" for ::1 at 2025-12-01 15:52:57 +0100
Processing by StaticPagesController#index as HTML
  Rendering layout layouts/application.html.erb
  Rendering static_pages/index.html.orb within layouts/application
  Rendered static_pages/index.html.orb within layouts/application (Duration: 43.7ms | GC: 3.3ms)
  Rendered layout layouts/application.html.erb (Duration: 46.0ms | GC: 3.3ms)
Completed 200 OK in 47ms (Views: 46.3ms | ActiveRecord: 0.0ms (0 queries, 0 cached) | GC: 3.3ms)


Started GET "/.well-known/appspecific/com.chrome.devtools.json" for ::1 at 2025-12-01 15:52:57 +0100
  
ActionController::RoutingError (No route matches [GET] "/.well-known/appspecific/com.chrome.devtools.json"):
  
Started GET "/" for ::1 at 2025-12-01 15:55:38 +0100
Processing by StaticPagesController#index as HTML
  Rendering layout layouts/application.html.erb
  Rendering static_pages/index.html.orb within layouts/application
  Rendered static_pages/index.html.orb within layouts/application (Duration: 47.9ms | GC: 4.2ms)
  Rendered layout layouts/application.html.erb (Duration: 48.7ms | GC: 4.2ms)
Completed 200 OK in 51ms (Views: 50.0ms | ActiveRecord: 0.0ms (0 queries, 0 cached) | GC: 4.2ms)


Started GET "/.well-known/appspecific/com.chrome.devtools.json" for ::1 at 2025-12-01 15:55:38 +0100
  
ActionController::RoutingError (No route matches [GET] "/.well-known/appspecific/com.chrome.devtools.json"):
  
Started GET "/" for ::1 at 2025-12-01 15:55:54 +0100
Processing by StaticPagesController#index as HTML
  Rendering layout layouts/application.html.erb
  Rendering static_pages/index.html.orb within layouts/application
  Rendered static_pages/index.html.orb within layouts/application (Duration: 73.2ms | GC: 25.4ms)
  Rendered layout layouts/application.html.erb (Duration: 74.1ms | GC: 25.4ms)
Completed 200 OK in 79ms (Views: 77.7ms | ActiveRecord: 0.0ms (0 queries, 0 cached) | GC: 27.5ms)


Started GET "/.well-known/appspecific/com.chrome.devtools.json" for ::1 at 2025-12-01 15:55:54 +0100
  
ActionController::RoutingError (No route matches [GET] "/.well-known/appspecific/com.chrome.devtools.json"):
  
Started GET "/" for ::1 at 2025-12-01 15:56:00 +0100
Processing by StaticPagesController#index as HTML
  Rendering layout layouts/application.html.erb
  Rendering static_pages/index.html.orb within layouts/application
  Rendered static_pages/index.html.orb within layouts/application (Duration: 46.3ms | GC: 6.1ms)
  Rendered layout layouts/application.html.erb (Duration: 47.1ms | GC: 6.1ms)
Completed 200 OK in 49ms (Views: 47.9ms | ActiveRecord: 0.0ms (0 queries, 0 cached) | GC: 6.1ms)


Started GET "/.well-known/appspecific/com.chrome.devtools.json" for ::1 at 2025-12-01 15:56:00 +0100
  
ActionController::RoutingError (No route matches [GET] "/.well-known/appspecific/com.chrome.devtools.json"):
  
Started GET "/" for ::1 at 2025-12-01 15:56:12 +0100
Processing by StaticPagesController#index as HTML
  Rendering layout layouts/application.html.erb
  Rendering static_pages/index.html.orb within layouts/application
  Rendered static_pages/index.html.orb within layouts/application (Duration: 44.6ms | GC: 3.5ms)
  Rendered layout layouts/application.html.erb (Duration: 46.9ms | GC: 3.5ms)
Completed 200 OK in 49ms (Views: 47.6ms | ActiveRecord: 0.0ms (0 queries, 0 cached) | GC: 3.5ms)


Started GET "/.well-known/appspecific/com.chrome.devtools.json" for ::1 at 2025-12-01 15:56:12 +0100
  
ActionController::RoutingError (No route matches [GET] "/.well-known/appspecific/com.chrome.devtools.json"):
  
Started GET "/" for ::1 at 2025-12-01 15:56:27 +0100
Processing by StaticPagesController#index as HTML
  Rendering layout layouts/application.html.erb
  Rendering static_pages/index.html.orb within layouts/application
  Rendered static_pages/index.html.orb within layouts/application (Duration: 43.7ms | GC: 3.9ms)
  Rendered layout layouts/application.html.erb (Duration: 45.3ms | GC: 4.1ms)
Completed 200 OK in 49ms (Views: 47.7ms | ActiveRecord: 0.0ms (0 queries, 0 cached) | GC: 5.8ms)


Started GET "/.well-known/appspecific/com.chrome.devtools.json" for ::1 at 2025-12-01 15:56:27 +0100
  
ActionController::RoutingError (No route matches [GET] "/.well-known/appspecific/com.chrome.devtools.json"):
  
Started GET "/" for ::1 at 2025-12-01 15:57:02 +0100
Processing by StaticPagesController#index as HTML
  Rendering layout layouts/application.html.erb
  Rendering static_pages/index.html.orb within layouts/application
  Rendered static_pages/index.html.orb within layouts/application (Duration: 72.1ms | GC: 26.1ms)
  Rendered layout layouts/application.html.erb (Duration: 74.6ms | GC: 26.3ms)
Completed 200 OK in 77ms (Views: 75.7ms | ActiveRecord: 0.0ms (0 queries, 0 cached) | GC: 26.3ms)


Started GET "/.well-known/appspecific/com.chrome.devtools.json" for ::1 at 2025-12-01 15:57:02 +0100
  
ActionController::RoutingError (No route matches [GET] "/.well-known/appspecific/com.chrome.devtools.json"):
  
Started GET "/" for ::1 at 2025-12-01 15:57:13 +0100
Processing by StaticPagesController#index as HTML
  Rendering layout layouts/application.html.erb
  Rendering static_pages/index.html.orb within layouts/application
  Rendered static_pages/index.html.orb within layouts/application (Duration: 46.8ms | GC: 2.6ms)
  Rendered layout layouts/application.html.erb (Duration: 48.9ms | GC: 2.6ms)
Completed 200 OK in 51ms (Views: 50.1ms | ActiveRecord: 0.0ms (0 queries, 0 cached) | GC: 2.6ms)


Started GET "/.well-known/appspecific/com.chrome.devtools.json" for ::1 at 2025-12-01 15:57:13 +0100
  
ActionController::RoutingError (No route matches [GET] "/.well-known/appspecific/com.chrome.devtools.json"):
  
Started GET "/" for ::1 at 2025-12-01 15:57:19 +0100
Processing by StaticPagesController#index as HTML
  Rendering layout layouts/application.html.erb
  Rendering static_pages/index.html.orb within layouts/application
  Rendered static_pages/index.html.orb within layouts/application (Duration: 46.0ms | GC: 4.1ms)
  Rendered layout layouts/application.html.erb (Duration: 46.8ms | GC: 4.1ms)
Completed 200 OK in 49ms (Views: 48.5ms | ActiveRecord: 0.0ms (0 queries, 0 cached) | GC: 5.0ms)


Started GET "/.well-known/appspecific/com.chrome.devtools.json" for ::1 at 2025-12-01 15:57:19 +0100
  
ActionController::RoutingError (No route matches [GET] "/.well-known/appspecific/com.chrome.devtools.json"):
  
Started GET "/" for ::1 at 2025-12-01 15:57:24 +0100
Processing by StaticPagesController#index as HTML
  Rendering layout layouts/application.html.erb
  Rendering static_pages/index.html.orb within layouts/application
  Rendered static_pages/index.html.orb within layouts/application (Duration: 65.4ms | GC: 24.1ms)
  Rendered layout layouts/application.html.erb (Duration: 67.2ms | GC: 24.1ms)
Completed 200 OK in 70ms (Views: 68.3ms | ActiveRecord: 0.0ms (0 queries, 0 cached) | GC: 24.1ms)


Started GET "/.well-known/appspecific/com.chrome.devtools.json" for ::1 at 2025-12-01 15:57:25 +0100
  
ActionController::RoutingError (No route matches [GET] "/.well-known/appspecific/com.chrome.devtools.json"):
  
Started GET "/" for ::1 at 2025-12-01 15:58:14 +0100
Processing by StaticPagesController#index as HTML
  Rendering layout layouts/application.html.erb
  Rendering static_pages/index.html.orb within layouts/application
  Rendered static_pages/index.html.orb within layouts/application (Duration: 44.5ms | GC: 4.2ms)
  Rendered layout layouts/application.html.erb (Duration: 45.3ms | GC: 4.2ms)
Completed 200 OK in 47ms (Views: 46.0ms | ActiveRecord: 0.0ms (0 queries, 0 cached) | GC: 4.2ms)


Started GET "/.well-known/appspecific/com.chrome.devtools.json" for ::1 at 2025-12-01 15:58:15 +0100
  
ActionController::RoutingError (No route matches [GET] "/.well-known/appspecific/com.chrome.devtools.json"):
  
Started GET "/" for ::1 at 2025-12-01 15:58:43 +0100
Processing by StaticPagesController#index as HTML
  Rendering layout layouts/application.html.erb
  Rendering static_pages/index.html.orb within layouts/application
  Rendered static_pages/index.html.orb within layouts/application (Duration: 67.7ms | GC: 20.8ms)
  Rendered layout layouts/application.html.erb (Duration: 72.3ms | GC: 22.9ms)
Completed 200 OK in 74ms (Views: 73.3ms | ActiveRecord: 0.0ms (0 queries, 0 cached) | GC: 22.9ms)


Started GET "/.well-known/appspecific/com.chrome.devtools.json" for ::1 at 2025-12-01 15:58:43 +0100
  
ActionController::RoutingError (No route matches [GET] "/.well-known/appspecific/com.chrome.devtools.json"):
  
Started GET "/" for ::1 at 2025-12-01 15:58:48 +0100
Processing by StaticPagesController#index as HTML
  Rendering layout layouts/application.html.erb
  Rendering static_pages/index.html.orb within layouts/application
  Rendered static_pages/index.html.orb within layouts/application (Duration: 42.9ms | GC: 4.0ms)
  Rendered layout layouts/application.html.erb (Duration: 43.8ms | GC: 4.0ms)
Completed 200 OK in 46ms (Views: 44.7ms | ActiveRecord: 0.0ms (0 queries, 0 cached) | GC: 4.0ms)


Started GET "/.well-known/appspecific/com.chrome.devtools.json" for ::1 at 2025-12-01 15:58:48 +0100
  
ActionController::RoutingError (No route matches [GET] "/.well-known/appspecific/com.chrome.devtools.json"):
  
Started GET "/" for ::1 at 2025-12-01 15:58:53 +0100
Processing by StaticPagesController#index as HTML
  Rendering layout layouts/application.html.erb
  Rendering static_pages/index.html.orb within layouts/application
  Rendered static_pages/index.html.orb within layouts/application (Duration: 65.3ms | GC: 24.5ms)
  Rendered layout layouts/application.html.erb (Duration: 67.0ms | GC: 24.5ms)
Completed 200 OK in 69ms (Views: 67.8ms | ActiveRecord: 0.0ms (0 queries, 0 cached) | GC: 24.5ms)


Started GET "/.well-known/appspecific/com.chrome.devtools.json" for ::1 at 2025-12-01 15:58:53 +0100
  
ActionController::RoutingError (No route matches [GET] "/.well-known/appspecific/com.chrome.devtools.json"):
  
Started GET "/" for ::1 at 2025-12-01 15:58:55 +0100
Processing by StaticPagesController#index as HTML
  Rendering layout layouts/application.html.erb
  Rendering static_pages/index.html.orb within layouts/application
  Rendered static_pages/index.html.orb within layouts/application (Duration: 42.7ms | GC: 3.4ms)
  Rendered layout layouts/application.html.erb (Duration: 44.4ms | GC: 3.6ms)
Completed 200 OK in 46ms (Views: 45.3ms | ActiveRecord: 0.0ms (0 queries, 0 cached) | GC: 3.6ms)


Started GET "/.well-known/appspecific/com.chrome.devtools.json" for ::1 at 2025-12-01 15:58:55 +0100
  
ActionController::RoutingError (No route matches [GET] "/.well-known/appspecific/com.chrome.devtools.json"):
  
Started GET "/" for ::1 at 2025-12-01 15:59:14 +0100
Processing by StaticPagesController#index as HTML
  Rendering layout layouts/application.html.erb
  Rendering static_pages/index.html.orb within layouts/application
  Rendered static_pages/index.html.orb within layouts/application (Duration: 47.8ms | GC: 3.4ms)
  Rendered layout layouts/application.html.erb (Duration: 50.0ms | GC: 3.5ms)
Completed 200 OK in 52ms (Views: 51.1ms | ActiveRecord: 0.0ms (0 queries, 0 cached) | GC: 3.5ms)


Started GET "/.well-known/appspecific/com.chrome.devtools.json" for ::1 at 2025-12-01 15:59:14 +0100
  
ActionController::RoutingError (No route matches [GET] "/.well-known/appspecific/com.chrome.devtools.json"):
  
Started GET "/" for ::1 at 2025-12-01 16:00:03 +0100
Processing by StaticPagesController#index as HTML
  Rendering layout layouts/application.html.erb
  Rendering static_pages/index.html.orb within layouts/application
  Rendered static_pages/index.html.orb within layouts/application (Duration: 48.2ms | GC: 4.8ms)
  Rendered layout layouts/application.html.erb (Duration: 49.1ms | GC: 4.8ms)
Completed 200 OK in 51ms (Views: 49.9ms | ActiveRecord: 0.0ms (0 queries, 0 cached) | GC: 4.8ms)


Started GET "/.well-known/appspecific/com.chrome.devtools.json" for ::1 at 2025-12-01 16:00:04 +0100
  
ActionController::RoutingError (No route matches [GET] "/.well-known/appspecific/com.chrome.devtools.json"):
  
Started GET "/" for ::1 at 2025-12-01 16:00:22 +0100
Processing by StaticPagesController#index as HTML
  Rendering layout layouts/application.html.erb
  Rendering static_pages/index.html.orb within layouts/application
  Rendered static_pages/index.html.orb within layouts/application (Duration: 48.0ms | GC: 4.2ms)
  Rendered layout layouts/application.html.erb (Duration: 49.3ms | GC: 4.6ms)
Completed 200 OK in 52ms (Views: 50.2ms | ActiveRecord: 0.0ms (0 queries, 0 cached) | GC: 5.1ms)


Started GET "/.well-known/appspecific/com.chrome.devtools.json" for ::1 at 2025-12-01 16:00:22 +0100
  
ActionController::RoutingError (No route matches [GET] "/.well-known/appspecific/com.chrome.devtools.json"):
  
Started GET "/" for ::1 at 2025-12-01 16:00:38 +0100
Processing by StaticPagesController#index as HTML
  Rendering layout layouts/application.html.erb
  Rendering static_pages/index.html.orb within layouts/application
  Rendered static_pages/index.html.orb within layouts/application (Duration: 44.0ms | GC: 3.8ms)
  Rendered layout layouts/application.html.erb (Duration: 46.2ms | GC: 3.8ms)
Completed 200 OK in 48ms (Views: 46.9ms | ActiveRecord: 0.0ms (0 queries, 0 cached) | GC: 3.8ms)


Started GET "/.well-known/appspecific/com.chrome.devtools.json" for ::1 at 2025-12-01 16:00:38 +0100
  
ActionController::RoutingError (No route matches [GET] "/.well-known/appspecific/com.chrome.devtools.json"):
  
Started GET "/" for ::1 at 2025-12-01 16:00:52 +0100
Processing by StaticPagesController#index as HTML
  Rendering layout layouts/application.html.erb
  Rendering static_pages/index.html.orb within layouts/application
  Rendered static_pages/index.html.orb within layouts/application (Duration: 41.7ms | GC: 4.0ms)
  Rendered layout layouts/application.html.erb (Duration: 43.4ms | GC: 4.0ms)
Completed 200 OK in 45ms (Views: 44.4ms | ActiveRecord: 0.0ms (0 queries, 0 cached) | GC: 4.0ms)


Started GET "/.well-known/appspecific/com.chrome.devtools.json" for ::1 at 2025-12-01 16:00:52 +0100
  
ActionController::RoutingError (No route matches [GET] "/.well-known/appspecific/com.chrome.devtools.json"):
  
Started GET "/" for ::1 at 2025-12-01 16:00:59 +0100
Processing by StaticPagesController#index as HTML
  Rendering layout layouts/application.html.erb
  Rendering static_pages/index.html.orb within layouts/application
  Rendered static_pages/index.html.orb within layouts/application (Duration: 40.6ms | GC: 1.8ms)
  Rendered layout layouts/application.html.erb (Duration: 42.0ms | GC: 1.8ms)
Completed 200 OK in 44ms (Views: 42.8ms | ActiveRecord: 0.0ms (0 queries, 0 cached) | GC: 1.8ms)


Started GET "/.well-known/appspecific/com.chrome.devtools.json" for ::1 at 2025-12-01 16:00:59 +0100
  
ActionController::RoutingError (No route matches [GET] "/.well-known/appspecific/com.chrome.devtools.json"):
  
Started GET "/" for ::1 at 2025-12-01 16:01:04 +0100
Processing by StaticPagesController#index as HTML
  Rendering layout layouts/application.html.erb
  Rendering static_pages/index.html.orb within layouts/application
  Rendered static_pages/index.html.orb within layouts/application (Duration: 43.0ms | GC: 4.2ms)
  Rendered layout layouts/application.html.erb (Duration: 44.7ms | GC: 4.3ms)
Completed 200 OK in 47ms (Views: 45.6ms | ActiveRecord: 0.0ms (0 queries, 0 cached) | GC: 4.3ms)


Started GET "/.well-known/appspecific/com.chrome.devtools.json" for ::1 at 2025-12-01 16:01:05 +0100
  
ActionController::RoutingError (No route matches [GET] "/.well-known/appspecific/com.chrome.devtools.json"):
  
Started GET "/" for ::1 at 2025-12-01 16:01:32 +0100
Processing by StaticPagesController#index as HTML
  Rendering layout layouts/application.html.erb
  Rendering static_pages/index.html.orb within layouts/application
  Rendered static_pages/index.html.orb within layouts/application (Duration: 47.9ms | GC: 4.5ms)
  Rendered layout layouts/application.html.erb (Duration: 48.9ms | GC: 4.5ms)
Completed 200 OK in 51ms (Views: 49.9ms | ActiveRecord: 0.0ms (0 queries, 0 cached) | GC: 4.5ms)


Started GET "/.well-known/appspecific/com.chrome.devtools.json" for ::1 at 2025-12-01 16:01:32 +0100
  
ActionController::RoutingError (No route matches [GET] "/.well-known/appspecific/com.chrome.devtools.json"):
  
Started GET "/" for ::1 at 2025-12-01 16:01:37 +0100
Processing by StaticPagesController#index as HTML
  Rendering layout layouts/application.html.erb
  Rendering static_pages/index.html.orb within layouts/application
  Rendered static_pages/index.html.orb within layouts/application (Duration: 43.4ms | GC: 5.3ms)
  Rendered layout layouts/application.html.erb (Duration: 44.2ms | GC: 5.3ms)
Completed 200 OK in 46ms (Views: 44.9ms | ActiveRecord: 0.0ms (0 queries, 0 cached) | GC: 5.3ms)


Started GET "/.well-known/appspecific/com.chrome.devtools.json" for ::1 at 2025-12-01 16:01:37 +0100
  
ActionController::RoutingError (No route matches [GET] "/.well-known/appspecific/com.chrome.devtools.json"):
  
Started GET "/" for ::1 at 2025-12-01 16:01:54 +0100
Processing by StaticPagesController#index as HTML
  Rendering layout layouts/application.html.erb
  Rendering static_pages/index.html.orb within layouts/application
  Rendered static_pages/index.html.orb within layouts/application (Duration: 49.1ms | GC: 3.9ms)
  Rendered layout layouts/application.html.erb (Duration: 50.1ms | GC: 3.9ms)
Completed 200 OK in 52ms (Views: 50.8ms | ActiveRecord: 0.0ms (0 queries, 0 cached) | GC: 3.9ms)


Started GET "/.well-known/appspecific/com.chrome.devtools.json" for ::1 at 2025-12-01 16:01:55 +0100
  
ActionController::RoutingError (No route matches [GET] "/.well-known/appspecific/com.chrome.devtools.json"):
  
Started GET "/" for ::1 at 2025-12-01 16:02:17 +0100
Processing by StaticPagesController#index as HTML
  Rendering layout layouts/application.html.erb
  Rendering static_pages/index.html.orb within layouts/application
  Rendered static_pages/index.html.orb within layouts/application (Duration: 47.9ms | GC: 4.8ms)
  Rendered layout layouts/application.html.erb (Duration: 48.7ms | GC: 4.8ms)
Completed 200 OK in 50ms (Views: 49.4ms | ActiveRecord: 0.0ms (0 queries, 0 cached) | GC: 4.8ms)


Started GET "/.well-known/appspecific/com.chrome.devtools.json" for ::1 at 2025-12-01 16:02:17 +0100
  
ActionController::RoutingError (No route matches [GET] "/.well-known/appspecific/com.chrome.devtools.json"):
  
Started GET "/" for ::1 at 2025-12-01 16:02:35 +0100
Processing by StaticPagesController#index as HTML
  Rendering layout layouts/application.html.erb
  Rendering static_pages/index.html.orb within layouts/application
  Rendered static_pages/index.html.orb within layouts/application (Duration: 47.2ms | GC: 4.8ms)
  Rendered layout layouts/application.html.erb (Duration: 48.1ms | GC: 4.8ms)
Completed 200 OK in 50ms (Views: 49.1ms | ActiveRecord: 0.0ms (0 queries, 0 cached) | GC: 4.8ms)


Started GET "/.well-known/appspecific/com.chrome.devtools.json" for ::1 at 2025-12-01 16:02:36 +0100
  
ActionController::RoutingError (No route matches [GET] "/.well-known/appspecific/com.chrome.devtools.json"):
  
Started GET "/" for ::1 at 2025-12-01 16:02:39 +0100
Processing by StaticPagesController#index as HTML
  Rendering layout layouts/application.html.erb
  Rendering static_pages/index.html.orb within layouts/application
  Rendered static_pages/index.html.orb within layouts/application (Duration: 29.5ms | GC: 4.0ms)
  Rendered layout layouts/application.html.erb (Duration: 30.0ms | GC: 4.0ms)
Completed 200 OK in 31ms (Views: 30.3ms | ActiveRecord: 0.0ms (0 queries, 0 cached) | GC: 4.0ms)


Started GET "/.well-known/appspecific/com.chrome.devtools.json" for ::1 at 2025-12-01 16:02:39 +0100
  
ActionController::RoutingError (No route matches [GET] "/.well-known/appspecific/com.chrome.devtools.json"):
  
Started GET "/" for ::1 at 2025-12-01 16:03:02 +0100
Processing by StaticPagesController#index as HTML
  Rendering layout layouts/application.html.erb
  Rendering static_pages/index.html.orb within layouts/application
  Rendered static_pages/index.html.orb within layouts/application (Duration: 44.8ms | GC: 3.3ms)
  Rendered layout layouts/application.html.erb (Duration: 45.8ms | GC: 3.3ms)
Completed 200 OK in 49ms (Views: 48.1ms | ActiveRecord: 0.0ms (0 queries, 0 cached) | GC: 4.6ms)


Started GET "/.well-known/appspecific/com.chrome.devtools.json" for ::1 at 2025-12-01 16:03:02 +0100
  
ActionController::RoutingError (No route matches [GET] "/.well-known/appspecific/com.chrome.devtools.json"):
  
Started GET "/" for ::1 at 2025-12-01 16:03:29 +0100
Processing by StaticPagesController#index as HTML
  Rendering layout layouts/application.html.erb
  Rendering static_pages/index.html.orb within layouts/application
  Rendered static_pages/index.html.orb within layouts/application (Duration: 43.2ms | GC: 4.4ms)
  Rendered layout layouts/application.html.erb (Duration: 44.0ms | GC: 4.4ms)
Completed 200 OK in 46ms (Views: 44.7ms | ActiveRecord: 0.0ms (0 queries, 0 cached) | GC: 4.4ms)


Started GET "/.well-known/appspecific/com.chrome.devtools.json" for ::1 at 2025-12-01 16:03:29 +0100
  
ActionController::RoutingError (No route matches [GET] "/.well-known/appspecific/com.chrome.devtools.json"):
  
Started GET "/" for ::1 at 2025-12-01 16:04:47 +0100
Processing by StaticPagesController#index as HTML
  Rendering layout layouts/application.html.erb
  Rendering static_pages/index.html.orb within layouts/application
  Rendered static_pages/index.html.orb within layouts/application (Duration: 46.1ms | GC: 4.0ms)
  Rendered layout layouts/application.html.erb (Duration: 46.9ms | GC: 4.0ms)
Completed 200 OK in 49ms (Views: 48.2ms | ActiveRecord: 0.0ms (0 queries, 0 cached) | GC: 4.0ms)


Started GET "/.well-known/appspecific/com.chrome.devtools.json" for ::1 at 2025-12-01 16:04:47 +0100
  
ActionController::RoutingError (No route matches [GET] "/.well-known/appspecific/com.chrome.devtools.json"):
  
Started GET "/" for ::1 at 2025-12-01 16:04:54 +0100
Processing by StaticPagesController#index as HTML
  Rendering layout layouts/application.html.erb
  Rendering static_pages/index.html.orb within layouts/application
  Rendered static_pages/index.html.orb within layouts/application (Duration: 44.7ms | GC: 3.8ms)
  Rendered layout layouts/application.html.erb (Duration: 45.5ms | GC: 3.8ms)
Completed 200 OK in 47ms (Views: 46.2ms | ActiveRecord: 0.0ms (0 queries, 0 cached) | GC: 3.8ms)


Started GET "/.well-known/appspecific/com.chrome.devtools.json" for ::1 at 2025-12-01 16:04:55 +0100
  
ActionController::RoutingError (No route matches [GET] "/.well-known/appspecific/com.chrome.devtools.json"):
  
Started GET "/" for ::1 at 2025-12-01 16:04:57 +0100
Processing by StaticPagesController#index as HTML
  Rendering layout layouts/application.html.erb
  Rendering static_pages/index.html.orb within layouts/application
  Rendered static_pages/index.html.orb within layouts/application (Duration: 61.6ms | GC: 22.4ms)
  Rendered layout layouts/application.html.erb (Duration: 63.9ms | GC: 22.4ms)
Completed 200 OK in 66ms (Views: 64.9ms | ActiveRecord: 0.0ms (0 queries, 0 cached) | GC: 22.4ms)


Started GET "/.well-known/appspecific/com.chrome.devtools.json" for ::1 at 2025-12-01 16:04:57 +0100
  
ActionController::RoutingError (No route matches [GET] "/.well-known/appspecific/com.chrome.devtools.json"):
  
Started GET "/" for ::1 at 2025-12-01 16:05:32 +0100
Processing by StaticPagesController#index as HTML
  Rendering layout layouts/application.html.erb
  Rendering static_pages/index.html.orb within layouts/application
  Rendered static_pages/index.html.orb within layouts/application (Duration: 141.4ms | GC: 4.5ms)
  Rendered layout layouts/application.html.erb (Duration: 146.7ms | GC: 4.5ms)
Completed 200 OK in 160ms (Views: 158.3ms | ActiveRecord: 0.0ms (0 queries, 0 cached) | GC: 4.5ms)


Started GET "/.well-known/appspecific/com.chrome.devtools.json" for ::1 at 2025-12-01 16:05:33 +0100
  
ActionController::RoutingError (No route matches [GET] "/.well-known/appspecific/com.chrome.devtools.json"):
  
Started GET "/" for ::1 at 2025-12-01 16:05:44 +0100
Processing by StaticPagesController#index as HTML
  Rendering layout layouts/application.html.erb
  Rendering static_pages/index.html.orb within layouts/application
  Rendered static_pages/index.html.orb within layouts/application (Duration: 41.8ms | GC: 3.7ms)
  Rendered layout layouts/application.html.erb (Duration: 42.6ms | GC: 3.7ms)
Completed 200 OK in 45ms (Views: 43.3ms | ActiveRecord: 0.0ms (0 queries, 0 cached) | GC: 4.4ms)


Started GET "/.well-known/appspecific/com.chrome.devtools.json" for ::1 at 2025-12-01 16:05:44 +0100
  
ActionController::RoutingError (No route matches [GET] "/.well-known/appspecific/com.chrome.devtools.json"):
  
Started GET "/" for ::1 at 2025-12-01 16:05:58 +0100
Processing by StaticPagesController#index as HTML
  Rendering layout layouts/application.html.erb
  Rendering static_pages/index.html.orb within layouts/application
  Rendered static_pages/index.html.orb within layouts/application (Duration: 43.7ms | GC: 4.4ms)
  Rendered layout layouts/application.html.erb (Duration: 45.2ms | GC: 4.4ms)
Completed 200 OK in 47ms (Views: 45.9ms | ActiveRecord: 0.0ms (0 queries, 0 cached) | GC: 4.4ms)


Started GET "/.well-known/appspecific/com.chrome.devtools.json" for ::1 at 2025-12-01 16:05:58 +0100
  
ActionController::RoutingError (No route matches [GET] "/.well-known/appspecific/com.chrome.devtools.json"):
  
Started GET "/" for ::1 at 2025-12-01 16:06:18 +0100
Processing by StaticPagesController#index as HTML
  Rendering layout layouts/application.html.erb
  Rendering static_pages/index.html.orb within layouts/application
  Rendered static_pages/index.html.orb within layouts/application (Duration: 51.5ms | GC: 4.8ms)
  Rendered layout layouts/application.html.erb (Duration: 53.6ms | GC: 4.8ms)
Completed 200 OK in 56ms (Views: 54.6ms | ActiveRecord: 0.0ms (0 queries, 0 cached) | GC: 4.8ms)


Started GET "/.well-known/appspecific/com.chrome.devtools.json" for ::1 at 2025-12-01 16:06:18 +0100
  
ActionController::RoutingError (No route matches [GET] "/.well-known/appspecific/com.chrome.devtools.json"):
  
Started GET "/" for ::1 at 2025-12-01 16:07:09 +0100
Processing by StaticPagesController#index as HTML
  Rendering layout layouts/application.html.erb
  Rendering static_pages/index.html.orb within layouts/application
  Rendered static_pages/index.html.orb within layouts/application (Duration: 43.6ms | GC: 4.2ms)
  Rendered layout layouts/application.html.erb (Duration: 45.1ms | GC: 4.2ms)
Completed 200 OK in 47ms (Views: 46.2ms | ActiveRecord: 0.0ms (0 queries, 0 cached) | GC: 4.2ms)


Started GET "/.well-known/appspecific/com.chrome.devtools.json" for ::1 at 2025-12-01 16:07:09 +0100
  
ActionController::RoutingError (No route matches [GET] "/.well-known/appspecific/com.chrome.devtools.json"):
  
Started GET "/" for ::1 at 2025-12-01 16:07:28 +0100
Processing by StaticPagesController#index as HTML
  Rendering layout layouts/application.html.erb
  Rendering static_pages/index.html.orb within layouts/application
  Rendered static_pages/index.html.orb within layouts/application (Duration: 42.2ms | GC: 4.4ms)
  Rendered layout layouts/application.html.erb (Duration: 43.5ms | GC: 4.6ms)
Completed 200 OK in 45ms (Views: 44.3ms | ActiveRecord: 0.0ms (0 queries, 0 cached) | GC: 4.6ms)


Started GET "/.well-known/appspecific/com.chrome.devtools.json" for ::1 at 2025-12-01 16:07:28 +0100
  
ActionController::RoutingError (No route matches [GET] "/.well-known/appspecific/com.chrome.devtools.json"):
  
Started GET "/" for ::1 at 2025-12-01 16:07:52 +0100
Processing by StaticPagesController#index as HTML
  Rendering layout layouts/application.html.erb
  Rendering static_pages/index.html.orb within layouts/application
  Rendered static_pages/index.html.orb within layouts/application (Duration: 67.3ms | GC: 25.8ms)
  Rendered layout layouts/application.html.erb (Duration: 69.3ms | GC: 25.8ms)
Completed 200 OK in 71ms (Views: 70.0ms | ActiveRecord: 0.0ms (0 queries, 0 cached) | GC: 25.8ms)


Started GET "/.well-known/appspecific/com.chrome.devtools.json" for ::1 at 2025-12-01 16:07:52 +0100
  
ActionController::RoutingError (No route matches [GET] "/.well-known/appspecific/com.chrome.devtools.json"):
  
Started GET "/" for ::1 at 2025-12-01 16:08:02 +0100
Processing by StaticPagesController#index as HTML
  Rendering layout layouts/application.html.erb
  Rendering static_pages/index.html.orb within layouts/application
  Rendered static_pages/index.html.orb within layouts/application (Duration: 46.9ms | GC: 5.5ms)
  Rendered layout layouts/application.html.erb (Duration: 47.9ms | GC: 5.5ms)
Completed 200 OK in 50ms (Views: 48.7ms | ActiveRecord: 0.0ms (0 queries, 0 cached) | GC: 5.5ms)


Started GET "/.well-known/appspecific/com.chrome.devtools.json" for ::1 at 2025-12-01 16:08:02 +0100
  
ActionController::RoutingError (No route matches [GET] "/.well-known/appspecific/com.chrome.devtools.json"):
  
Started GET "/" for ::1 at 2025-12-01 16:08:05 +0100
Processing by StaticPagesController#index as HTML
  Rendering layout layouts/application.html.erb
  Rendering static_pages/index.html.orb within layouts/application
  Rendered static_pages/index.html.orb within layouts/application (Duration: 45.6ms | GC: 4.6ms)
  Rendered layout layouts/application.html.erb (Duration: 47.8ms | GC: 4.6ms)
Completed 200 OK in 50ms (Views: 48.7ms | ActiveRecord: 0.0ms (0 queries, 0 cached) | GC: 4.8ms)


Started GET "/.well-known/appspecific/com.chrome.devtools.json" for ::1 at 2025-12-01 16:08:05 +0100
  
ActionController::RoutingError (No route matches [GET] "/.well-known/appspecific/com.chrome.devtools.json"):
  
Started GET "/" for ::1 at 2025-12-01 16:08:43 +0100
Processing by StaticPagesController#index as HTML
  Rendering layout layouts/application.html.erb
  Rendering static_pages/index.html.orb within layouts/application
  Rendered static_pages/index.html.orb within layouts/application (Duration: 49.0ms | GC: 4.4ms)
  Rendered layout layouts/application.html.erb (Duration: 50.1ms | GC: 4.4ms)
Completed 200 OK in 52ms (Views: 51.2ms | ActiveRecord: 0.0ms (0 queries, 0 cached) | GC: 4.4ms)


Started GET "/.well-known/appspecific/com.chrome.devtools.json" for ::1 at 2025-12-01 16:08:43 +0100
  
ActionController::RoutingError (No route matches [GET] "/.well-known/appspecific/com.chrome.devtools.json"):
  
Started GET "/" for ::1 at 2025-12-01 16:08:52 +0100
Processing by StaticPagesController#index as HTML
  Rendering layout layouts/application.html.erb
  Rendering static_pages/index.html.orb within layouts/application
  Rendered static_pages/index.html.orb within layouts/application (Duration: 48.4ms | GC: 4.9ms)
  Rendered layout layouts/application.html.erb (Duration: 49.3ms | GC: 5.0ms)
Completed 200 OK in 51ms (Views: 50.0ms | ActiveRecord: 0.0ms (0 queries, 0 cached) | GC: 5.0ms)


Started GET "/.well-known/appspecific/com.chrome.devtools.json" for ::1 at 2025-12-01 16:08:53 +0100
  
ActionController::RoutingError (No route matches [GET] "/.well-known/appspecific/com.chrome.devtools.json"):
  
Started GET "/" for ::1 at 2025-12-01 16:09:03 +0100
Processing by StaticPagesController#index as HTML
  Rendering layout layouts/application.html.erb
  Rendering static_pages/index.html.orb within layouts/application
  Rendered static_pages/index.html.orb within layouts/application (Duration: 45.2ms | GC: 4.7ms)
  Rendered layout layouts/application.html.erb (Duration: 46.0ms | GC: 4.7ms)
Completed 200 OK in 48ms (Views: 47.1ms | ActiveRecord: 0.0ms (0 queries, 0 cached) | GC: 4.7ms)


Started GET "/.well-known/appspecific/com.chrome.devtools.json" for ::1 at 2025-12-01 16:09:04 +0100
  
ActionController::RoutingError (No route matches [GET] "/.well-known/appspecific/com.chrome.devtools.json"):
  
Started GET "/components" for ::1 at 2025-12-01 16:09:22 +0100
Processing by StaticPagesController#components as HTML
  Rendering layout layouts/application.html.erb
  Rendering static_pages/components.html.orb within layouts/application
  Rendered static_pages/components.html.orb within layouts/application (Duration: 0.9ms | GC: 0.2ms)
  Rendered layout layouts/application.html.erb (Duration: 1.5ms | GC: 0.2ms)
Completed 200 OK in 2ms (Views: 1.8ms | ActiveRecord: 0.0ms (0 queries, 0 cached) | GC: 0.2ms)


Started GET "/" for ::1 at 2025-12-01 16:09:33 +0100
Processing by StaticPagesController#index as HTML
  Rendering layout layouts/application.html.erb
  Rendering static_pages/index.html.orb within layouts/application
  Rendered static_pages/index.html.orb within layouts/application (Duration: 47.9ms | GC: 4.0ms)
  Rendered layout layouts/application.html.erb (Duration: 48.8ms | GC: 4.0ms)
Completed 200 OK in 51ms (Views: 49.7ms | ActiveRecord: 0.0ms (0 queries, 0 cached) | GC: 4.0ms)


Started GET "/.well-known/appspecific/com.chrome.devtools.json" for ::1 at 2025-12-01 16:09:33 +0100
  
ActionController::RoutingError (No route matches [GET] "/.well-known/appspecific/com.chrome.devtools.json"):
  
Started GET "/" for ::1 at 2025-12-01 16:09:42 +0100
Processing by StaticPagesController#index as HTML
  Rendering layout layouts/application.html.erb
  Rendering static_pages/index.html.orb within layouts/application
  Rendered static_pages/index.html.orb within layouts/application (Duration: 44.8ms | GC: 4.5ms)
  Rendered layout layouts/application.html.erb (Duration: 45.7ms | GC: 4.5ms)
Completed 200 OK in 47ms (Views: 46.4ms | ActiveRecord: 0.0ms (0 queries, 0 cached) | GC: 4.5ms)


Started GET "/.well-known/appspecific/com.chrome.devtools.json" for ::1 at 2025-12-01 16:09:42 +0100
  
ActionController::RoutingError (No route matches [GET] "/.well-known/appspecific/com.chrome.devtools.json"):
  
Started GET "/" for ::1 at 2025-12-01 16:09:47 +0100
Processing by StaticPagesController#index as HTML
  Rendering layout layouts/application.html.erb
  Rendering static_pages/index.html.orb within layouts/application
  Rendered static_pages/index.html.orb within layouts/application (Duration: 42.6ms | GC: 4.2ms)
  Rendered layout layouts/application.html.erb (Duration: 43.6ms | GC: 4.2ms)
Completed 200 OK in 45ms (Views: 44.4ms | ActiveRecord: 0.0ms (0 queries, 0 cached) | GC: 4.2ms)


Started GET "/.well-known/appspecific/com.chrome.devtools.json" for ::1 at 2025-12-01 16:09:48 +0100
  
ActionController::RoutingError (No route matches [GET] "/.well-known/appspecific/com.chrome.devtools.json"):
  
Started GET "/components" for ::1 at 2025-12-01 16:09:48 +0100
Processing by StaticPagesController#components as HTML
  Rendering layout layouts/application.html.erb
  Rendering static_pages/components.html.orb within layouts/application
  Rendered static_pages/components.html.orb within layouts/application (Duration: 0.6ms | GC: 0.0ms)
  Rendered layout layouts/application.html.erb (Duration: 1.5ms | GC: 0.3ms)
Completed 200 OK in 2ms (Views: 1.7ms | ActiveRecord: 0.0ms (0 queries, 0 cached) | GC: 0.3ms)


Started GET "/quickstart" for ::1 at 2025-12-01 16:09:50 +0100
  
ActionController::RoutingError (No route matches [GET] "/quickstart"):
  
Started GET "/components" for ::1 at 2025-12-01 16:09:52 +0100
Processing by StaticPagesController#components as HTML
  Rendering layout layouts/application.html.erb
  Rendering static_pages/components.html.orb within layouts/application
  Rendered static_pages/components.html.orb within layouts/application (Duration: 0.0ms | GC: 0.0ms)
  Rendered layout layouts/application.html.erb (Duration: 0.8ms | GC: 0.0ms)
Completed 200 OK in 2ms (Views: 1.1ms | ActiveRecord: 0.0ms (0 queries, 0 cached) | GC: 0.0ms)


Started GET "/" for ::1 at 2025-12-01 16:10:10 +0100
Processing by StaticPagesController#index as HTML
  Rendering layout layouts/application.html.erb
  Rendering static_pages/index.html.orb within layouts/application
  Rendered static_pages/index.html.orb within layouts/application (Duration: 71.6ms | GC: 24.7ms)
  Rendered layout layouts/application.html.erb (Duration: 73.7ms | GC: 24.7ms)
Completed 200 OK in 76ms (Views: 74.8ms | ActiveRecord: 0.0ms (0 queries, 0 cached) | GC: 24.7ms)


Started GET "/.well-known/appspecific/com.chrome.devtools.json" for ::1 at 2025-12-01 16:10:10 +0100
  
ActionController::RoutingError (No route matches [GET] "/.well-known/appspecific/com.chrome.devtools.json"):
  
Started GET "/components" for ::1 at 2025-12-01 16:10:14 +0100
Processing by StaticPagesController#components as HTML
  Rendering layout layouts/application.html.erb
  Rendering static_pages/components.html.orb within layouts/application
  Rendered static_pages/components.html.orb within layouts/application (Duration: 0.6ms | GC: 0.0ms)
  Rendered layout layouts/application.html.erb (Duration: 1.3ms | GC: 0.0ms)
Completed 200 OK in 2ms (Views: 1.6ms | ActiveRecord: 0.0ms (0 queries, 0 cached) | GC: 0.0ms)


Started GET "/" for ::1 at 2025-12-01 16:10:28 +0100
Processing by StaticPagesController#index as HTML
  Rendering layout layouts/application.html.erb
  Rendering static_pages/index.html.orb within layouts/application
  Rendered static_pages/index.html.orb within layouts/application (Duration: 54.1ms | GC: 6.6ms)
  Rendered layout layouts/application.html.erb (Duration: 55.1ms | GC: 6.6ms)
Completed 200 OK in 58ms (Views: 56.3ms | ActiveRecord: 0.0ms (0 queries, 0 cached) | GC: 6.6ms)


Started GET "/.well-known/appspecific/com.chrome.devtools.json" for ::1 at 2025-12-01 16:10:28 +0100
  
ActionController::RoutingError (No route matches [GET] "/.well-known/appspecific/com.chrome.devtools.json"):
  
Started GET "/" for ::1 at 2025-12-01 16:10:39 +0100
Processing by StaticPagesController#index as HTML
  Rendering layout layouts/application.html.erb
  Rendering static_pages/index.html.orb within layouts/application
  Rendered static_pages/index.html.orb within layouts/application (Duration: 44.9ms | GC: 3.8ms)
  Rendered layout layouts/application.html.erb (Duration: 45.8ms | GC: 3.8ms)
Completed 200 OK in 48ms (Views: 46.8ms | ActiveRecord: 0.0ms (0 queries, 0 cached) | GC: 4.2ms)


Started GET "/.well-known/appspecific/com.chrome.devtools.json" for ::1 at 2025-12-01 16:10:39 +0100
  
ActionController::RoutingError (No route matches [GET] "/.well-known/appspecific/com.chrome.devtools.json"):
  
Started GET "/" for ::1 at 2025-12-01 16:11:09 +0100
Processing by StaticPagesController#index as HTML
  Rendering layout layouts/application.html.erb
  Rendering static_pages/index.html.orb within layouts/application
  Rendered static_pages/index.html.orb within layouts/application (Duration: 49.4ms | GC: 4.3ms)
  Rendered layout layouts/application.html.erb (Duration: 51.5ms | GC: 4.3ms)
Completed 200 OK in 54ms (Views: 52.6ms | ActiveRecord: 0.0ms (0 queries, 0 cached) | GC: 4.3ms)


Started GET "/.well-known/appspecific/com.chrome.devtools.json" for ::1 at 2025-12-01 16:11:09 +0100
  
ActionController::RoutingError (No route matches [GET] "/.well-known/appspecific/com.chrome.devtools.json"):
  
Started GET "/" for ::1 at 2025-12-01 16:11:20 +0100
Processing by StaticPagesController#index as HTML
  Rendering layout layouts/application.html.erb
  Rendering static_pages/index.html.orb within layouts/application
  Rendered static_pages/index.html.orb within layouts/application (Duration: 56.6ms | GC: 5.8ms)
  Rendered layout layouts/application.html.erb (Duration: 57.4ms | GC: 5.8ms)
Completed 200 OK in 61ms (Views: 59.1ms | ActiveRecord: 0.0ms (0 queries, 0 cached) | GC: 5.8ms)


Started GET "/.well-known/appspecific/com.chrome.devtools.json" for ::1 at 2025-12-01 16:11:21 +0100
  
ActionController::RoutingError (No route matches [GET] "/.well-known/appspecific/com.chrome.devtools.json"):
  
Started GET "/" for ::1 at 2025-12-01 16:11:34 +0100
Processing by StaticPagesController#index as HTML
  Rendering layout layouts/application.html.erb
  Rendering static_pages/index.html.orb within layouts/application
  Rendered static_pages/index.html.orb within layouts/application (Duration: 47.2ms | GC: 4.4ms)
  Rendered layout layouts/application.html.erb (Duration: 48.2ms | GC: 4.4ms)
Completed 200 OK in 50ms (Views: 49.1ms | ActiveRecord: 0.0ms (0 queries, 0 cached) | GC: 4.4ms)


Started GET "/.well-known/appspecific/com.chrome.devtools.json" for ::1 at 2025-12-01 16:11:34 +0100
  
ActionController::RoutingError (No route matches [GET] "/.well-known/appspecific/com.chrome.devtools.json"):
  
Started GET "/" for ::1 at 2025-12-01 16:12:37 +0100
Processing by StaticPagesController#index as HTML
  Rendering layout layouts/application.html.erb
  Rendering static_pages/index.html.orb within layouts/application
  Rendered static_pages/index.html.orb within layouts/application (Duration: 54.3ms | GC: 5.5ms)
  Rendered layout layouts/application.html.erb (Duration: 55.3ms | GC: 5.6ms)
Completed 200 OK in 59ms (Views: 57.2ms | ActiveRecord: 0.0ms (0 queries, 0 cached) | GC: 5.6ms)


Started GET "/.well-known/appspecific/com.chrome.devtools.json" for ::1 at 2025-12-01 16:12:37 +0100
  
ActionController::RoutingError (No route matches [GET] "/.well-known/appspecific/com.chrome.devtools.json"):
  
Started GET "/" for ::1 at 2025-12-01 16:14:46 +0100
Processing by StaticPagesController#index as HTML
  Rendering layout layouts/application.html.erb
  Rendering static_pages/index.html.orb within layouts/application
  Rendered static_pages/index.html.orb within layouts/application (Duration: 75.1ms | GC: 28.6ms)
  Rendered layout layouts/application.html.erb (Duration: 76.1ms | GC: 28.6ms)
Completed 200 OK in 78ms (Views: 76.9ms | ActiveRecord: 0.0ms (0 queries, 0 cached) | GC: 28.6ms)


Started GET "/.well-known/appspecific/com.chrome.devtools.json" for ::1 at 2025-12-01 16:14:46 +0100
  
ActionController::RoutingError (No route matches [GET] "/.well-known/appspecific/com.chrome.devtools.json"):
  
Started GET "/" for ::1 at 2025-12-01 16:14:58 +0100
Processing by StaticPagesController#index as HTML
  Rendering layout layouts/application.html.erb
  Rendering static_pages/index.html.orb within layouts/application
  Rendered static_pages/index.html.orb within layouts/application (Duration: 48.1ms | GC: 6.7ms)
  Rendered layout layouts/application.html.erb (Duration: 49.0ms | GC: 6.7ms)
Completed 200 OK in 51ms (Views: 49.7ms | ActiveRecord: 0.0ms (0 queries, 0 cached) | GC: 6.7ms)


Started GET "/.well-known/appspecific/com.chrome.devtools.json" for ::1 at 2025-12-01 16:14:58 +0100
  
ActionController::RoutingError (No route matches [GET] "/.well-known/appspecific/com.chrome.devtools.json"):
  
Started GET "/" for ::1 at 2025-12-01 16:15:05 +0100
Processing by StaticPagesController#index as HTML
  Rendering layout layouts/application.html.erb
  Rendering static_pages/index.html.orb within layouts/application
  Rendered static_pages/index.html.orb within layouts/application (Duration: 44.2ms | GC: 4.2ms)
  Rendered layout layouts/application.html.erb (Duration: 45.0ms | GC: 4.2ms)
Completed 200 OK in 47ms (Views: 45.9ms | ActiveRecord: 0.0ms (0 queries, 0 cached) | GC: 4.2ms)


Started GET "/.well-known/appspecific/com.chrome.devtools.json" for ::1 at 2025-12-01 16:15:05 +0100
  
ActionController::RoutingError (No route matches [GET] "/.well-known/appspecific/com.chrome.devtools.json"):
  
Started GET "/quickstart" for ::1 at 2025-12-01 16:15:07 +0100
  
ActionController::RoutingError (No route matches [GET] "/quickstart"):
  
Started GET "/" for ::1 at 2025-12-01 16:15:17 +0100
Processing by StaticPagesController#index as HTML
  Rendering layout layouts/application.html.erb
  Rendering static_pages/index.html.orb within layouts/application
  Rendered static_pages/index.html.orb within layouts/application (Duration: 45.1ms | GC: 5.0ms)
  Rendered layout layouts/application.html.erb (Duration: 46.1ms | GC: 5.0ms)
Completed 200 OK in 48ms (Views: 46.8ms | ActiveRecord: 0.0ms (0 queries, 0 cached) | GC: 5.0ms)


Started GET "/.well-known/appspecific/com.chrome.devtools.json" for ::1 at 2025-12-01 16:15:18 +0100
  
ActionController::RoutingError (No route matches [GET] "/.well-known/appspecific/com.chrome.devtools.json"):
  
Started GET "/" for ::1 at 2025-12-01 16:15:34 +0100
Processing by StaticPagesController#index as HTML
  Rendering layout layouts/application.html.erb
  Rendering static_pages/index.html.orb within layouts/application
  Rendered static_pages/index.html.orb within layouts/application (Duration: 69.3ms | GC: 25.2ms)
  Rendered layout layouts/application.html.erb (Duration: 71.6ms | GC: 26.5ms)
Completed 200 OK in 73ms (Views: 72.4ms | ActiveRecord: 0.0ms (0 queries, 0 cached) | GC: 26.5ms)


Started GET "/.well-known/appspecific/com.chrome.devtools.json" for ::1 at 2025-12-01 16:15:34 +0100
  
ActionController::RoutingError (No route matches [GET] "/.well-known/appspecific/com.chrome.devtools.json"):
  
Started GET "/" for ::1 at 2025-12-01 16:15:45 +0100
Processing by StaticPagesController#index as HTML
  Rendering layout layouts/application.html.erb
  Rendering static_pages/index.html.orb within layouts/application
  Rendered static_pages/index.html.orb within layouts/application (Duration: 46.1ms | GC: 4.7ms)
  Rendered layout layouts/application.html.erb (Duration: 48.3ms | GC: 4.7ms)
Completed 200 OK in 50ms (Views: 49.3ms | ActiveRecord: 0.0ms (0 queries, 0 cached) | GC: 4.9ms)


Started GET "/.well-known/appspecific/com.chrome.devtools.json" for ::1 at 2025-12-01 16:15:45 +0100
  
ActionController::RoutingError (No route matches [GET] "/.well-known/appspecific/com.chrome.devtools.json"):
  
Started GET "/" for ::1 at 2025-12-01 16:15:51 +0100
Processing by StaticPagesController#index as HTML
  Rendering layout layouts/application.html.erb
  Rendering static_pages/index.html.orb within layouts/application
  Rendered static_pages/index.html.orb within layouts/application (Duration: 45.9ms | GC: 4.1ms)
  Rendered layout layouts/application.html.erb (Duration: 47.5ms | GC: 4.1ms)
Completed 200 OK in 49ms (Views: 48.2ms | ActiveRecord: 0.0ms (0 queries, 0 cached) | GC: 4.3ms)


Started GET "/.well-known/appspecific/com.chrome.devtools.json" for ::1 at 2025-12-01 16:15:51 +0100
  
ActionController::RoutingError (No route matches [GET] "/.well-known/appspecific/com.chrome.devtools.json"):
  
Started GET "/" for ::1 at 2025-12-01 16:15:56 +0100
Processing by StaticPagesController#index as HTML
  Rendering layout layouts/application.html.erb
  Rendering static_pages/index.html.orb within layouts/application
  Rendered static_pages/index.html.orb within layouts/application (Duration: 43.1ms | GC: 4.6ms)
  Rendered layout layouts/application.html.erb (Duration: 44.7ms | GC: 4.6ms)
Completed 200 OK in 46ms (Views: 45.6ms | ActiveRecord: 0.0ms (0 queries, 0 cached) | GC: 4.6ms)


Started GET "/.well-known/appspecific/com.chrome.devtools.json" for ::1 at 2025-12-01 16:15:56 +0100
  
ActionController::RoutingError (No route matches [GET] "/.well-known/appspecific/com.chrome.devtools.json"):
  
Started GET "/" for ::1 at 2025-12-01 16:15:59 +0100
Processing by StaticPagesController#index as HTML
  Rendering layout layouts/application.html.erb
  Rendering static_pages/index.html.orb within layouts/application
  Rendered static_pages/index.html.orb within layouts/application (Duration: 57.9ms | GC: 17.7ms)
  Rendered layout layouts/application.html.erb (Duration: 59.4ms | GC: 17.7ms)
Completed 200 OK in 62ms (Views: 61.0ms | ActiveRecord: 0.0ms (0 queries, 0 cached) | GC: 19.1ms)


Started GET "/.well-known/appspecific/com.chrome.devtools.json" for ::1 at 2025-12-01 16:16:00 +0100
  
ActionController::RoutingError (No route matches [GET] "/.well-known/appspecific/com.chrome.devtools.json"):
  
Started GET "/" for ::1 at 2025-12-01 16:16:09 +0100
Processing by StaticPagesController#index as HTML
  Rendering layout layouts/application.html.erb
  Rendering static_pages/index.html.orb within layouts/application
  Rendered static_pages/index.html.orb within layouts/application (Duration: 47.5ms | GC: 5.1ms)
  Rendered layout layouts/application.html.erb (Duration: 48.9ms | GC: 5.1ms)
Completed 200 OK in 51ms (Views: 50.2ms | ActiveRecord: 0.0ms (0 queries, 0 cached) | GC: 5.1ms)


Started GET "/.well-known/appspecific/com.chrome.devtools.json" for ::1 at 2025-12-01 16:16:09 +0100
  
ActionController::RoutingError (No route matches [GET] "/.well-known/appspecific/com.chrome.devtools.json"):
  
Started GET "/" for ::1 at 2025-12-01 16:16:19 +0100
Processing by StaticPagesController#index as HTML
  Rendering layout layouts/application.html.erb
  Rendering static_pages/index.html.orb within layouts/application
  Rendered static_pages/index.html.orb within layouts/application (Duration: 47.3ms | GC: 4.5ms)
  Rendered layout layouts/application.html.erb (Duration: 48.9ms | GC: 4.5ms)
Completed 200 OK in 50ms (Views: 49.7ms | ActiveRecord: 0.0ms (0 queries, 0 cached) | GC: 4.5ms)


Started GET "/.well-known/appspecific/com.chrome.devtools.json" for ::1 at 2025-12-01 16:16:19 +0100
  
ActionController::RoutingError (No route matches [GET] "/.well-known/appspecific/com.chrome.devtools.json"):
  
Started GET "/" for ::1 at 2025-12-01 16:16:22 +0100
Processing by StaticPagesController#index as HTML
  Rendering layout layouts/application.html.erb
  Rendering static_pages/index.html.orb within layouts/application
  Rendered static_pages/index.html.orb within layouts/application (Duration: 44.4ms | GC: 4.8ms)
  Rendered layout layouts/application.html.erb (Duration: 45.3ms | GC: 4.9ms)
Completed 200 OK in 47ms (Views: 46.2ms | ActiveRecord: 0.0ms (0 queries, 0 cached) | GC: 4.9ms)


Started GET "/.well-known/appspecific/com.chrome.devtools.json" for ::1 at 2025-12-01 16:16:22 +0100
  
ActionController::RoutingError (No route matches [GET] "/.well-known/appspecific/com.chrome.devtools.json"):
  
Started GET "/" for ::1 at 2025-12-01 16:16:25 +0100
Processing by StaticPagesController#index as HTML
  Rendering layout layouts/application.html.erb
  Rendering static_pages/index.html.orb within layouts/application
  Rendered static_pages/index.html.orb within layouts/application (Duration: 43.7ms | GC: 4.7ms)
  Rendered layout layouts/application.html.erb (Duration: 45.3ms | GC: 4.7ms)
Completed 200 OK in 47ms (Views: 46.1ms | ActiveRecord: 0.0ms (0 queries, 0 cached) | GC: 4.7ms)


Started GET "/.well-known/appspecific/com.chrome.devtools.json" for ::1 at 2025-12-01 16:16:25 +0100
  
ActionController::RoutingError (No route matches [GET] "/.well-known/appspecific/com.chrome.devtools.json"):
  
Started GET "/" for ::1 at 2025-12-01 16:16:39 +0100
Processing by StaticPagesController#index as HTML
  Rendering layout layouts/application.html.erb
  Rendering static_pages/index.html.orb within layouts/application
  Rendered static_pages/index.html.orb within layouts/application (Duration: 45.0ms | GC: 4.7ms)
  Rendered layout layouts/application.html.erb (Duration: 45.8ms | GC: 4.7ms)
Completed 200 OK in 47ms (Views: 46.5ms | ActiveRecord: 0.0ms (0 queries, 0 cached) | GC: 4.7ms)


Started GET "/.well-known/appspecific/com.chrome.devtools.json" for ::1 at 2025-12-01 16:16:39 +0100
  
ActionController::RoutingError (No route matches [GET] "/.well-known/appspecific/com.chrome.devtools.json"):
  
Started GET "/components" for ::1 at 2025-12-01 16:17:20 +0100
Processing by StaticPagesController#components as HTML
  Rendering layout layouts/application.html.erb
  Rendering static_pages/components.html.orb within layouts/application
  Rendered static_pages/components.html.orb within layouts/application (Duration: 1.9ms | GC: 1.1ms)
  Rendered layout layouts/application.html.erb (Duration: 4.4ms | GC: 2.5ms)
Completed 200 OK in 6ms (Views: 4.8ms | ActiveRecord: 0.0ms (0 queries, 0 cached) | GC: 3.1ms)


Started GET "/quickstart" for ::1 at 2025-12-01 16:17:20 +0100
  
ActionController::RoutingError (No route matches [GET] "/quickstart"):
  
Started GET "/" for ::1 at 2025-12-01 16:19:01 +0100
Processing by StaticPagesController#index as HTML
  Rendering layout layouts/application.html.erb
  Rendering static_pages/index.html.orb within layouts/application
  Rendered static_pages/index.html.orb within layouts/application (Duration: 172.4ms | GC: 6.2ms)
  Rendered layout layouts/application.html.erb (Duration: 180.9ms | GC: 6.3ms)
Completed 200 OK in 183ms (Views: 182.3ms | ActiveRecord: 0.0ms (0 queries, 0 cached) | GC: 6.3ms)


Started GET "/.well-known/appspecific/com.chrome.devtools.json" for ::1 at 2025-12-01 16:19:02 +0100
  
ActionController::RoutingError (No route matches [GET] "/.well-known/appspecific/com.chrome.devtools.json"):
  
Started GET "/" for ::1 at 2025-12-01 16:19:28 +0100
Processing by StaticPagesController#index as HTML
  Rendering layout layouts/application.html.erb
  Rendering static_pages/index.html.orb within layouts/application
  Rendered static_pages/index.html.orb within layouts/application (Duration: 84.6ms | GC: 30.2ms)
  Rendered layout layouts/application.html.erb (Duration: 85.7ms | GC: 30.2ms)
Completed 200 OK in 88ms (Views: 86.7ms | ActiveRecord: 0.0ms (0 queries, 0 cached) | GC: 30.2ms)


Started GET "/.well-known/appspecific/com.chrome.devtools.json" for ::1 at 2025-12-01 16:19:28 +0100
  
ActionController::RoutingError (No route matches [GET] "/.well-known/appspecific/com.chrome.devtools.json"):
  
Started GET "/" for ::1 at 2025-12-01 16:19:56 +0100
Processing by StaticPagesController#index as HTML
  Rendering layout layouts/application.html.erb
  Rendering static_pages/index.html.orb within layouts/application
  Rendered static_pages/index.html.orb within layouts/application (Duration: 64.6ms | GC: 9.3ms)
  Rendered layout layouts/application.html.erb (Duration: 65.5ms | GC: 9.3ms)
Completed 200 OK in 68ms (Views: 67.0ms | ActiveRecord: 0.0ms (0 queries, 0 cached) | GC: 9.3ms)


Started GET "/.well-known/appspecific/com.chrome.devtools.json" for ::1 at 2025-12-01 16:19:56 +0100
  
ActionController::RoutingError (No route matches [GET] "/.well-known/appspecific/com.chrome.devtools.json"):
  
Started GET "/" for ::1 at 2025-12-01 16:20:11 +0100
Processing by StaticPagesController#index as HTML
  Rendering layout layouts/application.html.erb
  Rendering static_pages/index.html.orb within layouts/application
  Rendered static_pages/index.html.orb within layouts/application (Duration: 61.2ms | GC: 8.3ms)
  Rendered layout layouts/application.html.erb (Duration: 62.1ms | GC: 8.3ms)
Completed 200 OK in 64ms (Views: 63.0ms | ActiveRecord: 0.0ms (0 queries, 0 cached) | GC: 8.3ms)


Started GET "/.well-known/appspecific/com.chrome.devtools.json" for ::1 at 2025-12-01 16:20:12 +0100
  
ActionController::RoutingError (No route matches [GET] "/.well-known/appspecific/com.chrome.devtools.json"):
  
Started GET "/" for ::1 at 2025-12-01 16:20:43 +0100
Processing by StaticPagesController#index as HTML
  Rendering layout layouts/application.html.erb
  Rendering static_pages/index.html.orb within layouts/application
  Rendered static_pages/index.html.orb within layouts/application (Duration: 59.8ms | GC: 8.2ms)
  Rendered layout layouts/application.html.erb (Duration: 60.8ms | GC: 8.2ms)
Completed 200 OK in 63ms (Views: 61.9ms | ActiveRecord: 0.0ms (0 queries, 0 cached) | GC: 8.2ms)


Started GET "/.well-known/appspecific/com.chrome.devtools.json" for ::1 at 2025-12-01 16:20:43 +0100
  
ActionController::RoutingError (No route matches [GET] "/.well-known/appspecific/com.chrome.devtools.json"):
  
Started GET "/" for ::1 at 2025-12-01 16:21:10 +0100
Processing by StaticPagesController#index as HTML
  Rendering layout layouts/application.html.erb
  Rendering static_pages/index.html.orb within layouts/application
  Rendered static_pages/index.html.orb within layouts/application (Duration: 53.7ms | GC: 8.2ms)
  Rendered layout layouts/application.html.erb (Duration: 54.7ms | GC: 8.2ms)
Completed 200 OK in 56ms (Views: 55.5ms | ActiveRecord: 0.0ms (0 queries, 0 cached) | GC: 8.2ms)


Started GET "/.well-known/appspecific/com.chrome.devtools.json" for ::1 at 2025-12-01 16:21:10 +0100
  
ActionController::RoutingError (No route matches [GET] "/.well-known/appspecific/com.chrome.devtools.json"):
  
Started GET "/" for ::1 at 2025-12-01 16:21:26 +0100
Processing by StaticPagesController#index as HTML
  Rendering layout layouts/application.html.erb
  Rendering static_pages/index.html.orb within layouts/application
  Rendered static_pages/index.html.orb within layouts/application (Duration: 56.5ms | GC: 7.8ms)
  Rendered layout layouts/application.html.erb (Duration: 57.5ms | GC: 7.8ms)
Completed 200 OK in 59ms (Views: 58.4ms | ActiveRecord: 0.0ms (0 queries, 0 cached) | GC: 7.8ms)


Started GET "/.well-known/appspecific/com.chrome.devtools.json" for ::1 at 2025-12-01 16:21:26 +0100
  
ActionController::RoutingError (No route matches [GET] "/.well-known/appspecific/com.chrome.devtools.json"):
  
Started GET "/" for ::1 at 2025-12-01 16:22:15 +0100
Processing by StaticPagesController#index as HTML
  Rendering layout layouts/application.html.erb
  Rendering static_pages/index.html.orb within layouts/application
  Rendered static_pages/index.html.orb within layouts/application (Duration: 56.6ms | GC: 7.4ms)
  Rendered layout layouts/application.html.erb (Duration: 57.7ms | GC: 7.4ms)
Completed 200 OK in 60ms (Views: 58.9ms | ActiveRecord: 0.0ms (0 queries, 0 cached) | GC: 7.5ms)


Started GET "/.well-known/appspecific/com.chrome.devtools.json" for ::1 at 2025-12-01 16:22:15 +0100
  
ActionController::RoutingError (No route matches [GET] "/.well-known/appspecific/com.chrome.devtools.json"):
  
Started GET "/" for ::1 at 2025-12-01 16:22:28 +0100
Processing by StaticPagesController#index as HTML
  Rendering layout layouts/application.html.erb
  Rendering static_pages/index.html.orb within layouts/application
  Rendered static_pages/index.html.orb within layouts/application (Duration: 81.3ms | GC: 32.5ms)
  Rendered layout layouts/application.html.erb (Duration: 82.2ms | GC: 32.5ms)
Completed 200 OK in 84ms (Views: 83.6ms | ActiveRecord: 0.0ms (0 queries, 0 cached) | GC: 32.5ms)


Started GET "/.well-known/appspecific/com.chrome.devtools.json" for ::1 at 2025-12-01 16:22:28 +0100
  
ActionController::RoutingError (No route matches [GET] "/.well-known/appspecific/com.chrome.devtools.json"):
  
Started GET "/" for ::1 at 2025-12-01 16:22:39 +0100
Processing by StaticPagesController#index as HTML
  Rendering layout layouts/application.html.erb
  Rendering static_pages/index.html.orb within layouts/application
  Rendered static_pages/index.html.orb within layouts/application (Duration: 49.7ms | GC: 7.0ms)
  Rendered layout layouts/application.html.erb (Duration: 50.6ms | GC: 7.0ms)
Completed 200 OK in 52ms (Views: 51.5ms | ActiveRecord: 0.0ms (0 queries, 0 cached) | GC: 7.1ms)


Started GET "/.well-known/appspecific/com.chrome.devtools.json" for ::1 at 2025-12-01 16:22:39 +0100
  
ActionController::RoutingError (No route matches [GET] "/.well-known/appspecific/com.chrome.devtools.json"):
  
Started GET "/" for ::1 at 2025-12-01 16:22:47 +0100
Processing by StaticPagesController#index as HTML
  Rendering layout layouts/application.html.erb
  Rendering static_pages/index.html.orb within layouts/application
  Rendered static_pages/index.html.orb within layouts/application (Duration: 77.6ms | GC: 29.7ms)
  Rendered layout layouts/application.html.erb (Duration: 78.6ms | GC: 29.8ms)
Completed 200 OK in 80ms (Views: 79.4ms | ActiveRecord: 0.0ms (0 queries, 0 cached) | GC: 29.8ms)


Started GET "/.well-known/appspecific/com.chrome.devtools.json" for ::1 at 2025-12-01 16:22:47 +0100
  
ActionController::RoutingError (No route matches [GET] "/.well-known/appspecific/com.chrome.devtools.json"):
  
Started GET "/" for ::1 at 2025-12-01 16:22:53 +0100
Processing by StaticPagesController#index as HTML
  Rendering layout layouts/application.html.erb
  Rendering static_pages/index.html.orb within layouts/application
  Rendered static_pages/index.html.orb within layouts/application (Duration: 51.5ms | GC: 7.1ms)
  Rendered layout layouts/application.html.erb (Duration: 52.4ms | GC: 7.1ms)
Completed 200 OK in 55ms (Views: 53.5ms | ActiveRecord: 0.0ms (0 queries, 0 cached) | GC: 7.1ms)


Started GET "/.well-known/appspecific/com.chrome.devtools.json" for ::1 at 2025-12-01 16:22:53 +0100
  
ActionController::RoutingError (No route matches [GET] "/.well-known/appspecific/com.chrome.devtools.json"):
  
Started GET "/" for ::1 at 2025-12-01 16:22:58 +0100
Processing by StaticPagesController#index as HTML
  Rendering layout layouts/application.html.erb
  Rendering static_pages/index.html.orb within layouts/application
  Rendered static_pages/index.html.orb within layouts/application (Duration: 73.2ms | GC: 27.9ms)
  Rendered layout layouts/application.html.erb (Duration: 74.2ms | GC: 27.9ms)
Completed 200 OK in 76ms (Views: 75.6ms | ActiveRecord: 0.0ms (0 queries, 0 cached) | GC: 28.5ms)


Started GET "/.well-known/appspecific/com.chrome.devtools.json" for ::1 at 2025-12-01 16:22:59 +0100
  
ActionController::RoutingError (No route matches [GET] "/.well-known/appspecific/com.chrome.devtools.json"):
  
Started GET "/" for ::1 at 2025-12-01 16:23:05 +0100
Processing by StaticPagesController#index as HTML
  Rendering layout layouts/application.html.erb
  Rendering static_pages/index.html.orb within layouts/application
  Rendered static_pages/index.html.orb within layouts/application (Duration: 49.8ms | GC: 7.1ms)
  Rendered layout layouts/application.html.erb (Duration: 50.7ms | GC: 7.1ms)
Completed 200 OK in 52ms (Views: 51.5ms | ActiveRecord: 0.0ms (0 queries, 0 cached) | GC: 7.1ms)


Started GET "/.well-known/appspecific/com.chrome.devtools.json" for ::1 at 2025-12-01 16:23:05 +0100
  
ActionController::RoutingError (No route matches [GET] "/.well-known/appspecific/com.chrome.devtools.json"):
  
Started GET "/" for ::1 at 2025-12-01 16:23:31 +0100
Processing by StaticPagesController#index as HTML
  Rendering layout layouts/application.html.erb
  Rendering static_pages/index.html.orb within layouts/application
  Rendered static_pages/index.html.orb within layouts/application (Duration: 73.9ms | GC: 27.9ms)
  Rendered layout layouts/application.html.erb (Duration: 74.8ms | GC: 27.9ms)
Completed 200 OK in 77ms (Views: 75.5ms | ActiveRecord: 0.0ms (0 queries, 0 cached) | GC: 28.0ms)


Started GET "/.well-known/appspecific/com.chrome.devtools.json" for ::1 at 2025-12-01 16:23:31 +0100
  
ActionController::RoutingError (No route matches [GET] "/.well-known/appspecific/com.chrome.devtools.json"):
  
Started GET "/" for ::1 at 2025-12-01 16:23:44 +0100
Processing by StaticPagesController#index as HTML
  Rendering layout layouts/application.html.erb
  Rendering static_pages/index.html.orb within layouts/application
  Rendered static_pages/index.html.orb within layouts/application (Duration: 47.8ms | GC: 6.8ms)
  Rendered layout layouts/application.html.erb (Duration: 48.7ms | GC: 6.8ms)
Completed 200 OK in 51ms (Views: 49.8ms | ActiveRecord: 0.0ms (0 queries, 0 cached) | GC: 6.8ms)


Started GET "/.well-known/appspecific/com.chrome.devtools.json" for ::1 at 2025-12-01 16:23:44 +0100
  
ActionController::RoutingError (No route matches [GET] "/.well-known/appspecific/com.chrome.devtools.json"):
  
Started GET "/" for ::1 at 2025-12-01 16:24:05 +0100
Processing by StaticPagesController#index as HTML
  Rendering layout layouts/application.html.erb
  Rendering static_pages/index.html.orb within layouts/application
  Rendered static_pages/index.html.orb within layouts/application (Duration: 70.9ms | GC: 28.1ms)
  Rendered layout layouts/application.html.erb (Duration: 71.9ms | GC: 28.1ms)
Completed 200 OK in 74ms (Views: 72.9ms | ActiveRecord: 0.0ms (0 queries, 0 cached) | GC: 28.2ms)


Started GET "/.well-known/appspecific/com.chrome.devtools.json" for ::1 at 2025-12-01 16:24:06 +0100
  
ActionController::RoutingError (No route matches [GET] "/.well-known/appspecific/com.chrome.devtools.json"):
  
Started GET "/" for ::1 at 2025-12-01 16:24:12 +0100
Processing by StaticPagesController#index as HTML
  Rendering layout layouts/application.html.erb
  Rendering static_pages/index.html.orb within layouts/application
  Rendered static_pages/index.html.orb within layouts/application (Duration: 50.3ms | GC: 7.1ms)
  Rendered layout layouts/application.html.erb (Duration: 53.0ms | GC: 7.1ms)
Completed 200 OK in 55ms (Views: 53.8ms | ActiveRecord: 0.0ms (0 queries, 0 cached) | GC: 7.1ms)


Started GET "/.well-known/appspecific/com.chrome.devtools.json" for ::1 at 2025-12-01 16:24:12 +0100
  
ActionController::RoutingError (No route matches [GET] "/.well-known/appspecific/com.chrome.devtools.json"):
  
Started GET "/" for ::1 at 2025-12-01 16:24:21 +0100
Processing by StaticPagesController#index as HTML
  Rendering layout layouts/application.html.erb
  Rendering static_pages/index.html.orb within layouts/application
  Rendered static_pages/index.html.orb within layouts/application (Duration: 74.9ms | GC: 28.6ms)
  Rendered layout layouts/application.html.erb (Duration: 75.8ms | GC: 28.6ms)
Completed 200 OK in 77ms (Views: 76.6ms | ActiveRecord: 0.0ms (0 queries, 0 cached) | GC: 28.7ms)


Started GET "/.well-known/appspecific/com.chrome.devtools.json" for ::1 at 2025-12-01 16:24:21 +0100
  
ActionController::RoutingError (No route matches [GET] "/.well-known/appspecific/com.chrome.devtools.json"):
  
Started GET "/" for ::1 at 2025-12-01 16:24:26 +0100
Processing by StaticPagesController#index as HTML
  Rendering layout layouts/application.html.erb
  Rendering static_pages/index.html.orb within layouts/application
  Rendered static_pages/index.html.orb within layouts/application (Duration: 48.1ms | GC: 6.4ms)
  Rendered layout layouts/application.html.erb (Duration: 48.9ms | GC: 6.4ms)
Completed 200 OK in 51ms (Views: 49.8ms | ActiveRecord: 0.0ms (0 queries, 0 cached) | GC: 6.4ms)


Started GET "/.well-known/appspecific/com.chrome.devtools.json" for ::1 at 2025-12-01 16:24:26 +0100
  
ActionController::RoutingError (No route matches [GET] "/.well-known/appspecific/com.chrome.devtools.json"):
  
Started GET "/" for ::1 at 2025-12-01 16:25:22 +0100
Processing by StaticPagesController#index as HTML
  Rendering layout layouts/application.html.erb
  Rendering static_pages/index.html.orb within layouts/application
  Rendered static_pages/index.html.orb within layouts/application (Duration: 73.8ms | GC: 27.2ms)
  Rendered layout layouts/application.html.erb (Duration: 74.7ms | GC: 27.2ms)
Completed 200 OK in 77ms (Views: 76.3ms | ActiveRecord: 0.0ms (0 queries, 0 cached) | GC: 27.2ms)


Started GET "/.well-known/appspecific/com.chrome.devtools.json" for ::1 at 2025-12-01 16:25:23 +0100
  
ActionController::RoutingError (No route matches [GET] "/.well-known/appspecific/com.chrome.devtools.json"):
  
Started GET "/" for ::1 at 2025-12-01 16:25:33 +0100
Processing by StaticPagesController#index as HTML
  Rendering layout layouts/application.html.erb
  Rendering static_pages/index.html.orb within layouts/application
  Rendered static_pages/index.html.orb within layouts/application (Duration: 49.9ms | GC: 6.8ms)
  Rendered layout layouts/application.html.erb (Duration: 50.7ms | GC: 6.8ms)
Completed 200 OK in 52ms (Views: 51.4ms | ActiveRecord: 0.0ms (0 queries, 0 cached) | GC: 6.8ms)


Started GET "/.well-known/appspecific/com.chrome.devtools.json" for ::1 at 2025-12-01 16:25:34 +0100
  
ActionController::RoutingError (No route matches [GET] "/.well-known/appspecific/com.chrome.devtools.json"):
  
Started GET "/" for ::1 at 2025-12-01 16:25:56 +0100
Processing by StaticPagesController#index as HTML
  Rendering layout layouts/application.html.erb
  Rendering static_pages/index.html.orb within layouts/application
  Rendered static_pages/index.html.orb within layouts/application (Duration: 86.8ms | GC: 31.1ms)
  Rendered layout layouts/application.html.erb (Duration: 87.8ms | GC: 31.2ms)
Completed 200 OK in 90ms (Views: 89.1ms | ActiveRecord: 0.0ms (0 queries, 0 cached) | GC: 31.2ms)


Started GET "/.well-known/appspecific/com.chrome.devtools.json" for ::1 at 2025-12-01 16:25:56 +0100
  
ActionController::RoutingError (No route matches [GET] "/.well-known/appspecific/com.chrome.devtools.json"):
  
Started GET "/" for ::1 at 2025-12-01 16:26:12 +0100
Processing by StaticPagesController#index as HTML
  Rendering layout layouts/application.html.erb
  Rendering static_pages/index.html.orb within layouts/application
  Rendered static_pages/index.html.orb within layouts/application (Duration: 56.2ms | GC: 7.2ms)
  Rendered layout layouts/application.html.erb (Duration: 57.2ms | GC: 7.2ms)
Completed 200 OK in 60ms (Views: 58.2ms | ActiveRecord: 0.0ms (0 queries, 0 cached) | GC: 7.2ms)


Started GET "/.well-known/appspecific/com.chrome.devtools.json" for ::1 at 2025-12-01 16:26:13 +0100
  
ActionController::RoutingError (No route matches [GET] "/.well-known/appspecific/com.chrome.devtools.json"):
  
Started GET "/" for ::1 at 2025-12-01 16:26:45 +0100
Processing by StaticPagesController#index as HTML
  Rendering layout layouts/application.html.erb
  Rendering static_pages/index.html.orb within layouts/application
  Rendered static_pages/index.html.orb within layouts/application (Duration: 80.3ms | GC: 30.0ms)
  Rendered layout layouts/application.html.erb (Duration: 81.2ms | GC: 30.0ms)
Completed 200 OK in 84ms (Views: 82.5ms | ActiveRecord: 0.0ms (0 queries, 0 cached) | GC: 30.0ms)


Started GET "/.well-known/appspecific/com.chrome.devtools.json" for ::1 at 2025-12-01 16:26:45 +0100
  
ActionController::RoutingError (No route matches [GET] "/.well-known/appspecific/com.chrome.devtools.json"):
  
Started GET "/" for ::1 at 2025-12-01 16:26:52 +0100
Processing by StaticPagesController#index as HTML
  Rendering layout layouts/application.html.erb
  Rendering static_pages/index.html.orb within layouts/application
  Rendered static_pages/index.html.orb within layouts/application (Duration: 49.9ms | GC: 7.6ms)
  Rendered layout layouts/application.html.erb (Duration: 50.7ms | GC: 7.6ms)
Completed 200 OK in 53ms (Views: 51.5ms | ActiveRecord: 0.0ms (0 queries, 0 cached) | GC: 7.6ms)


Started GET "/.well-known/appspecific/com.chrome.devtools.json" for ::1 at 2025-12-01 16:26:52 +0100
  
ActionController::RoutingError (No route matches [GET] "/.well-known/appspecific/com.chrome.devtools.json"):
  
Started GET "/" for ::1 at 2025-12-01 16:26:56 +0100
Processing by StaticPagesController#index as HTML
  Rendering layout layouts/application.html.erb
  Rendering static_pages/index.html.orb within layouts/application
  Rendered static_pages/index.html.orb within layouts/application (Duration: 75.1ms | GC: 29.8ms)
  Rendered layout layouts/application.html.erb (Duration: 76.1ms | GC: 29.8ms)
Completed 200 OK in 78ms (Views: 76.9ms | ActiveRecord: 0.0ms (0 queries, 0 cached) | GC: 29.9ms)


Started GET "/.well-known/appspecific/com.chrome.devtools.json" for ::1 at 2025-12-01 16:26:56 +0100
  
ActionController::RoutingError (No route matches [GET] "/.well-known/appspecific/com.chrome.devtools.json"):
  
Started GET "/" for ::1 at 2025-12-01 16:27:46 +0100
Processing by StaticPagesController#index as HTML
  Rendering layout layouts/application.html.erb
  Rendering static_pages/index.html.orb within layouts/application
  Rendered static_pages/index.html.orb within layouts/application (Duration: 46.4ms | GC: 4.4ms)
  Rendered layout layouts/application.html.erb (Duration: 46.6ms | GC: 4.4ms)
Completed 500 Internal Server Error in 48ms (ActiveRecord: 0.0ms (0 queries, 0 cached) | GC: 4.4ms)


  
ActionView::Template::Error (undefined local variable or method 'orientation' for #<Orbital::ButtonGroup:0x000000013c925c38>)
Caused by: NameError (undefined local variable or method 'orientation' for #<Orbital::ButtonGroup:0x000000013c925c38>)

Information for: ActionView::Template::Error (undefined local variable or method 'orientation' for #<Orbital::ButtonGroup:0x000000013c925c38>):
    79:         </div>
    80:         <TextField name="search" iconLeft="magnifying-glass" placeholder="Search..." labelHidden suffix="12 results"/>
    81: 
    82:         <ButtonGroup>
    83:           <Button variant="outline" iconLeft="arrow-left">Previous</Button>
    84:           <Button variant="outline" iconRight="arrow-right">Next</Button>
    85:         </ButtonGroup>
  
app/views/static_pages/index.html.orb:82
app/components/demo/hero.rb:9:in 'Demo::Hero#call'
app/views/static_pages/index.html.orb:25
app/components/demo/app_frame.rb:43:in 'block (2 levels) in Demo::AppFrame#call'
app/components/demo/page.rb:13:in 'Demo::Page#call'
app/components/demo/app_frame.rb:6:in 'block in Demo::AppFrame#call'
app/components/demo/app_frame.rb:5:in 'Demo::AppFrame#call'
app/views/static_pages/index.html.orb:1

Information for cause: NameError (undefined local variable or method 'orientation' for #<Orbital::ButtonGroup:0x000000013c925c38>):
  
app/views/static_pages/index.html.orb:82
app/components/demo/hero.rb:9:in 'Demo::Hero#call'
app/views/static_pages/index.html.orb:25
app/components/demo/app_frame.rb:43:in 'block (2 levels) in Demo::AppFrame#call'
app/components/demo/page.rb:13:in 'Demo::Page#call'
app/components/demo/app_frame.rb:6:in 'block in Demo::AppFrame#call'
app/components/demo/app_frame.rb:5:in 'Demo::AppFrame#call'
app/views/static_pages/index.html.orb:1
Started GET "/.well-known/appspecific/com.chrome.devtools.json" for ::1 at 2025-12-01 16:27:46 +0100
  
ActionController::RoutingError (No route matches [GET] "/.well-known/appspecific/com.chrome.devtools.json"):
  
Started GET "/" for ::1 at 2025-12-01 16:28:13 +0100
Processing by StaticPagesController#index as HTML
  Rendering layout layouts/application.html.erb
  Rendering static_pages/index.html.orb within layouts/application
  Rendered static_pages/index.html.orb within layouts/application (Duration: 52.7ms | GC: 5.4ms)
  Rendered layout layouts/application.html.erb (Duration: 53.7ms | GC: 5.5ms)
Completed 200 OK in 55ms (Views: 54.5ms | ActiveRecord: 0.0ms (0 queries, 0 cached) | GC: 5.5ms)


Started GET "/.well-known/appspecific/com.chrome.devtools.json" for ::1 at 2025-12-01 16:28:13 +0100
  
ActionController::RoutingError (No route matches [GET] "/.well-known/appspecific/com.chrome.devtools.json"):
  
Started GET "/" for ::1 at 2025-12-01 16:28:41 +0100
Processing by StaticPagesController#index as HTML
  Rendering layout layouts/application.html.erb
  Rendering static_pages/index.html.orb within layouts/application
  Rendered static_pages/index.html.orb within layouts/application (Duration: 47.8ms | GC: 4.7ms)
  Rendered layout layouts/application.html.erb (Duration: 48.8ms | GC: 4.7ms)
Completed 200 OK in 51ms (Views: 49.8ms | ActiveRecord: 0.0ms (0 queries, 0 cached) | GC: 4.7ms)


Started GET "/.well-known/appspecific/com.chrome.devtools.json" for ::1 at 2025-12-01 16:28:41 +0100
  
ActionController::RoutingError (No route matches [GET] "/.well-known/appspecific/com.chrome.devtools.json"):
  
Started GET "/" for ::1 at 2025-12-01 16:28:48 +0100
Processing by StaticPagesController#index as HTML
  Rendering layout layouts/application.html.erb
  Rendering static_pages/index.html.orb within layouts/application
  Rendered static_pages/index.html.orb within layouts/application (Duration: 49.9ms | GC: 5.8ms)
  Rendered layout layouts/application.html.erb (Duration: 50.7ms | GC: 5.8ms)
Completed 200 OK in 53ms (Views: 51.9ms | ActiveRecord: 0.0ms (0 queries, 0 cached) | GC: 5.8ms)


Started GET "/.well-known/appspecific/com.chrome.devtools.json" for ::1 at 2025-12-01 16:28:48 +0100
  
ActionController::RoutingError (No route matches [GET] "/.well-known/appspecific/com.chrome.devtools.json"):
  
Started GET "/" for ::1 at 2025-12-01 16:29:12 +0100
Processing by StaticPagesController#index as HTML
  Rendering layout layouts/application.html.erb
  Rendering static_pages/index.html.orb within layouts/application
  Rendered static_pages/index.html.orb within layouts/application (Duration: 57.1ms | GC: 5.9ms)
  Rendered layout layouts/application.html.erb (Duration: 58.0ms | GC: 5.9ms)
Completed 200 OK in 60ms (Views: 58.9ms | ActiveRecord: 0.0ms (0 queries, 0 cached) | GC: 5.9ms)


Started GET "/.well-known/appspecific/com.chrome.devtools.json" for ::1 at 2025-12-01 16:29:12 +0100
  
ActionController::RoutingError (No route matches [GET] "/.well-known/appspecific/com.chrome.devtools.json"):
  
Started GET "/" for ::1 at 2025-12-01 16:29:30 +0100
Processing by StaticPagesController#index as HTML
  Rendering layout layouts/application.html.erb
  Rendering static_pages/index.html.orb within layouts/application
  Rendered static_pages/index.html.orb within layouts/application (Duration: 53.8ms | GC: 8.3ms)
  Rendered layout layouts/application.html.erb (Duration: 55.0ms | GC: 8.7ms)
Completed 200 OK in 57ms (Views: 55.8ms | ActiveRecord: 0.0ms (0 queries, 0 cached) | GC: 8.7ms)


Started GET "/.well-known/appspecific/com.chrome.devtools.json" for ::1 at 2025-12-01 16:29:31 +0100
  
ActionController::RoutingError (No route matches [GET] "/.well-known/appspecific/com.chrome.devtools.json"):
  
Started GET "/" for ::1 at 2025-12-01 16:29:37 +0100
Processing by StaticPagesController#index as HTML
  Rendering layout layouts/application.html.erb
  Rendering static_pages/index.html.orb within layouts/application
  Rendered static_pages/index.html.orb within layouts/application (Duration: 48.9ms | GC: 5.8ms)
  Rendered layout layouts/application.html.erb (Duration: 49.8ms | GC: 5.8ms)
Completed 200 OK in 52ms (Views: 50.6ms | ActiveRecord: 0.0ms (0 queries, 0 cached) | GC: 5.8ms)


Started GET "/.well-known/appspecific/com.chrome.devtools.json" for ::1 at 2025-12-01 16:29:37 +0100
  
ActionController::RoutingError (No route matches [GET] "/.well-known/appspecific/com.chrome.devtools.json"):
  
Started GET "/" for ::1 at 2025-12-01 16:29:43 +0100
Processing by StaticPagesController#index as HTML
  Rendering layout layouts/application.html.erb
  Rendering static_pages/index.html.orb within layouts/application
  Rendered static_pages/index.html.orb within layouts/application (Duration: 70.1ms | GC: 21.2ms)
  Rendered layout layouts/application.html.erb (Duration: 70.9ms | GC: 21.2ms)
Completed 200 OK in 73ms (Views: 72.2ms | ActiveRecord: 0.0ms (0 queries, 0 cached) | GC: 21.7ms)


Started GET "/.well-known/appspecific/com.chrome.devtools.json" for ::1 at 2025-12-01 16:29:43 +0100
  
ActionController::RoutingError (No route matches [GET] "/.well-known/appspecific/com.chrome.devtools.json"):
  
Started GET "/" for ::1 at 2025-12-01 16:30:01 +0100
Processing by StaticPagesController#index as HTML
  Rendering layout layouts/application.html.erb
  Rendering static_pages/index.html.orb within layouts/application
  Rendered static_pages/index.html.orb within layouts/application (Duration: 50.9ms | GC: 6.0ms)
  Rendered layout layouts/application.html.erb (Duration: 51.8ms | GC: 6.0ms)
Completed 200 OK in 54ms (Views: 52.6ms | ActiveRecord: 0.0ms (0 queries, 0 cached) | GC: 6.0ms)


Started GET "/.well-known/appspecific/com.chrome.devtools.json" for ::1 at 2025-12-01 16:30:01 +0100
  
ActionController::RoutingError (No route matches [GET] "/.well-known/appspecific/com.chrome.devtools.json"):
  
Started GET "/" for ::1 at 2025-12-01 16:30:07 +0100
Processing by StaticPagesController#index as HTML
  Rendering layout layouts/application.html.erb
  Rendering static_pages/index.html.orb within layouts/application
  Rendered static_pages/index.html.orb within layouts/application (Duration: 51.3ms | GC: 6.6ms)
  Rendered layout layouts/application.html.erb (Duration: 52.1ms | GC: 6.6ms)
Completed 200 OK in 54ms (Views: 52.9ms | ActiveRecord: 0.0ms (0 queries, 0 cached) | GC: 6.6ms)


Started GET "/.well-known/appspecific/com.chrome.devtools.json" for ::1 at 2025-12-01 16:30:07 +0100
  
ActionController::RoutingError (No route matches [GET] "/.well-known/appspecific/com.chrome.devtools.json"):
  
Started GET "/" for ::1 at 2025-12-01 16:30:43 +0100
Processing by StaticPagesController#index as HTML
  Rendering layout layouts/application.html.erb
  Rendering static_pages/index.html.orb within layouts/application
  Rendered static_pages/index.html.orb within layouts/application (Duration: 52.8ms | GC: 6.7ms)
  Rendered layout layouts/application.html.erb (Duration: 53.6ms | GC: 6.7ms)
Completed 200 OK in 55ms (Views: 54.4ms | ActiveRecord: 0.0ms (0 queries, 0 cached) | GC: 6.7ms)


Started GET "/.well-known/appspecific/com.chrome.devtools.json" for ::1 at 2025-12-01 16:30:43 +0100
  
ActionController::RoutingError (No route matches [GET] "/.well-known/appspecific/com.chrome.devtools.json"):
  
Started GET "/" for ::1 at 2025-12-01 16:30:59 +0100
Processing by StaticPagesController#index as HTML
  Rendering layout layouts/application.html.erb
  Rendering static_pages/index.html.orb within layouts/application
  Rendered static_pages/index.html.orb within layouts/application (Duration: 46.2ms | GC: 5.2ms)
  Rendered layout layouts/application.html.erb (Duration: 46.3ms | GC: 5.2ms)
Completed 500 Internal Server Error in 48ms (ActiveRecord: 0.0ms (0 queries, 0 cached) | GC: 5.2ms)


  
ActionView::Template::Error (Icon 'ellipsis-horizontal' with variant 'solid' not found.)
Caused by: ArgumentError (Icon 'ellipsis-horizontal' with variant 'solid' not found.)

Information for: ActionView::Template::Error (Icon 'ellipsis-horizontal' with variant 'solid' not found.):
    91:           <ButtonGroup>
    92:             <Button variant="outline">Archive</Button>
    93:             <Button variant="outline">Report</Button>
    94:             <Button><Icon name="ellipsis-horizontal" /></Button>
    95:           </ButtonGroup>
    96:         </div>
    97: 
  
app/views/static_pages/index.html.orb:94
app/views/static_pages/index.html.orb:94
app/views/static_pages/index.html.orb:91
app/components/demo/hero.rb:9:in 'Demo::Hero#call'
app/views/static_pages/index.html.orb:25
app/components/demo/app_frame.rb:43:in 'block (2 levels) in Demo::AppFrame#call'
app/components/demo/page.rb:13:in 'Demo::Page#call'
app/components/demo/app_frame.rb:6:in 'block in Demo::AppFrame#call'
app/components/demo/app_frame.rb:5:in 'Demo::AppFrame#call'
app/views/static_pages/index.html.orb:1

Information for cause: ArgumentError (Icon 'ellipsis-horizontal' with variant 'solid' not found.):
  
app/views/static_pages/index.html.orb:94
app/views/static_pages/index.html.orb:94
app/views/static_pages/index.html.orb:91
app/components/demo/hero.rb:9:in 'Demo::Hero#call'
app/views/static_pages/index.html.orb:25
app/components/demo/app_frame.rb:43:in 'block (2 levels) in Demo::AppFrame#call'
app/components/demo/page.rb:13:in 'Demo::Page#call'
app/components/demo/app_frame.rb:6:in 'block in Demo::AppFrame#call'
app/components/demo/app_frame.rb:5:in 'Demo::AppFrame#call'
app/views/static_pages/index.html.orb:1
Started GET "/.well-known/appspecific/com.chrome.devtools.json" for ::1 at 2025-12-01 16:30:59 +0100
  
ActionController::RoutingError (No route matches [GET] "/.well-known/appspecific/com.chrome.devtools.json"):
  
Started GET "/" for ::1 at 2025-12-01 16:31:12 +0100
Processing by StaticPagesController#index as HTML
  Rendering layout layouts/application.html.erb
  Rendering static_pages/index.html.orb within layouts/application
  Rendered static_pages/index.html.orb within layouts/application (Duration: 57.4ms | GC: 2.9ms)
  Rendered layout layouts/application.html.erb (Duration: 58.3ms | GC: 2.9ms)
Completed 200 OK in 61ms (Views: 59.4ms | ActiveRecord: 0.0ms (0 queries, 0 cached) | GC: 2.9ms)


Started GET "/.well-known/appspecific/com.chrome.devtools.json" for ::1 at 2025-12-01 16:31:12 +0100
  
ActionController::RoutingError (No route matches [GET] "/.well-known/appspecific/com.chrome.devtools.json"):
  
Started GET "/" for ::1 at 2025-12-01 16:31:18 +0100
Processing by StaticPagesController#index as HTML
  Rendering layout layouts/application.html.erb
  Rendering static_pages/index.html.orb within layouts/application
  Rendered static_pages/index.html.orb within layouts/application (Duration: 51.3ms | GC: 4.6ms)
  Rendered layout layouts/application.html.erb (Duration: 52.2ms | GC: 4.6ms)
Completed 200 OK in 54ms (Views: 53.0ms | ActiveRecord: 0.0ms (0 queries, 0 cached) | GC: 4.6ms)


Started GET "/.well-known/appspecific/com.chrome.devtools.json" for ::1 at 2025-12-01 16:31:18 +0100
  
ActionController::RoutingError (No route matches [GET] "/.well-known/appspecific/com.chrome.devtools.json"):
  
Started GET "/" for ::1 at 2025-12-01 16:31:34 +0100
Processing by StaticPagesController#index as HTML
  Rendering layout layouts/application.html.erb
  Rendering static_pages/index.html.orb within layouts/application
  Rendered static_pages/index.html.orb within layouts/application (Duration: 51.2ms | GC: 6.0ms)
  Rendered layout layouts/application.html.erb (Duration: 52.1ms | GC: 6.0ms)
Completed 200 OK in 54ms (Views: 53.2ms | ActiveRecord: 0.0ms (0 queries, 0 cached) | GC: 6.0ms)


Started GET "/.well-known/appspecific/com.chrome.devtools.json" for ::1 at 2025-12-01 16:31:35 +0100
  
ActionController::RoutingError (No route matches [GET] "/.well-known/appspecific/com.chrome.devtools.json"):
  
Started GET "/" for ::1 at 2025-12-01 16:31:51 +0100
Processing by StaticPagesController#index as HTML
  Rendering layout layouts/application.html.erb
  Rendering static_pages/index.html.orb within layouts/application
  Rendered static_pages/index.html.orb within layouts/application (Duration: 50.7ms | GC: 4.8ms)
  Rendered layout layouts/application.html.erb (Duration: 51.9ms | GC: 5.1ms)
Completed 200 OK in 53ms (Views: 52.6ms | ActiveRecord: 0.0ms (0 queries, 0 cached) | GC: 5.1ms)


Started GET "/.well-known/appspecific/com.chrome.devtools.json" for ::1 at 2025-12-01 16:31:52 +0100
  
ActionController::RoutingError (No route matches [GET] "/.well-known/appspecific/com.chrome.devtools.json"):
  
Started GET "/" for ::1 at 2025-12-01 16:31:58 +0100
Processing by StaticPagesController#index as HTML
  Rendering layout layouts/application.html.erb
  Rendering static_pages/index.html.orb within layouts/application
  Rendered static_pages/index.html.orb within layouts/application (Duration: 45.6ms | GC: 3.1ms)
  Rendered layout layouts/application.html.erb (Duration: 46.4ms | GC: 3.1ms)
Completed 200 OK in 49ms (Views: 47.6ms | ActiveRecord: 0.0ms (0 queries, 0 cached) | GC: 3.4ms)


Started GET "/.well-known/appspecific/com.chrome.devtools.json" for ::1 at 2025-12-01 16:31:58 +0100
  
ActionController::RoutingError (No route matches [GET] "/.well-known/appspecific/com.chrome.devtools.json"):
  
Started GET "/" for ::1 at 2025-12-01 16:32:05 +0100
Processing by StaticPagesController#index as HTML
  Rendering layout layouts/application.html.erb
  Rendering static_pages/index.html.orb within layouts/application
  Rendered static_pages/index.html.orb within layouts/application (Duration: 52.5ms | GC: 7.2ms)
  Rendered layout layouts/application.html.erb (Duration: 53.3ms | GC: 7.2ms)
Completed 200 OK in 55ms (Views: 54.0ms | ActiveRecord: 0.0ms (0 queries, 0 cached) | GC: 7.2ms)


Started GET "/.well-known/appspecific/com.chrome.devtools.json" for ::1 at 2025-12-01 16:32:06 +0100
  
ActionController::RoutingError (No route matches [GET] "/.well-known/appspecific/com.chrome.devtools.json"):
  
Started GET "/" for ::1 at 2025-12-01 16:32:22 +0100
Processing by StaticPagesController#index as HTML
  Rendering layout layouts/application.html.erb
  Rendering static_pages/index.html.orb within layouts/application
  Rendered static_pages/index.html.orb within layouts/application (Duration: 53.6ms | GC: 5.9ms)
  Rendered layout layouts/application.html.erb (Duration: 54.7ms | GC: 5.9ms)
Completed 200 OK in 56ms (Views: 55.4ms | ActiveRecord: 0.0ms (0 queries, 0 cached) | GC: 5.9ms)


Started GET "/.well-known/appspecific/com.chrome.devtools.json" for ::1 at 2025-12-01 16:32:22 +0100
  
ActionController::RoutingError (No route matches [GET] "/.well-known/appspecific/com.chrome.devtools.json"):
  
Started GET "/" for ::1 at 2025-12-01 16:32:30 +0100
Processing by StaticPagesController#index as HTML
  Rendering layout layouts/application.html.erb
  Rendering static_pages/index.html.orb within layouts/application
  Rendered static_pages/index.html.orb within layouts/application (Duration: 51.2ms | GC: 5.1ms)
  Rendered layout layouts/application.html.erb (Duration: 52.2ms | GC: 5.2ms)
Completed 200 OK in 54ms (Views: 53.0ms | ActiveRecord: 0.0ms (0 queries, 0 cached) | GC: 5.2ms)


Started GET "/.well-known/appspecific/com.chrome.devtools.json" for ::1 at 2025-12-01 16:32:30 +0100
  
ActionController::RoutingError (No route matches [GET] "/.well-known/appspecific/com.chrome.devtools.json"):
  
Started GET "/" for ::1 at 2025-12-01 16:32:33 +0100
Processing by StaticPagesController#index as HTML
  Rendering layout layouts/application.html.erb
  Rendering static_pages/index.html.orb within layouts/application
  Rendered static_pages/index.html.orb within layouts/application (Duration: 54.7ms | GC: 7.8ms)
  Rendered layout layouts/application.html.erb (Duration: 55.6ms | GC: 7.8ms)
Completed 200 OK in 57ms (Views: 56.3ms | ActiveRecord: 0.0ms (0 queries, 0 cached) | GC: 7.8ms)


Started GET "/.well-known/appspecific/com.chrome.devtools.json" for ::1 at 2025-12-01 16:32:33 +0100
  
ActionController::RoutingError (No route matches [GET] "/.well-known/appspecific/com.chrome.devtools.json"):
  
Started GET "/" for ::1 at 2025-12-01 16:33:25 +0100
Processing by StaticPagesController#index as HTML
  Rendering layout layouts/application.html.erb
  Rendering static_pages/index.html.orb within layouts/application
  Rendered static_pages/index.html.orb within layouts/application (Duration: 59.6ms | GC: 7.7ms)
  Rendered layout layouts/application.html.erb (Duration: 60.6ms | GC: 7.8ms)
Completed 200 OK in 63ms (Views: 61.6ms | ActiveRecord: 0.0ms (0 queries, 0 cached) | GC: 7.9ms)


Started GET "/.well-known/appspecific/com.chrome.devtools.json" for ::1 at 2025-12-01 16:33:25 +0100
  
ActionController::RoutingError (No route matches [GET] "/.well-known/appspecific/com.chrome.devtools.json"):
  
Started GET "/" for ::1 at 2025-12-01 16:33:32 +0100
Processing by StaticPagesController#index as HTML
  Rendering layout layouts/application.html.erb
  Rendering static_pages/index.html.orb within layouts/application
  Rendered static_pages/index.html.orb within layouts/application (Duration: 73.8ms | GC: 27.6ms)
  Rendered layout layouts/application.html.erb (Duration: 75.0ms | GC: 27.6ms)
Completed 200 OK in 77ms (Views: 76.0ms | ActiveRecord: 0.0ms (0 queries, 0 cached) | GC: 28.0ms)


Started GET "/.well-known/appspecific/com.chrome.devtools.json" for ::1 at 2025-12-01 16:33:32 +0100
  
ActionController::RoutingError (No route matches [GET] "/.well-known/appspecific/com.chrome.devtools.json"):
  
Started GET "/" for ::1 at 2025-12-01 16:33:41 +0100
Processing by StaticPagesController#index as HTML
  Rendering layout layouts/application.html.erb
  Rendering static_pages/index.html.orb within layouts/application
  Rendered static_pages/index.html.orb within layouts/application (Duration: 52.0ms | GC: 5.9ms)
  Rendered layout layouts/application.html.erb (Duration: 52.9ms | GC: 5.9ms)
Completed 200 OK in 55ms (Views: 54.0ms | ActiveRecord: 0.0ms (0 queries, 0 cached) | GC: 5.9ms)


Started GET "/.well-known/appspecific/com.chrome.devtools.json" for ::1 at 2025-12-01 16:33:41 +0100
  
ActionController::RoutingError (No route matches [GET] "/.well-known/appspecific/com.chrome.devtools.json"):
  
Started GET "/" for ::1 at 2025-12-01 16:33:53 +0100
Processing by StaticPagesController#index as HTML
  Rendering layout layouts/application.html.erb
  Rendering static_pages/index.html.orb within layouts/application
  Rendered static_pages/index.html.orb within layouts/application (Duration: 173.3ms | GC: 8.1ms)
  Rendered layout layouts/application.html.erb (Duration: 174.5ms | GC: 8.1ms)
Completed 200 OK in 177ms (Views: 175.9ms | ActiveRecord: 0.0ms (0 queries, 0 cached) | GC: 8.1ms)


Started GET "/.well-known/appspecific/com.chrome.devtools.json" for ::1 at 2025-12-01 16:33:54 +0100
  
ActionController::RoutingError (No route matches [GET] "/.well-known/appspecific/com.chrome.devtools.json"):
  
Started GET "/" for ::1 at 2025-12-01 16:34:51 +0100
Processing by StaticPagesController#index as HTML
  Rendering layout layouts/application.html.erb
  Rendering static_pages/index.html.orb within layouts/application
  Rendered static_pages/index.html.orb within layouts/application (Duration: 60.7ms | GC: 7.8ms)
  Rendered layout layouts/application.html.erb (Duration: 62.9ms | GC: 7.8ms)
Completed 200 OK in 65ms (Views: 64.1ms | ActiveRecord: 0.0ms (0 queries, 0 cached) | GC: 7.8ms)


Started GET "/.well-known/appspecific/com.chrome.devtools.json" for ::1 at 2025-12-01 16:34:51 +0100
  
ActionController::RoutingError (No route matches [GET] "/.well-known/appspecific/com.chrome.devtools.json"):
  
Started GET "/" for ::1 at 2025-12-01 16:35:52 +0100
Processing by StaticPagesController#index as HTML
  Rendering layout layouts/application.html.erb
  Rendering static_pages/index.html.orb within layouts/application
  Rendered static_pages/index.html.orb within layouts/application (Duration: 52.2ms | GC: 5.0ms)
  Rendered layout layouts/application.html.erb (Duration: 53.7ms | GC: 5.0ms)
Completed 200 OK in 59ms (Views: 54.5ms | ActiveRecord: 0.0ms (0 queries, 0 cached) | GC: 8.1ms)


Started GET "/.well-known/appspecific/com.chrome.devtools.json" for ::1 at 2025-12-01 16:35:53 +0100
  
ActionController::RoutingError (No route matches [GET] "/.well-known/appspecific/com.chrome.devtools.json"):
  
Started GET "/" for ::1 at 2025-12-01 16:36:04 +0100
Processing by StaticPagesController#index as HTML
  Rendering layout layouts/application.html.erb
  Rendering static_pages/index.html.orb within layouts/application
  Rendered static_pages/index.html.orb within layouts/application (Duration: 55.1ms | GC: 5.9ms)
  Rendered layout layouts/application.html.erb (Duration: 56.1ms | GC: 5.9ms)
Completed 200 OK in 58ms (Views: 56.9ms | ActiveRecord: 0.0ms (0 queries, 0 cached) | GC: 5.9ms)


Started GET "/.well-known/appspecific/com.chrome.devtools.json" for ::1 at 2025-12-01 16:36:04 +0100
  
ActionController::RoutingError (No route matches [GET] "/.well-known/appspecific/com.chrome.devtools.json"):
  
Started GET "/" for ::1 at 2025-12-01 16:36:13 +0100
Processing by StaticPagesController#index as HTML
  Rendering layout layouts/application.html.erb
  Rendering static_pages/index.html.orb within layouts/application
  Rendered static_pages/index.html.orb within layouts/application (Duration: 68.2ms | GC: 18.5ms)
  Rendered layout layouts/application.html.erb (Duration: 69.2ms | GC: 18.5ms)
Completed 200 OK in 72ms (Views: 70.9ms | ActiveRecord: 0.0ms (0 queries, 0 cached) | GC: 19.6ms)


Started GET "/.well-known/appspecific/com.chrome.devtools.json" for ::1 at 2025-12-01 16:36:13 +0100
  
ActionController::RoutingError (No route matches [GET] "/.well-known/appspecific/com.chrome.devtools.json"):
  
Started GET "/" for ::1 at 2025-12-01 16:36:39 +0100
Processing by StaticPagesController#index as HTML
  Rendering layout layouts/application.html.erb
  Rendering static_pages/index.html.orb within layouts/application
  Rendered static_pages/index.html.orb within layouts/application (Duration: 56.3ms | GC: 6.0ms)
  Rendered layout layouts/application.html.erb (Duration: 57.1ms | GC: 6.0ms)
Completed 200 OK in 59ms (Views: 58.3ms | ActiveRecord: 0.0ms (0 queries, 0 cached) | GC: 6.0ms)


Started GET "/.well-known/appspecific/com.chrome.devtools.json" for ::1 at 2025-12-01 16:36:39 +0100
  
ActionController::RoutingError (No route matches [GET] "/.well-known/appspecific/com.chrome.devtools.json"):
  
Started GET "/" for ::1 at 2025-12-01 16:36:48 +0100
Processing by StaticPagesController#index as HTML
  Rendering layout layouts/application.html.erb
  Rendering static_pages/index.html.orb within layouts/application
  Rendered static_pages/index.html.orb within layouts/application (Duration: 53.6ms | GC: 6.4ms)
  Rendered layout layouts/application.html.erb (Duration: 54.4ms | GC: 6.4ms)
Completed 200 OK in 56ms (Views: 55.2ms | ActiveRecord: 0.0ms (0 queries, 0 cached) | GC: 6.4ms)


Started GET "/.well-known/appspecific/com.chrome.devtools.json" for ::1 at 2025-12-01 16:36:48 +0100
  
ActionController::RoutingError (No route matches [GET] "/.well-known/appspecific/com.chrome.devtools.json"):
  
Started GET "/" for ::1 at 2025-12-01 16:36:58 +0100
Processing by StaticPagesController#index as HTML
  Rendering layout layouts/application.html.erb
  Rendering static_pages/index.html.orb within layouts/application
  Rendered static_pages/index.html.orb within layouts/application (Duration: 56.4ms | GC: 5.1ms)
  Rendered layout layouts/application.html.erb (Duration: 59.2ms | GC: 5.3ms)
Completed 200 OK in 62ms (Views: 60.7ms | ActiveRecord: 0.0ms (0 queries, 0 cached) | GC: 5.8ms)


Started GET "/.well-known/appspecific/com.chrome.devtools.json" for ::1 at 2025-12-01 16:36:58 +0100
  
ActionController::RoutingError (No route matches [GET] "/.well-known/appspecific/com.chrome.devtools.json"):
  
Started GET "/" for ::1 at 2025-12-01 16:37:04 +0100
Processing by StaticPagesController#index as HTML
  Rendering layout layouts/application.html.erb
  Rendering static_pages/index.html.orb within layouts/application
  Rendered static_pages/index.html.orb within layouts/application (Duration: 66.3ms | GC: 18.3ms)
  Rendered layout layouts/application.html.erb (Duration: 67.2ms | GC: 18.3ms)
Completed 200 OK in 70ms (Views: 68.6ms | ActiveRecord: 0.0ms (0 queries, 0 cached) | GC: 19.0ms)


Started GET "/.well-known/appspecific/com.chrome.devtools.json" for ::1 at 2025-12-01 16:37:04 +0100
  
ActionController::RoutingError (No route matches [GET] "/.well-known/appspecific/com.chrome.devtools.json"):
  
Started GET "/" for ::1 at 2025-12-01 16:37:20 +0100
Processing by StaticPagesController#index as HTML
  Rendering layout layouts/application.html.erb
  Rendering static_pages/index.html.orb within layouts/application
  Rendered static_pages/index.html.orb within layouts/application (Duration: 51.7ms | GC: 5.8ms)
  Rendered layout layouts/application.html.erb (Duration: 52.6ms | GC: 5.8ms)
Completed 200 OK in 55ms (Views: 53.5ms | ActiveRecord: 0.0ms (0 queries, 0 cached) | GC: 5.8ms)


Started GET "/.well-known/appspecific/com.chrome.devtools.json" for ::1 at 2025-12-01 16:37:21 +0100
  
ActionController::RoutingError (No route matches [GET] "/.well-known/appspecific/com.chrome.devtools.json"):
  
Started GET "/" for ::1 at 2025-12-01 16:37:41 +0100
Processing by StaticPagesController#index as HTML
  Rendering layout layouts/application.html.erb
  Rendering static_pages/index.html.orb within layouts/application
  Rendered static_pages/index.html.orb within layouts/application (Duration: 56.0ms | GC: 6.0ms)
  Rendered layout layouts/application.html.erb (Duration: 56.9ms | GC: 6.0ms)
Completed 200 OK in 60ms (Views: 57.9ms | ActiveRecord: 0.0ms (0 queries, 0 cached) | GC: 6.3ms)


Started GET "/.well-known/appspecific/com.chrome.devtools.json" for ::1 at 2025-12-01 16:37:42 +0100
  
ActionController::RoutingError (No route matches [GET] "/.well-known/appspecific/com.chrome.devtools.json"):
  
Started GET "/" for ::1 at 2025-12-01 16:38:14 +0100
Processing by StaticPagesController#index as HTML
  Rendering layout layouts/application.html.erb
  Rendering static_pages/index.html.orb within layouts/application
  Rendered static_pages/index.html.orb within layouts/application (Duration: 64.1ms | GC: 6.5ms)
  Rendered layout layouts/application.html.erb (Duration: 66.6ms | GC: 6.5ms)
Completed 200 OK in 69ms (Views: 67.8ms | ActiveRecord: 0.0ms (0 queries, 0 cached) | GC: 6.5ms)


Started GET "/.well-known/appspecific/com.chrome.devtools.json" for ::1 at 2025-12-01 16:38:14 +0100
  
ActionController::RoutingError (No route matches [GET] "/.well-known/appspecific/com.chrome.devtools.json"):
  
Started GET "/" for ::1 at 2025-12-01 16:38:27 +0100
Processing by StaticPagesController#index as HTML
  Rendering layout layouts/application.html.erb
  Rendering static_pages/index.html.orb within layouts/application
  Rendered static_pages/index.html.orb within layouts/application (Duration: 54.9ms | GC: 6.6ms)
  Rendered layout layouts/application.html.erb (Duration: 56.4ms | GC: 6.6ms)
Completed 200 OK in 58ms (Views: 57.2ms | ActiveRecord: 0.0ms (0 queries, 0 cached) | GC: 6.6ms)


Started GET "/.well-known/appspecific/com.chrome.devtools.json" for ::1 at 2025-12-01 16:38:27 +0100
  
ActionController::RoutingError (No route matches [GET] "/.well-known/appspecific/com.chrome.devtools.json"):
  
Started GET "/" for ::1 at 2025-12-01 16:38:37 +0100
Processing by StaticPagesController#index as HTML
  Rendering layout layouts/application.html.erb
  Rendering static_pages/index.html.orb within layouts/application
  Rendered static_pages/index.html.orb within layouts/application (Duration: 64.3ms | GC: 6.3ms)
  Rendered layout layouts/application.html.erb (Duration: 65.5ms | GC: 6.8ms)
Completed 200 OK in 68ms (Views: 66.7ms | ActiveRecord: 0.0ms (0 queries, 0 cached) | GC: 7.2ms)


Started GET "/.well-known/appspecific/com.chrome.devtools.json" for ::1 at 2025-12-01 16:38:37 +0100
  
ActionController::RoutingError (No route matches [GET] "/.well-known/appspecific/com.chrome.devtools.json"):
  
Started GET "/" for ::1 at 2025-12-01 16:38:44 +0100
Processing by StaticPagesController#index as HTML
  Rendering layout layouts/application.html.erb
  Rendering static_pages/index.html.orb within layouts/application
  Rendered static_pages/index.html.orb within layouts/application (Duration: 57.2ms | GC: 6.7ms)
  Rendered layout layouts/application.html.erb (Duration: 58.2ms | GC: 6.9ms)
Completed 200 OK in 60ms (Views: 59.4ms | ActiveRecord: 0.0ms (0 queries, 0 cached) | GC: 6.9ms)


Started GET "/.well-known/appspecific/com.chrome.devtools.json" for ::1 at 2025-12-01 16:38:44 +0100
  
ActionController::RoutingError (No route matches [GET] "/.well-known/appspecific/com.chrome.devtools.json"):
  
Started GET "/" for ::1 at 2025-12-01 16:38:50 +0100
Processing by StaticPagesController#index as HTML
  Rendering layout layouts/application.html.erb
  Rendering static_pages/index.html.orb within layouts/application
  Rendered static_pages/index.html.orb within layouts/application (Duration: 55.3ms | GC: 6.3ms)
  Rendered layout layouts/application.html.erb (Duration: 56.5ms | GC: 6.4ms)
Completed 200 OK in 58ms (Views: 57.3ms | ActiveRecord: 0.0ms (0 queries, 0 cached) | GC: 6.4ms)


Started GET "/.well-known/appspecific/com.chrome.devtools.json" for ::1 at 2025-12-01 16:38:50 +0100
  
ActionController::RoutingError (No route matches [GET] "/.well-known/appspecific/com.chrome.devtools.json"):
  
Started GET "/" for ::1 at 2025-12-01 16:39:07 +0100
Processing by StaticPagesController#index as HTML
  Rendering layout layouts/application.html.erb
  Rendering static_pages/index.html.orb within layouts/application
  Rendered static_pages/index.html.orb within layouts/application (Duration: 57.1ms | GC: 7.8ms)
  Rendered layout layouts/application.html.erb (Duration: 57.9ms | GC: 7.8ms)
Completed 200 OK in 59ms (Views: 58.6ms | ActiveRecord: 0.0ms (0 queries, 0 cached) | GC: 7.8ms)


Started GET "/.well-known/appspecific/com.chrome.devtools.json" for ::1 at 2025-12-01 16:39:07 +0100
  
ActionController::RoutingError (No route matches [GET] "/.well-known/appspecific/com.chrome.devtools.json"):
  
Started GET "/" for ::1 at 2025-12-01 16:39:19 +0100
Processing by StaticPagesController#index as HTML
  Rendering layout layouts/application.html.erb
  Rendering static_pages/index.html.orb within layouts/application
  Rendered static_pages/index.html.orb within layouts/application (Duration: 61.4ms | GC: 8.7ms)
  Rendered layout layouts/application.html.erb (Duration: 62.4ms | GC: 8.8ms)
Completed 200 OK in 64ms (Views: 63.2ms | ActiveRecord: 0.0ms (0 queries, 0 cached) | GC: 9.0ms)


Started GET "/.well-known/appspecific/com.chrome.devtools.json" for ::1 at 2025-12-01 16:39:19 +0100
  
ActionController::RoutingError (No route matches [GET] "/.well-known/appspecific/com.chrome.devtools.json"):
  
Started GET "/" for ::1 at 2025-12-01 16:40:00 +0100
Processing by StaticPagesController#index as HTML
  Rendering layout layouts/application.html.erb
  Rendering static_pages/index.html.orb within layouts/application
  Rendered static_pages/index.html.orb within layouts/application (Duration: 56.7ms | GC: 6.8ms)
  Rendered layout layouts/application.html.erb (Duration: 57.6ms | GC: 6.8ms)
Completed 200 OK in 59ms (Views: 58.4ms | ActiveRecord: 0.0ms (0 queries, 0 cached) | GC: 6.9ms)


Started GET "/.well-known/appspecific/com.chrome.devtools.json" for ::1 at 2025-12-01 16:40:00 +0100
  
ActionController::RoutingError (No route matches [GET] "/.well-known/appspecific/com.chrome.devtools.json"):
  
Started GET "/" for ::1 at 2025-12-01 16:40:10 +0100
Processing by StaticPagesController#index as HTML
  Rendering layout layouts/application.html.erb
  Rendering static_pages/index.html.orb within layouts/application
  Rendered static_pages/index.html.orb within layouts/application (Duration: 55.9ms | GC: 6.5ms)
  Rendered layout layouts/application.html.erb (Duration: 57.1ms | GC: 6.5ms)
Completed 200 OK in 59ms (Views: 57.9ms | ActiveRecord: 0.0ms (0 queries, 0 cached) | GC: 6.5ms)


Started GET "/.well-known/appspecific/com.chrome.devtools.json" for ::1 at 2025-12-01 16:40:10 +0100
  
ActionController::RoutingError (No route matches [GET] "/.well-known/appspecific/com.chrome.devtools.json"):
  
Started GET "/" for ::1 at 2025-12-01 16:40:13 +0100
Processing by StaticPagesController#index as HTML
  Rendering layout layouts/application.html.erb
  Rendering static_pages/index.html.orb within layouts/application
  Rendered static_pages/index.html.orb within layouts/application (Duration: 57.6ms | GC: 7.0ms)
  Rendered layout layouts/application.html.erb (Duration: 58.4ms | GC: 7.0ms)
Completed 200 OK in 60ms (Views: 59.5ms | ActiveRecord: 0.0ms (0 queries, 0 cached) | GC: 7.0ms)


Started GET "/.well-known/appspecific/com.chrome.devtools.json" for ::1 at 2025-12-01 16:40:13 +0100
  
ActionController::RoutingError (No route matches [GET] "/.well-known/appspecific/com.chrome.devtools.json"):
  
Started GET "/" for ::1 at 2025-12-01 16:41:05 +0100
Processing by StaticPagesController#index as HTML
  Rendering layout layouts/application.html.erb
  Rendering static_pages/index.html.orb within layouts/application
  Rendered static_pages/index.html.orb within layouts/application (Duration: 60.1ms | GC: 7.5ms)
  Rendered layout layouts/application.html.erb (Duration: 61.1ms | GC: 7.5ms)
Completed 200 OK in 63ms (Views: 62.1ms | ActiveRecord: 0.0ms (0 queries, 0 cached) | GC: 7.5ms)


Started GET "/.well-known/appspecific/com.chrome.devtools.json" for ::1 at 2025-12-01 16:41:05 +0100
  
ActionController::RoutingError (No route matches [GET] "/.well-known/appspecific/com.chrome.devtools.json"):
  
Started GET "/" for ::1 at 2025-12-01 16:41:12 +0100
Processing by StaticPagesController#index as HTML
  Rendering layout layouts/application.html.erb
  Rendering static_pages/index.html.orb within layouts/application
  Rendered static_pages/index.html.orb within layouts/application (Duration: 59.3ms | GC: 7.7ms)
  Rendered layout layouts/application.html.erb (Duration: 60.1ms | GC: 7.7ms)
Completed 200 OK in 62ms (Views: 60.9ms | ActiveRecord: 0.0ms (0 queries, 0 cached) | GC: 7.7ms)


Started GET "/.well-known/appspecific/com.chrome.devtools.json" for ::1 at 2025-12-01 16:41:12 +0100
  
ActionController::RoutingError (No route matches [GET] "/.well-known/appspecific/com.chrome.devtools.json"):
  
Started GET "/" for ::1 at 2025-12-01 16:41:26 +0100
Processing by StaticPagesController#index as HTML
  Rendering layout layouts/application.html.erb
  Rendering static_pages/index.html.orb within layouts/application
  Rendered static_pages/index.html.orb within layouts/application (Duration: 59.7ms | GC: 7.9ms)
  Rendered layout layouts/application.html.erb (Duration: 61.9ms | GC: 7.9ms)
Completed 200 OK in 64ms (Views: 62.8ms | ActiveRecord: 0.0ms (0 queries, 0 cached) | GC: 8.1ms)


Started GET "/.well-known/appspecific/com.chrome.devtools.json" for ::1 at 2025-12-01 16:41:26 +0100
  
ActionController::RoutingError (No route matches [GET] "/.well-known/appspecific/com.chrome.devtools.json"):
  
Started GET "/" for ::1 at 2025-12-01 16:42:35 +0100
Processing by StaticPagesController#index as HTML
  Rendering layout layouts/application.html.erb
  Rendering static_pages/index.html.orb within layouts/application
  Rendered static_pages/index.html.orb within layouts/application (Duration: 55.0ms | GC: 5.6ms)
  Rendered layout layouts/application.html.erb (Duration: 55.9ms | GC: 5.6ms)
Completed 200 OK in 58ms (Views: 56.8ms | ActiveRecord: 0.0ms (0 queries, 0 cached) | GC: 5.6ms)


Started GET "/.well-known/appspecific/com.chrome.devtools.json" for ::1 at 2025-12-01 16:42:35 +0100
  
ActionController::RoutingError (No route matches [GET] "/.well-known/appspecific/com.chrome.devtools.json"):
  
Started GET "/" for ::1 at 2025-12-01 16:42:50 +0100
Processing by StaticPagesController#index as HTML
  Rendering layout layouts/application.html.erb
  Rendering static_pages/index.html.orb within layouts/application
  Rendered static_pages/index.html.orb within layouts/application (Duration: 55.1ms | GC: 5.0ms)
  Rendered layout layouts/application.html.erb (Duration: 57.4ms | GC: 5.0ms)
Completed 200 OK in 59ms (Views: 58.2ms | ActiveRecord: 0.0ms (0 queries, 0 cached) | GC: 5.0ms)


Started GET "/.well-known/appspecific/com.chrome.devtools.json" for ::1 at 2025-12-01 16:42:50 +0100
  
ActionController::RoutingError (No route matches [GET] "/.well-known/appspecific/com.chrome.devtools.json"):
  
Started GET "/" for ::1 at 2025-12-01 16:42:57 +0100
Processing by StaticPagesController#index as HTML
  Rendering layout layouts/application.html.erb
  Rendering static_pages/index.html.orb within layouts/application
  Rendered static_pages/index.html.orb within layouts/application (Duration: 61.8ms | GC: 8.5ms)
  Rendered layout layouts/application.html.erb (Duration: 62.8ms | GC: 8.5ms)
Completed 200 OK in 65ms (Views: 63.7ms | ActiveRecord: 0.0ms (0 queries, 0 cached) | GC: 8.5ms)


Started GET "/.well-known/appspecific/com.chrome.devtools.json" for ::1 at 2025-12-01 16:42:57 +0100
  
ActionController::RoutingError (No route matches [GET] "/.well-known/appspecific/com.chrome.devtools.json"):
  
Started GET "/" for ::1 at 2025-12-01 16:43:57 +0100
Processing by StaticPagesController#index as HTML
  Rendering layout layouts/application.html.erb
  Rendering static_pages/index.html.orb within layouts/application
  Rendered static_pages/index.html.orb within layouts/application (Duration: 59.5ms | GC: 4.9ms)
  Rendered layout layouts/application.html.erb (Duration: 61.8ms | GC: 5.0ms)
Completed 200 OK in 64ms (Views: 63.2ms | ActiveRecord: 0.0ms (0 queries, 0 cached) | GC: 5.0ms)


Started GET "/.well-known/appspecific/com.chrome.devtools.json" for ::1 at 2025-12-01 16:43:58 +0100
  
ActionController::RoutingError (No route matches [GET] "/.well-known/appspecific/com.chrome.devtools.json"):
  
Started GET "/" for ::1 at 2025-12-01 16:44:05 +0100
Processing by StaticPagesController#index as HTML
  Rendering layout layouts/application.html.erb
  Rendering static_pages/index.html.orb within layouts/application
  Rendered static_pages/index.html.orb within layouts/application (Duration: 115.0ms | GC: 26.3ms)
  Rendered layout layouts/application.html.erb (Duration: 117.5ms | GC: 26.3ms)
Completed 200 OK in 125ms (Views: 120.7ms | ActiveRecord: 0.0ms (0 queries, 0 cached) | GC: 27.6ms)


Started GET "/.well-known/appspecific/com.chrome.devtools.json" for ::1 at 2025-12-01 16:44:05 +0100
  
ActionController::RoutingError (No route matches [GET] "/.well-known/appspecific/com.chrome.devtools.json"):
  
Started GET "/" for ::1 at 2025-12-01 16:44:14 +0100
Processing by StaticPagesController#index as HTML
  Rendering layout layouts/application.html.erb
  Rendering static_pages/index.html.orb within layouts/application
  Rendered static_pages/index.html.orb within layouts/application (Duration: 62.3ms | GC: 6.2ms)
  Rendered layout layouts/application.html.erb (Duration: 63.8ms | GC: 6.2ms)
Completed 200 OK in 66ms (Views: 64.7ms | ActiveRecord: 0.0ms (0 queries, 0 cached) | GC: 6.2ms)


Started GET "/.well-known/appspecific/com.chrome.devtools.json" for ::1 at 2025-12-01 16:44:14 +0100
  
ActionController::RoutingError (No route matches [GET] "/.well-known/appspecific/com.chrome.devtools.json"):
  
Started GET "/" for ::1 at 2025-12-01 16:44:21 +0100
Processing by StaticPagesController#index as HTML
  Rendering layout layouts/application.html.erb
  Rendering static_pages/index.html.orb within layouts/application
  Rendered static_pages/index.html.orb within layouts/application (Duration: 76.5ms | GC: 5.8ms)
  Rendered layout layouts/application.html.erb (Duration: 78.1ms | GC: 5.8ms)
Completed 200 OK in 80ms (Views: 78.9ms | ActiveRecord: 0.0ms (0 queries, 0 cached) | GC: 5.8ms)


Started GET "/.well-known/appspecific/com.chrome.devtools.json" for ::1 at 2025-12-01 16:44:22 +0100
  
ActionController::RoutingError (No route matches [GET] "/.well-known/appspecific/com.chrome.devtools.json"):
  
Started GET "/" for ::1 at 2025-12-01 16:44:45 +0100
Processing by StaticPagesController#index as HTML
  Rendering layout layouts/application.html.erb
  Rendering static_pages/index.html.orb within layouts/application
  Rendered static_pages/index.html.orb within layouts/application (Duration: 56.7ms | GC: 6.8ms)
  Rendered layout layouts/application.html.erb (Duration: 57.6ms | GC: 6.9ms)
Completed 200 OK in 59ms (Views: 58.3ms | ActiveRecord: 0.0ms (0 queries, 0 cached) | GC: 6.9ms)


Started GET "/.well-known/appspecific/com.chrome.devtools.json" for ::1 at 2025-12-01 16:44:45 +0100
  
ActionController::RoutingError (No route matches [GET] "/.well-known/appspecific/com.chrome.devtools.json"):
  
Started GET "/" for ::1 at 2025-12-01 16:45:13 +0100
Processing by StaticPagesController#index as HTML
  Rendering layout layouts/application.html.erb
  Rendering static_pages/index.html.orb within layouts/application
  Rendered static_pages/index.html.orb within layouts/application (Duration: 58.6ms | GC: 7.8ms)
  Rendered layout layouts/application.html.erb (Duration: 59.6ms | GC: 7.8ms)
Completed 200 OK in 62ms (Views: 60.6ms | ActiveRecord: 0.0ms (0 queries, 0 cached) | GC: 8.1ms)


Started GET "/.well-known/appspecific/com.chrome.devtools.json" for ::1 at 2025-12-01 16:45:13 +0100
  
ActionController::RoutingError (No route matches [GET] "/.well-known/appspecific/com.chrome.devtools.json"):
  
Started GET "/" for ::1 at 2025-12-01 16:45:23 +0100
Processing by StaticPagesController#index as HTML
  Rendering layout layouts/application.html.erb
  Rendering static_pages/index.html.orb within layouts/application
  Rendered static_pages/index.html.orb within layouts/application (Duration: 62.3ms | GC: 7.7ms)
  Rendered layout layouts/application.html.erb (Duration: 63.2ms | GC: 7.7ms)
Completed 200 OK in 65ms (Views: 64.0ms | ActiveRecord: 0.0ms (0 queries, 0 cached) | GC: 7.8ms)


Started GET "/.well-known/appspecific/com.chrome.devtools.json" for ::1 at 2025-12-01 16:45:23 +0100
  
ActionController::RoutingError (No route matches [GET] "/.well-known/appspecific/com.chrome.devtools.json"):
  
Started GET "/" for ::1 at 2025-12-01 16:45:37 +0100
Processing by StaticPagesController#index as HTML
  Rendering layout layouts/application.html.erb
  Rendering static_pages/index.html.orb within layouts/application
  Rendered static_pages/index.html.orb within layouts/application (Duration: 59.6ms | GC: 7.8ms)
  Rendered layout layouts/application.html.erb (Duration: 60.6ms | GC: 7.8ms)
Completed 200 OK in 62ms (Views: 61.4ms | ActiveRecord: 0.0ms (0 queries, 0 cached) | GC: 7.8ms)


Started GET "/.well-known/appspecific/com.chrome.devtools.json" for ::1 at 2025-12-01 16:45:37 +0100
  
ActionController::RoutingError (No route matches [GET] "/.well-known/appspecific/com.chrome.devtools.json"):
  
Started GET "/" for ::1 at 2025-12-01 16:45:54 +0100
Processing by StaticPagesController#index as HTML
  Rendering layout layouts/application.html.erb
  Rendering static_pages/index.html.orb within layouts/application
  Rendered static_pages/index.html.orb within layouts/application (Duration: 59.2ms | GC: 8.0ms)
  Rendered layout layouts/application.html.erb (Duration: 60.1ms | GC: 8.0ms)
Completed 200 OK in 62ms (Views: 61.5ms | ActiveRecord: 0.0ms (0 queries, 0 cached) | GC: 8.4ms)


Started GET "/.well-known/appspecific/com.chrome.devtools.json" for ::1 at 2025-12-01 16:45:55 +0100
  
ActionController::RoutingError (No route matches [GET] "/.well-known/appspecific/com.chrome.devtools.json"):
  
Started GET "/components" for ::1 at 2025-12-01 16:46:01 +0100
Processing by StaticPagesController#components as HTML
  Rendering layout layouts/application.html.erb
  Rendering static_pages/components.html.orb within layouts/application
  Rendered static_pages/components.html.orb within layouts/application (Duration: 1.0ms | GC: 0.0ms)
  Rendered layout layouts/application.html.erb (Duration: 2.0ms | GC: 0.0ms)
Completed 200 OK in 4ms (Views: 2.5ms | ActiveRecord: 0.0ms (0 queries, 0 cached) | GC: 0.0ms)


Started GET "/" for ::1 at 2025-12-01 16:46:29 +0100
Processing by StaticPagesController#index as HTML
  Rendering layout layouts/application.html.erb
  Rendering static_pages/index.html.orb within layouts/application
  Rendered static_pages/index.html.orb within layouts/application (Duration: 75.7ms | GC: 10.1ms)
  Rendered layout layouts/application.html.erb (Duration: 78.0ms | GC: 10.1ms)
Completed 200 OK in 81ms (Views: 80.1ms | ActiveRecord: 0.0ms (0 queries, 0 cached) | GC: 10.1ms)


Started GET "/.well-known/appspecific/com.chrome.devtools.json" for ::1 at 2025-12-01 16:46:29 +0100
  
ActionController::RoutingError (No route matches [GET] "/.well-known/appspecific/com.chrome.devtools.json"):
  
Started GET "/" for ::1 at 2025-12-01 16:47:06 +0100
Processing by StaticPagesController#index as HTML
  Rendering layout layouts/application.html.erb
  Rendering static_pages/index.html.orb within layouts/application
  Rendered static_pages/index.html.orb within layouts/application (Duration: 90.1ms | GC: 36.6ms)
  Rendered layout layouts/application.html.erb (Duration: 91.0ms | GC: 36.6ms)
Completed 200 OK in 93ms (Views: 91.9ms | ActiveRecord: 0.0ms (0 queries, 0 cached) | GC: 36.6ms)


Started GET "/.well-known/appspecific/com.chrome.devtools.json" for ::1 at 2025-12-01 16:47:06 +0100
  
ActionController::RoutingError (No route matches [GET] "/.well-known/appspecific/com.chrome.devtools.json"):
  
Started GET "/" for ::1 at 2025-12-01 16:47:14 +0100
Processing by StaticPagesController#index as HTML
  Rendering layout layouts/application.html.erb
  Rendering static_pages/index.html.orb within layouts/application
  Rendered static_pages/index.html.orb within layouts/application (Duration: 62.2ms | GC: 8.9ms)
  Rendered layout layouts/application.html.erb (Duration: 63.1ms | GC: 8.9ms)
Completed 200 OK in 65ms (Views: 64.0ms | ActiveRecord: 0.0ms (0 queries, 0 cached) | GC: 9.0ms)


Started GET "/.well-known/appspecific/com.chrome.devtools.json" for ::1 at 2025-12-01 16:47:15 +0100
  
ActionController::RoutingError (No route matches [GET] "/.well-known/appspecific/com.chrome.devtools.json"):
  
Started GET "/" for ::1 at 2025-12-01 16:47:24 +0100
Processing by StaticPagesController#index as HTML
  Rendering layout layouts/application.html.erb
  Rendering static_pages/index.html.orb within layouts/application
  Rendered static_pages/index.html.orb within layouts/application (Duration: 60.4ms | GC: 7.8ms)
  Rendered layout layouts/application.html.erb (Duration: 63.2ms | GC: 7.8ms)
Completed 200 OK in 65ms (Views: 64.0ms | ActiveRecord: 0.0ms (0 queries, 0 cached) | GC: 7.8ms)


Started GET "/.well-known/appspecific/com.chrome.devtools.json" for ::1 at 2025-12-01 16:47:24 +0100
  
ActionController::RoutingError (No route matches [GET] "/.well-known/appspecific/com.chrome.devtools.json"):
  
Started GET "/" for ::1 at 2025-12-01 16:48:01 +0100
Processing by StaticPagesController#index as HTML
  Rendering layout layouts/application.html.erb
  Rendering static_pages/index.html.orb within layouts/application
  Rendered static_pages/index.html.orb within layouts/application (Duration: 59.0ms | GC: 7.9ms)
  Rendered layout layouts/application.html.erb (Duration: 60.0ms | GC: 7.9ms)
Completed 200 OK in 62ms (Views: 60.9ms | ActiveRecord: 0.0ms (0 queries, 0 cached) | GC: 7.9ms)


Started GET "/.well-known/appspecific/com.chrome.devtools.json" for ::1 at 2025-12-01 16:48:01 +0100
  
ActionController::RoutingError (No route matches [GET] "/.well-known/appspecific/com.chrome.devtools.json"):
  
Started GET "/" for ::1 at 2025-12-01 16:48:20 +0100
Processing by StaticPagesController#index as HTML
  Rendering layout layouts/application.html.erb
  Rendering static_pages/index.html.orb within layouts/application
  Rendered static_pages/index.html.orb within layouts/application (Duration: 57.7ms | GC: 8.0ms)
  Rendered layout layouts/application.html.erb (Duration: 58.5ms | GC: 8.0ms)
Completed 200 OK in 60ms (Views: 59.3ms | ActiveRecord: 0.0ms (0 queries, 0 cached) | GC: 8.0ms)


Started GET "/.well-known/appspecific/com.chrome.devtools.json" for ::1 at 2025-12-01 16:48:20 +0100
  
ActionController::RoutingError (No route matches [GET] "/.well-known/appspecific/com.chrome.devtools.json"):
  
Started GET "/" for ::1 at 2025-12-01 16:48:25 +0100
Processing by StaticPagesController#index as HTML
  Rendering layout layouts/application.html.erb
  Rendering static_pages/index.html.orb within layouts/application
  Rendered static_pages/index.html.orb within layouts/application (Duration: 60.4ms | GC: 7.6ms)
  Rendered layout layouts/application.html.erb (Duration: 62.5ms | GC: 7.6ms)
Completed 200 OK in 64ms (Views: 63.3ms | ActiveRecord: 0.0ms (0 queries, 0 cached) | GC: 7.6ms)


Started GET "/.well-known/appspecific/com.chrome.devtools.json" for ::1 at 2025-12-01 16:48:25 +0100
  
ActionController::RoutingError (No route matches [GET] "/.well-known/appspecific/com.chrome.devtools.json"):
  
Started GET "/" for ::1 at 2025-12-01 16:48:32 +0100
Processing by StaticPagesController#index as HTML
  Rendering layout layouts/application.html.erb
  Rendering static_pages/index.html.orb within layouts/application
  Rendered static_pages/index.html.orb within layouts/application (Duration: 59.0ms | GC: 8.2ms)
  Rendered layout layouts/application.html.erb (Duration: 59.9ms | GC: 8.2ms)
Completed 200 OK in 61ms (Views: 60.6ms | ActiveRecord: 0.0ms (0 queries, 0 cached) | GC: 8.2ms)


Started GET "/.well-known/appspecific/com.chrome.devtools.json" for ::1 at 2025-12-01 16:48:32 +0100
  
ActionController::RoutingError (No route matches [GET] "/.well-known/appspecific/com.chrome.devtools.json"):
  
Started GET "/" for ::1 at 2025-12-01 16:48:55 +0100
Processing by StaticPagesController#index as HTML
  Rendering layout layouts/application.html.erb
  Rendering static_pages/index.html.orb within layouts/application
  Rendered static_pages/index.html.orb within layouts/application (Duration: 60.4ms | GC: 9.2ms)
  Rendered layout layouts/application.html.erb (Duration: 61.1ms | GC: 9.2ms)
Completed 200 OK in 63ms (Views: 61.8ms | ActiveRecord: 0.0ms (0 queries, 0 cached) | GC: 9.2ms)


Started GET "/.well-known/appspecific/com.chrome.devtools.json" for ::1 at 2025-12-01 16:48:55 +0100
  
ActionController::RoutingError (No route matches [GET] "/.well-known/appspecific/com.chrome.devtools.json"):
  
Started GET "/components" for ::1 at 2025-12-01 16:49:27 +0100
Processing by StaticPagesController#components as HTML
  Rendering layout layouts/application.html.erb
  Rendering static_pages/components.html.orb within layouts/application
  Rendered static_pages/components.html.orb within layouts/application (Duration: 0.6ms | GC: 0.0ms)
  Rendered layout layouts/application.html.erb (Duration: 1.2ms | GC: 0.0ms)
Completed 200 OK in 2ms (Views: 1.4ms | ActiveRecord: 0.0ms (0 queries, 0 cached) | GC: 0.0ms)


Started GET "/components" for ::1 at 2025-12-01 16:49:30 +0100
Processing by StaticPagesController#components as HTML
  Rendering layout layouts/application.html.erb
  Rendering static_pages/components.html.orb within layouts/application
  Rendered static_pages/components.html.orb within layouts/application (Duration: 0.0ms | GC: 0.0ms)
  Rendered layout layouts/application.html.erb (Duration: 0.8ms | GC: 0.0ms)
Completed 200 OK in 2ms (Views: 1.2ms | ActiveRecord: 0.0ms (0 queries, 0 cached) | GC: 0.0ms)


Started GET "/components" for ::1 at 2025-12-01 16:49:33 +0100
Processing by StaticPagesController#components as HTML
  Rendering layout layouts/application.html.erb
  Rendering static_pages/components.html.orb within layouts/application
  Rendered static_pages/components.html.orb within layouts/application (Duration: 0.0ms | GC: 0.0ms)
  Rendered layout layouts/application.html.erb (Duration: 1.1ms | GC: 0.5ms)
Completed 200 OK in 2ms (Views: 1.3ms | ActiveRecord: 0.0ms (0 queries, 0 cached) | GC: 0.5ms)


Started GET "/components" for ::1 at 2025-12-01 16:49:37 +0100
Processing by StaticPagesController#components as HTML
  Rendering layout layouts/application.html.erb
  Rendering static_pages/components.html.orb within layouts/application
  Rendered static_pages/components.html.orb within layouts/application (Duration: 0.1ms | GC: 0.0ms)
  Rendered layout layouts/application.html.erb (Duration: 1.1ms | GC: 0.0ms)
Completed 200 OK in 3ms (Views: 1.8ms | ActiveRecord: 0.0ms (0 queries, 0 cached) | GC: 0.0ms)


Started GET "/" for ::1 at 2025-12-01 16:49:46 +0100
Processing by StaticPagesController#index as HTML
  Rendering layout layouts/application.html.erb
  Rendering static_pages/index.html.orb within layouts/application
  Rendered static_pages/index.html.orb within layouts/application (Duration: 74.5ms | GC: 23.0ms)
  Rendered layout layouts/application.html.erb (Duration: 75.4ms | GC: 23.0ms)
Completed 200 OK in 78ms (Views: 77.0ms | ActiveRecord: 0.0ms (0 queries, 0 cached) | GC: 24.0ms)


Started GET "/.well-known/appspecific/com.chrome.devtools.json" for ::1 at 2025-12-01 16:49:46 +0100
  
ActionController::RoutingError (No route matches [GET] "/.well-known/appspecific/com.chrome.devtools.json"):
  
Started GET "/components" for ::1 at 2025-12-01 16:49:48 +0100
Processing by StaticPagesController#components as HTML
  Rendering layout layouts/application.html.erb
  Rendering static_pages/components.html.orb within layouts/application
  Rendered static_pages/components.html.orb within layouts/application (Duration: 1.0ms | GC: 0.0ms)
  Rendered layout layouts/application.html.erb (Duration: 2.0ms | GC: 0.2ms)
Completed 200 OK in 3ms (Views: 2.4ms | ActiveRecord: 0.0ms (0 queries, 0 cached) | GC: 0.2ms)


Started GET "/" for ::1 at 2025-12-01 16:50:06 +0100
Processing by StaticPagesController#index as HTML
  Rendering layout layouts/application.html.erb
  Rendering static_pages/index.html.orb within layouts/application
  Rendered static_pages/index.html.orb within layouts/application (Duration: 56.4ms | GC: 6.7ms)
  Rendered layout layouts/application.html.erb (Duration: 57.3ms | GC: 6.7ms)
Completed 200 OK in 59ms (Views: 58.0ms | ActiveRecord: 0.0ms (0 queries, 0 cached) | GC: 6.7ms)


Started GET "/.well-known/appspecific/com.chrome.devtools.json" for ::1 at 2025-12-01 16:50:07 +0100
  
ActionController::RoutingError (No route matches [GET] "/.well-known/appspecific/com.chrome.devtools.json"):
  
